decision,step_count,x,z,angle,speed,d,phi,v,tile,d_stop,sigma_stop,duck_threat,hold_steps,duck_x,duck_z,duck_vel,duck_active,crossings,action,wheel_l,wheel_r,r_progress,r_lateral,r_heading,r_time,r_pedestrian,r_stagnation,r_stop_approach,r_steering,r_events,r_total,cumulative_return,terminated,truncated,reason
1,6,0.5024414683906209,0.390097048802869,0.4604296696307755,0.031166666994492078,-0.030626158043509752,-0.1355492350005987,0.031166666994492078,0,,false,0,0,0.9477,0.8775,0.02,false,0,SLOW_STRAIGHT,0.17000000178813934,0.17000000178813934,0.03088078326277927,-0.0018759231130120741,-0.009186797554623767,-0.01,0.0,0.0,0.0,0.0,0.0,0.009818062595143428,0.009818062595143428,false,false,in_progress
2,12,0.5136828312500046,0.3845215124221375,0.4604296696307755,0.07827806080850441,-0.03301653454687127,-0.21372587883057384,0.07827806080850441,0,,false,1,0,0.9477,0.8775,0.02,false,0,SLOW_STRAIGHT,0.17000000178813934,0.17000000178813934,0.07649703387605039,-0.002180183106969488,-0.022839375640950565,-0.01,0.0,0.0,0.0,0.0,0.0,0.04147747512813033,0.05129553772327376,false,false,in_progress
3,18,0.5296026649208273,0.37662552926447446,0.4604296696307755,0.09405557127541138,-0.03742664976666354,-0.28523294929639237,0.09405557127541138,0,,false,1,0,0.9477,0.8775,0.02,false,0,SLOW_STRAIGHT,0.17000000178813934,0.17000000178813934,0.09025536231268791,-0.002801508225512992,-0.04067891768215917,-0.01,0.0,0.0,0.0,0.0,0.0,0.036774936405015744,0.0880704741282895,false,false,in_progress
4,24,0.5470983864468087,0.3679708407014741,0.45311966976746876,0.09933933382481826,-0.04352270080338826,-0.34293863903377053,0.09933933382481826,0,,false,1,0,0.9477,0.8775,0.02,false,0,SLOW_RIGHT,0.24650000035762787,0.09350000321865082,0.09355486383400818,-0.003788450970442507,-0.05880345507116738,-0.01,0.0,0.0,0.0,0.0,0.0,0.020962957792398297,0.10903343192068779,false,false,in_progress
5,30,0.5654014607135137,0.3596592283140412,0.392175314535959,0.10110826428295908,-0.0503406660359452,-0.3408856343982502,0.10110826428295908,0,,false,1,0,0.9477,0.8775,0.02,false,0,SLOW_RIGHT,0.24650000035762787,0.09350000321865082,0.0952903884107287,-0.005068365313885132,-0.05810150786954875,-0.01,0.0,0.0,0.0,0.0,0.0,0.022120515227294822,0.13115394714798262,false,false,in_progress
6,36,0.5844808855546643,0.35274377360231934,0.30022560727703096,0.10170044000425948,-0.05675646280934717,-0.2982686626127347,0.10170044000425948,0,,false,1,0,0.9477,0.8775,0.02,false,0,SLOW_RIGHT,0.24650000035762787,0.09350000321865082,0.09721003019324365,-0.006442592141257618,-0.04448209754839468,-0.01,0.0,0.0,0.0,0.0,0.0,0.03628534050359135,0.16743928765157395,false,false,in_progress
7,42,0.6042139334749413,0.34774017644118427,0.1951372959279752,0.10189868664329008,-0.06175982355881565,-0.1951372959279758,0.10189868664329008,0,,false,1,0,0.9477,0.8775,0.02,false,0,SLOW_RIGHT,0.24650000035762787,0.09350000321865082,0.09996475727230893,-0.007628551612032082,-0.0190392821310412,-0.01,0.0,0.0,0.0,0.0,0.0,0.06329692352923565,0.23073621118080961,false,false,in_progress
8,48,0.6243928205836117,0.34489477018241765,0.08448146458158265,0.1019650537859076,-0.06460522981758227,-0.084481464581583,0.1019650537859076,0,,false,1,0,0.9477,0.8775,0.02,false,0,SLOW_RIGHT,0.24650000035762787,0.09350000321865082,0.1016014018455494,-0.008347671439565241,-0.003568558928924631,-0.01,0.0,0.0,0.0,0.0,0.0,0.07968517147705953,0.3104213826578691,false,false,in_progress
9,54,0.6447706511981411,0.3442649041285337,-0.014548285764837311,0.10198815477388196,-0.06523509587146625,0.014548285764839014,0.10198815477388196,0,,false,1,0,0.9477,0.8775,0.02,false,0,SLOW_STRAIGHT,0.17000000178813934,0.17000000178813934,0.10197736193422813,-0.008511235466718788,-0.00010582630934770876,-0.01,0.0,0.0,0.0,0.0,0.0,0.08336030015816165,0.39378168281603076,false,false,in_progress
10,60,0.6694334434498466,0.3453239669770347,-0.060444667890689745,0.16266273003066622,-0.06417603302296526,0.06044466789068954,0.16266273003066622,0,,false,1,0,0.9477,0.8775,0.02,false,0,FAST_STRAIGHT,0.4099999964237213,0.4099999964237213,0.16236567164127405,-0.008237126429129455,-0.0018267789382078773,-0.01,0.0,0.0,0.0,0.0,0.0,0.1423017662739367,0.5360834490899675,false,false,in_progress
11,66,0.7092916519989194,0.3481945932841224,-0.07989338736942807,0.21809053268116382,-0.061305406715877586,0.07989338736942739,0.21809053268116382,0,,false,2,0,0.9477,0.8775,0.02,false,0,FAST_STRAIGHT,0.4099999964237213,0.4099999964237213,0.21739487198251908,-0.007516705785198337,-0.0031914766726806897,-0.01,0.0,0.0,0.0,0.0,0.0,0.19668668952464005,0.7327701386146076,false,false,in_progress
12,72,0.7552327473907499,0.3520918264023376,-0.08813483629944283,0.23665318059873638,-0.057408173597662315,0.08813483629944263,0.23665318059873638,0,,false,2,0,0.9477,0.8775,0.02,false,0,FAST_STRAIGHT,0.4099999964237213,0.4099999964237213,0.23573464411263945,-0.0065913967916386654,-0.003883874684764775,-0.01,0.0,0.0,0.0,0.0,0.0,0.21525937263623598,0.9480295112508436,false,false,in_progress
13,78,0.8009439113328582,0.3562202276853874,-0.09162717318775541,0.1988697702277215,-0.05327977231461256,0.09162717318775597,0.1988697702277215,0,,false,2,0,0.9477,0.8775,0.02,false,0,SLOW_STRAIGHT,0.17000000178813934,0.17000000178813934,0.1980355446779099,-0.00567746827579391,-0.004197769433189513,-0.01,0.0,0.0,0.0,0.0,0.0,0.17816030696892649,1.12618981821977,false,false,in_progress
14,84,0.8319490554667844,0.3590940448679605,-0.09310706064990426,0.13444149104050757,-0.05040595513203944,0.09310706064990469,0.13444149104050757,0,,false,2,0,0.9477,0.8775,0.02,false,0,SLOW_STRAIGHT,0.17000000178813934,0.17000000178813934,0.13385918030616037,-0.005081520625546346,-0.004334462371432516,-0.01,0.0,0.0,0.0,0.0,0.0,0.11444319730918151,1.2406330155289516,false,false,in_progress
15,90,0.8558404912821252,0.3613333542819761,-0.09373416707481835,0.11286459045245362,-0.04816664571802387,0.09373416707481856,0.11286459045245362,0,,false,2,0,0.9477,0.8775,0.02,false,0,SLOW_STRAIGHT,0.17000000178813934,0.17000000178813934,0.11236913391766495,-0.004640051519451255,-0.004393047038605,-0.01,0.0,0.0,0.0,0.0,0.0,0.0933360353596087,1.3339690508885602,false,false,in_progress
16,96,0.877349692182291,0.3633586781767677,-0.09399990516519822,0.10563853007751416,-0.04614132182323227,0.09399990516519807,0.10563853007751416,2,,false,2,0,0.9477,0.8775,0.02,false,0,SLOW_STRAIGHT,0.17000000178813934,0.17000000178813934,0.1051721635456402,-0.004258043159190181,-0.004417991085533116,-0.01,0.0,0.0,0.0,0.0,0.0,0.08649612930091691,1.4204651801894772,false,false,in_progress
17,102,0.898061058555258,0.3653126333230061,-0.09411251241952256,0.10321853707526028,-0.044187366676993856,0.094112512419522,0.10321853707526028,2,,false,2,0,0.9477,0.8775,0.02,false,0,SLOW_STRAIGHT,0.17000000178813934,0.17000000178813934,0.10276176256190253,-0.003905046747694214,-0.004428582496957341,-0.01,0.0,0.0,0.0,0.0,0.0,0.08442813331725099,1.5048933135067282,false,false,in_progress
18,108,0.9185052074006712,0.3672429434497808,-0.09416023005649489,0.10240808631470004,-0.04225705655021916,0.0941602300564947,0.10240808631470004,2,,false,2,0,0.9477,0.8775,0.02,false,0,SLOW_STRAIGHT,0.17000000178813934,0.17000000178813934,0.10195443896659144,-0.0035713176565768407,-0.004433074462146003,-0.01,0.0,0.0,0.0,0.0,0.0,0.08395004684786861,1.5888433603545968,false,false,in_progress
19,114,0.9388598535920861,0.36916546213362245,-0.09418045053777642,0.10213666799469927,-0.04033453786637753,0.09418045053777632,0.10213666799469927,2,,false,2,0,0.9477,0.8775,0.02,false,0,SLOW_STRAIGHT,0.17000000178813934,0.17000000178813934,0.10168402877726943,-0.0032537498897884853,-0.004434978631749266,-0.01,0.0,0.0,0.0,0.0,0.0,0.08399530025573168,1.6728386606103285,false,false,in_progress
20,120,0.9591845201780437,0.3710854280375835,-0.0941890190229152,0.10204577054848347,-0.03841457196241649,0.0941890190229157,0.10204577054848347,2,,false,0,0,0.9477,0.8775,0.02,false,0,SLOW_STRAIGHT,0.17000000178813934,0.17000000178813934,0.10159345193006877,-0.00295135867811135,-0.004435785652249587,-0.01,0.0,0.0,0.0,0.0,0.0,0.08420630759970785,1.7570449682100364,false,false,in_progress
21,126,0.979499144354166,0.3730045633642447,-0.09419264994230586,0.10201532917765734,-0.03649543663575533,0.09419264994230603,0.10201532917765734,2,,false,0,0,0.9477,0.8775,0.02,false,0,SLOW_STRAIGHT,0.17000000178813934,0.17000000178813934,0.10156311065323183,-0.0026638337904688644,-0.004436127651576902,-0.01,0.0,0.0,0.0,0.0,0.0,0.08446314921118607,1.8415081174212224,false,false,in_progress
22,132,0.999810404367878,0.37492343090046854,-0.09419418855448851,0.10200513442415787,-0.03457656909953144,0.09419418855448901,0.10200513442415787,2,,false,0,0,0.9477,0.8775,0.02,false,0,SLOW_STRAIGHT,0.17000000178813934,0.17000000178813934,0.10155294633007092,-0.0023910782613893447,-0.0044362725787193144,-0.01,0.0,0.0,0.0,0.0,0.0,0.08472559548996227,1.9262337129111846,false,false,in_progress
23,138,1.0201205373144187,0.37684221315710276,-0.09419484054567692,0.10200172022183832,-0.032657786842897274,0.09419484054567738,0.10200172022183832,2,,false,0,0,0.9477,0.8775,0.02,false,0,SLOW_STRAIGHT,0.17000000178813934,0.17000000178813934,0.10154954100781433,-0.0021330620829522287,-0.004436333992712794,-0.01,0.0,0.0,0.0,0.0,0.0,0.08498014493214931,2.011213857843334,false,false,in_progress
24,144,1.040430292632909,0.3787609687117346,-0.09419511682875498,0.10200057681239356,-0.030739031288265384,0.09419511682875482,0.10200057681239356,2,,false,0,0,0.9477,0.8775,0.02,false,0,SLOW_STRAIGHT,0.17000000178813934,0.17000000178813934,0.10154840001657817,-0.0018897760890819165,-0.004436360017191385,-0.01,0.0,0.0,0.0,0.0,0.0,0.08522226391030487,2.096436121753639,false,false,in_progress
25,150,1.0607399214102826,0.38067971610980056,-0.09419523390447712,0.10200019388687809,-0.028820283890199416,0.09419523390447672,0.10200019388687809,2,,false,0,0,0.9477,0.8775,0.02,false,0,SLOW_STRAIGHT,0.17000000178813934,0.17000000178813934,0.10154801766541022,-0.001661217527023376,-0.00443637104515954,-0.01,0.0,0.0,0.0,0.0,0.0,0.08545042909322731,2.1818865508468663,false,false,in_progress
26,156,1.0810495078088165,0.3825984607812827,-0.09419524538361566,0.10200006564590317,-0.026901539218717352,0.09419524538361614,0.10200006564590317,2,,false,0,0,0.9477,0.8775,0.02,false,0,SLOW_STRAIGHT,0.17000000178813934,0.17000000178813934,0.10154788988281167,-0.0014473856246723755,-0.004436372126439828,-0.01,0.0,0.0,0.0,0.0,0.0,0.08566413213169947,2.2675506829785657,false,false,in_progress
27,162,1.1013590800542352,0.38451720412182433,-0.09419524538361566,0.10200002269825412,-0.0249827958781757,0.09419524538361614,0.10200002269825412,2,,false,0,0,0.9477,0.8775,0.02,false,0,SLOW_STRAIGHT,0.17000000178813934,0.17000000178813934,0.10154784712555355,-0.0012482801797811856,-0.004436372126439828,-0.01,0.0,0.0,0.0,0.0,0.0,0.08586319481933255,2.353413877797898,false,false,in_progress
28,168,1.1216686475599984,0.38643594701458817,-0.09419524538361566,0.10200000831518054,-0.023064052985411865,0.09419524538361614,0.10200000831518054,2,,false,0,0,0.9477,0.8775,0.02,false,0,SLOW_STRAIGHT,0.17000000178813934,0.17000000178813934,0.10154783280624147,-0.0010639010802277718,-0.004436372126439828,-0.01,0.0,0.0,0.0,0.0,0.0,0.08604755959957387,2.439461437397472,false,false,in_progress
29,174,1.1419782134784604,0.38835468975739174,-0.09419524538361566,0.10200000349831603,-0.02114531024260824,0.09419524538361614,0.10200000349831603,2,,false,0,0,0.9477,0.8775,0.02,false,0,SLOW_STRAIGHT,0.17000000178813934,0.17000000178813934,0.10154782801073058,-0.0008942482905123059,-0.004436372126439828,-0.01,0.0,0.0,0.0,0.0,0.0,0.08621720759377845,2.5256786449912507,false,false,in_progress
30,180,1.162287778865338,0.3902734324499739,-0.09419524538361566,0.10200000188515629,-0.019226567550026108,0.09419524538361614,0.10200000188515629,2,,false,0,0,0.9477,0.8775,0.02,false,0,SLOW_STRAIGHT,0.17000000178813934,0.17000000178813934,0.10154782640472211,-0.0007393217995114339,-0.004436372126439828,-0.01,0.0,0.0,0.0,0.0,0.0,0.08637213247877086,2.6120507774700217,false,false,in_progress
31,186,1.1825973440741895,0.3921921751257371,-0.09419524538361566,0.1020000013449116,-0.01753000162167097,0.059865303859969986,0.1020000013449116,2,,false,0,0,0.9477,0.8775,0.02,false,0,SLOW_STRAIGHT,0.17000000178813934,0.17000000178813934,0.10181727933812193,-0.0006146019137115737,-0.0017919273031232687,-0.01,0.0,0.0,0.0,0.0,0.0,0.08941075012128709,2.701461527591309,false,false,in_progress
32,192,1.2029069092234204,0.3941109177958677,-0.09419524538361566,0.10200000116398672,-0.017000180741821455,-0.006537915966674904,0.10200000116398672,2,,false,0,0,0.9477,0.8775,0.02,false,0,SLOW_STRAIGHT,0.17000000178813934,0.17000000178813934,0.10199782121012237,-0.0005780122905091942,-2.1372172593651324e-5,-0.01,0.0,0.0,0.0,0.0,0.0,0.09139843674701953,2.7928599643383283,false,false,in_progress
33,198,1.2254730926250874,0.3962428540868035,-0.09419524538361566,0.14600000011991562,-0.018148800820530993,-0.09691673468899094,0.14600000011991562,2,,false,0,0,0.9477,0.8775,0.02,false,0,FAST_STRAIGHT,0.4099999964237213,0.4099999964237213,0.14531485835487667,-0.0006587579424466129,-0.00469642673138813,-0.01,0.0,0.0,0.0,0.0,0.0,0.12995967368104194,2.9228196380193703,false,false,in_progress
34,204,1.2634190915408814,0.3998277958000054,-0.09419524538361566,0.21251020094496653,-0.02506343581818739,-0.2755184958901034,0.21251020094496653,2,,false,0,0,0.9477,0.8775,0.02,false,0,FAST_STRAIGHT,0.4099999964237213,0.4099999964237213,0.20449522407170623,-0.0012563516300247973,-0.03795522078877246,-0.01,0.0,0.0,0.0,0.0,0.0,0.15528365165290897,3.078103289672279,false,false,in_progress
35,210,1.3064445937209377,0.4039330168447286,-0.1015052452522483,0.1907841535002862,-0.04138364191643659,-0.4947740692191163,0.1907841535002862,2,,false,0,0,0.9477,0.8775,0.02,false,0,SLOW_RIGHT,0.24650000035762787,0.09350000321865082,0.1679045568982347,-0.0034252116365356953,-0.12240068978582146,-0.01,0.0,0.0,0.0,0.0,0.0,0.032078655475877536,3.1101819451481565,false,false,in_progress
36,216,1.3364397810572524,0.40774967668963513,-0.1624496004930201,0.1317327613777667,-0.0570410106154092,-0.5800062282420664,0.1317327613777667,0,,false,0,0,0.9477,0.8775,0.02,false,0,SLOW_RIGHT,0.24650000035762787,0.09350000321865082,0.11018908502690308,-0.006507353784054449,-0.168203612399794,-0.01,0.0,0.0,0.0,0.0,0.0,-0.07452188115694537,3.035660063991211,false,false,in_progress
37,222,1.3596277611626382,0.4125890268695416,-0.254399307755873,0.11195647777314732,-0.07023431043508489,-0.597307750561399,0.11195647777314732,0,,false,0,0,0.9477,0.8775,0.02,false,0,SLOW_RIGHT,0.24650000035762787,0.09350000321865082,0.0925715249255225,-0.009865716724583749,-0.1783882744403592,-0.01,0.0,0.0,0.0,0.0,0.0,-0.10568246623942046,2.9299775977517903,false,false,in_progress
38,228,1.3801244057313318,0.4190601229461035,-0.3594876191065918,0.10533340558529271,-0.08214363219131957,-0.5770918760894366,0.10533340558529271,0,,false,0,0,0.9477,0.8775,0.02,false,0,SLOW_RIGHT,0.24650000035762787,0.09350000321865082,0.08827495886821779,-0.013495152619165583,-0.1665175167242128,-0.01,0.0,0.0,0.0,0.0,0.0,-0.1017377104751606,2.82823988727663,false,false,in_progress
39,234,1.399126685698306,0.42741786573486906,-0.4701434504536892,0.1031153331023067,-0.09322024442788229,-0.5491739191584927,0.1031153331023067,0,,false,0,0,0.9477,0.8775,0.02,false,0,SLOW_RIGHT,0.24650000035762787,0.09350000321865082,0.087952843405296,-0.01738002794238824,-0.15079599674194932,-0.01,0.0,0.0,0.0,0.0,0.0,-0.09022318127904157,2.7380167059975884,false,false,in_progress
40,240,1.4168618082489592,0.4377253123620697,-0.5831585338722225,0.10237249628960966,-0.10355958765830808,-0.508679248534856,0.10237249628960966,0,,false,0,0,0.9477,0.8775,0.02,false,0,SLOW_RIGHT,0.24650000035762787,0.09350000321865082,0.08941096169956632,-0.021449176391917592,-0.12937728894499292,-0.01,0.0,0.0,0.0,0.0,0.0,-0.0714155036373442,2.666601202360244,false,false,in_progress
41,246,1.433247772913386,0.44992780947377553,-0.697173356912741,0.10212371790645075,-0.113122806504554,-0.46400787189395604,0.10212371790645075,0,,false,4,0,1.0677,0.8775,0.02,true,1,SLOW_RIGHT,0.24650000035762787,0.09350000321865082,0.09132577060621731,-0.02559353870293353,-0.10765165258977896,-0.01,0.0,0.0,0.0,0.0,0.0,-0.05191942068649518,2.614681781673749,false,false,in_progress
42,252,1.4481153964308255,0.4639001340076403,-0.8116118223965014,0.10204040089393739,-0.12183389688109472,-0.41532065152611364,0.10204040089393739,0,,false,4,0,1.1877000000000002,0.8775,0.02,true,1,SLOW_RIGHT,0.24650000035762787,0.09350000321865082,0.0933656392708488,-0.029686996858466444,-0.08624562179203776,-0.01,0.0,0.0,0.0,0.0,0.0,-0.03256697937965541,2.5821148022940936,false,false,in_progress
43,258,1.4612826459267552,0.4794731128833343,-0.9262298075429516,0.10201249750172654,-0.1296042610611749,-0.362611176963833,0.10201249750172654,0,,false,4,0,1.3077000000000003,0.8775,0.02,true,1,SLOW_RIGHT,0.24650000035762787,0.09350000321865082,0.09537901078154522,-0.03359452897042635,-0.0657434328295481,-0.01,0.0,0.0,0.0,0.0,0.0,-0.013958951018429233,2.5681558512756646,false,false,in_progress
44,264,1.472579980507156,0.4964477321491263,-1.0409238646453787,0.10200315241849002,-0.1363418409394049,-0.30587767264195875,0.10200315241849002,0,,false,4,0,1.4277000000000004,0.8775,0.02,true,1,SLOW_RIGHT,0.24650000035762787,0.09350000321865082,0.09726847475685707,-0.03717819518149198,-0.046780575310430644,-0.01,0.0,0.0,0.0,0.0,0.0,0.0033097042649344478,2.571465555540599,false,false,in_progress
45,270,1.4818596515364055,0.5146029712138294,-1.1556501574505658,0.10200002264464547,-0.14195560244125238,-0.2503669045468124,0.10200002264464547,0,,false,4,0,1.5477000000000005,0.8775,0.02,true,1,SLOW_RIGHT,0.24650000035762787,0.09350000321865082,0.09881982339015231,-0.0403027861289178,-0.03134179344617633,-0.01,0.0,0.0,0.0,0.0,0.0,0.01717524381505818,2.5886407993556575,false,false,in_progress
46,276,1.4889997284222254,0.5337008783631707,-1.2703901102243855,0.10199897443702752,-0.1463530143431904,-0.1854469186870834,0.10199897443702752,0,,false,4,0,1.6677000000000006,0.8775,0.02,true,1,SLOW_RIGHT,0.24650000035762787,0.09350000321865082,0.1002500942406078,-0.042838409614676186,-0.017195279825266863,-0.01,0.0,0.0,0.0,0.0,0.0,0.030216404800664745,2.6188572041563223,false,false,in_progress
47,282,1.4939062739248796,0.5534905672617458,-1.3851358514478767,0.10199862337208665,-0.14944354567491513,-0.11687563468094575,0.10199862337208665,0,,false,4,0,1.7877000000000007,0.8775,0.02,true,1,SLOW_RIGHT,0.24650000035762787,0.09350000321865082,0.10130276981092609,-0.044666746687780895,-0.006829956991036944,-0.01,0.0,0.0,0.0,0.0,0.0,0.03980606613210825,2.6586632702884305,false,false,in_progress
48,288,1.4965147172754996,0.5737118529261653,-1.4998840455430027,0.10199850579168934,-0.15114334879144636,-0.048959720529646346,0.10199850579168934,0,,false,2,0,1.8477000000000008,0.8775,-0.02,false,1,SLOW_RIGHT,0.24650000035762787,0.09350000321865082,0.10187628223422157,-0.045688623767785624,-0.001198527117170537,-0.01,0.0,0.0,0.0,0.0,0.0,0.04498913134926541,2.703652401637696,false,false,in_progress
49,294,1.4967907269358895,0.594098800959941,-1.6146332790493012,0.10199846641024872,-0.15129072693588963,0.04383695225440438,0.10199846641024872,0,,false,2,0,1.8477000000000008,0.8775,-0.02,false,1,SLOW_RIGHT,0.24650000035762787,0.09350000321865082,0.10190047797961309,-0.04577776811357984,-0.0009608391914774645,-0.01,0.0,0.0,0.0,0.0,0.0,0.04516187067455578,2.7488142723122517,false,false,in_progress
50,300,1.4947515365516244,0.6143863140084027,-1.722072953145666,0.10199913071617804,-0.1492515365516245,0.15127662635076974,0.10199913071617804,0,,false,2,0,1.8477000000000008,0.8775,-0.02,false,1,SLOW_STRAIGHT,0.17000000178813934,0.17000000178813934,0.10083424919433745,-0.0445520423260418,-0.011442308840035201,-0.01,0.0,0.0,0.0,0.0,0.0,0.03483989802826045,2.783654170340512,false,false,in_progress
51,306,1.490612426116412,0.6366690339649406,-1.7758784585171685,0.14599977690115426,-0.14511242611641206,0.2050821317222718,0.14599977690115426,0,,false,2,0,1.8477000000000008,0.8775,-0.02,false,1,FAST_STRAIGHT,0.4099999964237213,0.4099999964237213,0.14294024381315612,-0.0421152324267823,-0.02102934037587562,-0.01,0.0,0.0,0.0,0.0,0.0,0.0697956710104982,2.8534498413510105,false,false,in_progress
52,312,1.4823458874717,0.6738759520091828,-1.7986786909518868,0.21251014276396474,-0.1368458874717,0.22788236415699037,0.21251014276396474,0,,false,2,0,1.8477000000000008,0.8775,-0.02,false,1,FAST_STRAIGHT,0.4099999964237213,0.4099999964237213,0.20701611482882756,-0.03745359383583437,-0.025965185946889586,-0.01,0.0,0.0,0.0,0.0,0.0,0.13359733504610358,2.9870471763971143,false,false,in_progress
53,318,1.471823222406324,0.7181295788014113,-1.808340352811354,0.234784321187728,-0.12632322240632377,0.2375440260164575,0.234784321187728,0,,false,2,0,1.8477000000000008,0.8775,-0.02,false,1,FAST_STRAIGHT,0.4099999964237213,0.4099999964237213,0.228191304223396,-0.03191511303823508,-0.028213582148053716,-0.01,0.0,0.0,0.0,0.0,0.0,0.1580626090371072,3.1451097854342214,false,false,in_progress
54,324,1.4609708034363402,0.7625120632522357,-1.812434508875506,0.19824389355716088,-0.11547080343634031,0.2416381820806094,0.19824389355716088,0,,false,2,0,1.8477000000000008,0.8775,-0.02,false,1,SLOW_STRAIGHT,0.17000000178813934,0.17000000178813934,0.19248436753736956,-0.02666701289246788,-0.029194505519610867,-0.01,0.0,0.0,0.0,0.0,0.0,0.1266228491252908,3.271732634559512,false,false,in_progress
55,330,1.4535080786237053,0.7926711356258558,-1.8141694188859623,0.13423188631173136,-0.10800807862370543,0.2433730920910656,0.13423188631173136,0,,false,2,0,1.8477000000000008,0.8775,-0.02,false,1,SLOW_STRAIGHT,0.17000000178813934,0.17000000178813934,0.13027616090751398,-0.023331490095969066,-0.029615230976983153,-0.01,0.0,0.0,0.0,0.0,0.0,0.06732943983456177,3.3390620743940738,false,false,in_progress
56,336,1.4477216361980805,0.8159352225371627,-1.8149045918244675,0.11279439426361516,-0.10222163619808056,0.24410826502957106,0.11279439426361516,0,,false,2,0,1.8477000000000008,0.8775,-0.02,false,1,SLOW_STRAIGHT,0.17000000178813934,0.17000000178813934,0.10945040538372618,-0.020898525814025466,-0.029794422527873652,-0.01,0.0,0.0,0.0,0.0,0.0,0.04875745704182705,3.387819531435901,false,false,in_progress
57,342,1.4424982576203953,0.8368905993539195,-1.8152161234003146,0.10561502151737362,-0.09699825762039538,0.24441979660541777,0.10561502151737362,0,,false,2,0,1.8477000000000008,0.8775,-0.02,false,1,SLOW_STRAIGHT,0.17000000178813934,0.17000000178813934,0.10247592061844378,-0.018817323962785182,-0.029870518486316895,-0.01,0.0,0.0,0.0,0.0,0.0,0.0437880781693417,3.431607609605243,false,false,in_progress
58,348,1.4374631082394018,0.8570727075430108,-1.8153481357713728,0.10321066410627205,-0.09196310823940212,0.24455180897647627,0.10321066410627205,0,,false,2,0,1.8477000000000008,0.8775,-0.02,false,1,SLOW_STRAIGHT,0.17000000178813934,0.17000000178813934,0.10013972772073934,-0.01691442655410398,-0.02990279363683347,-0.01,0.0,0.0,0.0,0.0,0.0,0.043322507529801886,3.474930117135045,false,false,in_progress
59,354,1.432490703243146,0.8769957762246002,-1.8154040763804906,0.10240544967335849,-0.08699070324314606,0.24460774958559417,0.10240544967335849,2,,false,2,0,1.8477000000000008,0.8775,-0.02,false,1,SLOW_STRAIGHT,0.17000000178813934,0.17000000178813934,0.09935708450882547,-0.015134764901474205,-0.02991647557866437,-0.01,0.0,0.0,0.0,0.0,0.0,0.04430584402868688,3.519235961163732,false,false,in_progress
60,360,1.4275391657970122,0.8968320567606054,-1.8154277813690718,0.10213578498885577,-0.08203916579701231,0.24463145457417496,0.10213578498885577,2,,false,0,0,1.8477000000000008,0.8775,-0.02,false,1,SLOW_STRAIGHT,0.17000000178813934,0.17000000178813934,0.0990948607303452,-0.013460849449339351,-0.029922274283538313,-0.01,0.0,0.0,0.0,0.0,0.0,0.04571173699746752,3.564947698161199,false,false,in_progress
61,366,1.4225945522247987,0.916639255982153,-1.8154378264238626,0.1020454748316126,-0.07709455222479877,0.244641499628966,0.1020454748316126,2,,false,0,0,1.8477000000000008,0.8775,-0.02,false,1,SLOW_STRAIGHT,0.17000000178813934,0.17000000178813934,0.0990069911374109,-0.01188713996548445,-0.029924731670354688,-0.01,0.0,0.0,0.0,0.0,0.0,0.04719511950157177,3.612142817662771,false,false,in_progress
62,372,1.4176522296324026,0.9364367089860939,-1.815442083043747,0.1020152301426736,-0.07215222963240264,0.2446457562488503,0.1020152301426736,2,,false,0,0,1.8477000000000008,0.8775,-0.02,false,1,SLOW_STRAIGHT,0.17000000178813934,0.17000000178813934,0.0989775418301654,-0.010411888481853924,-0.029925773025285936,-0.01,0.0,0.0,0.0,0.0,0.0,0.04863988032302553,3.6607826979857965,false,false,in_progress
63,378,1.4127311438886132,0.9562359585039898,-1.8081338869349461,0.10200500496621635,-0.06723114388861329,0.2373375601400494,0.10200500496621635,2,,false,0,0,1.8477000000000008,0.8775,-0.02,false,1,SLOW_LEFT,0.09350000321865082,0.24650000035762787,0.09914553949943677,-0.009040053417142847,-0.02816455872661578,-0.01,0.0,0.0,0.0,0.0,0.0,0.05194092735567815,3.7127236253414746,false,false,in_progress
64,384,1.408467897145499,0.9761827733863322,-1.747190296049421,0.10200098668143547,-0.062967897145499,0.17639396925452447,0.10200098668143547,2,,false,0,0,1.8477000000000008,0.8775,-0.02,false,1,SLOW_LEFT,0.09350000321865082,0.24650000035762787,0.10041822521840578,-0.00792991214185228,-0.015557416194683062,-0.01,0.0,0.0,0.0,0.0,0.0,0.06693089688187044,3.779654522223345,false,false,in_progress
65,390,1.405763122250144,0.9963963287108124,-1.6625509125475348,0.10199998277454558,-0.060263122250144185,0.09175458575263803,0.10199998277454558,2,,false,0,0,1.8477000000000008,0.8775,-0.02,false,1,SLOW_STRAIGHT,0.17000000178813934,0.17000000178813934,0.1015709198894089,-0.007263287806671646,-0.0042094520033191035,-0.01,0.0,0.0,0.0,0.0,0.0,0.08009818007941817,3.859752702302763,false,false,in_progress
66,396,1.4044045753302343,1.0167494602659264,-1.6184070936808594,0.10200008664006616,-0.05890457533023441,0.0476107668859638,0.10200008664006616,2,,false,0,0,1.8477000000000008,0.8775,-0.02,false,1,SLOW_STRAIGHT,0.17000000178813934,0.17000000178813934,0.10188450233677844,-0.00693949798967052,-0.0011333925617347937,-0.01,0.0,0.0,0.0,0.0,0.0,0.08381161178537314,3.9435643140881362,false,false,in_progress
67,402,1.4035807876769284,1.0394008375768664,-1.5997010277538326,0.14600003700017544,-0.05808078767692848,0.02890470095893607,0.14600003700017544,2,,false,0,0,1.8477000000000008,0.8775,-0.02,false,1,FAST_STRAIGHT,0.4099999964237213,0.4099999964237213,0.14593905106410995,-0.006746755794344895,-0.0004177408687627599,-0.01,0.0,0.0,0.0,0.0,0.0,0.1287745544010023,4.072338868489139,false,false,in_progress
68,408,1.4026586526412719,1.0775045587533776,-1.591774280330301,0.21251021529942526,-0.057158652641271956,0.020977953535405762,0.21251021529942526,2,,false,0,0,1.8477000000000008,0.8775,-0.02,false,1,FAST_STRAIGHT,0.4099999964237213,0.4099999964237213,0.21246345684718923,-0.006534223143531171,-0.00022003726726682154,-0.01,0.0,0.0,0.0,0.0,0.0,0.19570919643639123,4.26804806492553,false,false,in_progress
69,414,1.4017924467984888,1.1229839362138132,-1.5884152990799631,0.23478433840924887,-0.05629244679848888,0.017618972285068302,0.23478433840924887,2,,false,0,0,1.8477000000000008,0.8775,-0.02,false,1,FAST_STRAIGHT,0.4099999964237213,0.4099999964237213,0.2347478975140067,-0.0063376791331214025,-0.00015521409219100248,-0.01,0.0,0.0,0.0,0.0,0.0,0.2182550042886943,4.486303069214224,false,false,in_progress
70,420,1.4009865102422159,1.1709338997480812,-1.5869919214400212,0.24224389641035782,-0.05548756079652197,0.014238649980831289,0.24224389641035782,2,,false,0,0,1.8477000000000008,0.8775,-0.02,false,1,FAST_STRAIGHT,0.4099999964237213,0.4099999964237213,0.2422193406640073,-0.006157738806295444,-0.00010136957663831343,-0.01,0.0,0.0,0.0,0.0,0.0,0.22596023228107354,4.712263301495297,false,false,in_progress
71,426,1.400213218165228,1.2197114042125392,-1.5863887612093166,0.24474208712063794,-0.05809112385267922,-0.12880931125759623,0.24474208712063794,2,,false,0,0,1.8477000000000008,0.8775,-0.02,false,1,FAST_STRAIGHT,0.4099999964237213,0.4099999964237213,0.242714532240917,-0.006749157340934633,-0.008295919333328154,-0.01,0.0,0.0,0.0,0.0,0.0,0.2176694555666542,4.929932757061952,false,false,in_progress
72,432,1.3994902288430302,1.2664997116113947,-1.586133170385283,0.20157872708706756,-0.06785409868337798,-0.3095435910397911,0.20157872708706756,2,,false,0,0,1.8477000000000008,0.8775,-0.02,false,1,SLOW_STRAIGHT,0.17000000178813934,0.17000000178813934,0.1919982348918436,-0.009208357416267195,-0.04790861737690473,-0.01,0.0,0.0,0.0,0.0,0.0,0.12488126009867169,5.0548140171606235,false,false,in_progress
73,438,1.3989816412557112,1.297933882804183,-1.5933348629265804,0.13534858781662706,-0.0789514399731282,-0.4144022999576428,0.13534858781662706,2,,false,0,0,1.8477000000000008,0.8775,-0.02,false,1,SLOW_RIGHT,0.24650000035762787,0.09350000321865082,0.12389229674200376,-0.012466659747660931,-0.08586463310509207,-0.01,0.0,0.0,0.0,0.0,0.0,0.015561003889250755,5.070375021049874,false,false,in_progress
74,444,1.397814111419966,1.3219984837313445,-1.6542333226293866,0.11316761697696506,-0.08920338423627934,-0.4533094263724455,0.11316761697696506,2,,false,0,0,1.8477000000000008,0.8775,-0.02,false,1,SLOW_RIGHT,0.24650000035762787,0.09350000321865082,0.10173799181049108,-0.01591448751841058,-0.10274471801905778,-0.01,0.0,0.0,0.0,0.0,0.0,-0.02692121372697729,5.043453807322897,false,false,in_progress
75,450,1.3950663340284326,1.343453597133145,-1.746163581530476,0.10573907546632003,-0.09864789482917402,-0.44361560747875395,0.10573907546632003,2,,false,0,0,1.8477000000000008,0.8775,-0.02,false,1,SLOW_RIGHT,0.24650000035762787,0.09350000321865082,0.09550413809852844,-0.019462814308455558,-0.09839740359937195,-0.01,0.0,0.0,0.0,0.0,0.0,-0.032356079809299075,5.011097727513598,false,false,in_progress
76,456,1.3903828140864325,1.3637245904894735,-1.8512436515838475,0.10325121462883667,-0.10744018395447047,-0.42310284880542076,0.10325121462883667,2,,false,0,0,1.8477000000000008,0.8775,-0.02,false,1,SLOW_RIGHT,0.24650000035762787,0.09350000321865082,0.09414645312271916,-0.02308678625634091,-0.08950801033363137,-0.01,0.0,0.0,0.0,0.0,0.0,-0.02844834346725312,4.982649384046345,false,false,in_progress
77,462,1.3836254437294488,1.3831089074327592,-1.9618959906582902,0.10241801224995167,-0.11560049132291342,-0.3903922694020876,0.10241801224995167,2,,false,0,0,1.8477000000000008,0.8775,-0.02,false,1,SLOW_RIGHT,0.24650000035762787,0.09350000321865082,0.09471206589326508,-0.02672694718819796,-0.07620306200445608,-0.01,0.0,0.0,0.0,0.0,0.0,-0.01821794329938895,4.9644314407469565,false,false,in_progress
78,468,1.3747833330593853,1.4015325760045092,-2.0749095942165807,0.10213896505058741,-0.12309952716799999,-0.35536781852479815,0.10213896505058741,0,,false,0,0,1.8477000000000008,0.8775,-0.02,false,1,SLOW_RIGHT,0.24650000035762787,0.09350000321865082,0.09575717698862529,-0.030306987177970333,-0.06314314322153694,-0.01,0.0,0.0,0.0,0.0,0.0,-0.007692953410881989,4.956738487336074,false,false,in_progress
79,474,1.3639263780941926,1.4188088831668328,-2.188923790162208,0.10204550878345753,-0.12988868405014148,-0.31845203182871656,0.10204550878345753,0,,false,0,0,1.8477000000000008,0.8775,-0.02,false,1,SLOW_RIGHT,0.24650000035762787,0.09350000321865082,0.09691478505961353,-0.03374214048855496,-0.05070584828791895,-0.01,0.0,0.0,0.0,0.0,0.0,0.002466796283139611,4.959205283619214,false,false,in_progress
80,480,1.3511770351785675,1.434726572849048,-2.303361989912766,0.10201420881991143,-0.13591271492886903,-0.2793460416364981,0.10201420881991143,0,,false,0,0,1.8477000000000008,0.8775,-0.02,false,1,SLOW_RIGHT,0.24650000035762787,0.09350000321865082,0.09805972573261777,-0.036944532158672036,-0.039017105488990074,-0.01,0.0,0.0,0.0,0.0,0.0,0.012098088084955662,4.9713033717041695,false,false,in_progress
81,486,1.3366944618002583,1.4490803476930296,-2.4179798624540334,0.10200372582984987,-0.14111289176806055,-0.2375368302691187,0.10200372582984987,0,,false,0,0,1.8477000000000008,0.8775,-0.02,false,1,SLOW_RIGHT,0.24650000035762787,0.09350000321865082,0.09913951522181123,-0.03982569644628874,-0.028211872867150056,-0.01,0.0,0.0,0.0,0.0,0.0,0.021101945908372437,4.992405317612542,false,false,in_progress
82,492,1.3206656871152962,1.461682181695751,-2.532673871839701,0.10200021480354893,-0.14542733852601444,-0.1925254728816087,0.10200021480354893,0,,false,0,0,1.8477000000000008,0.8775,-0.02,false,1,SLOW_RIGHT,0.24650000035762787,0.09350000321865082,0.10011567372587074,-0.04229822158152001,-0.018533028854143523,-0.01,0.0,0.0,0.0,0.0,0.0,0.029284423290207202,5.021689740902749,false,false,in_progress
83,498,1.3033001742128218,1.472366314329628,-2.6474001444247786,0.1019990388434326,-0.1487907324902236,-0.1439235396568144,0.1019990388434326,0,,false,0,0,1.8477000000000008,0.8775,-0.02,false,1,SLOW_RIGHT,0.24650000035762787,0.09350000321865082,0.10094445781772701,-0.044277364149954555,-0.010356992633673314,-0.01,0.0,0.0,0.0,0.0,0.0,0.036310101034099145,5.057999841936848,false,false,in_progress
84,504,1.2848258086695574,1.4809920971170223,-2.762140088630271,0.10199864496402258,-0.1511341628401762,-0.09148331737424643,0.10199864496402258,0,,false,0,0,1.8477000000000008,0.8775,-0.02,false,1,SLOW_RIGHT,0.24650000035762787,0.09350000321865082,0.10157211916679325,-0.04568307035480179,-0.00418459867889855,-0.01,0.0,0.0,0.0,0.0,0.0,0.04170445013309291,5.099704292069941,false,false,in_progress
85,510,1.265485389048513,1.487445984001083,-2.8768858262229093,0.10199851303226298,-0.1523855813966935,-0.03509405779174954,0.10199851303226298,0,,false,0,0,1.8477000000000008,0.8775,-0.02,false,1,SLOW_RIGHT,0.24650000035762787,0.09350000321865082,0.10193570915655646,-0.046442730835216606,-0.0006157964461453283,-0.01,0.0,0.0,0.0,0.0,0.0,0.04487718187519452,5.144581473945135,false,false,in_progress
86,516,1.2455332303042452,1.4916430345852558,-2.9916340187794517,0.10199846883910955,-0.15247105272571215,0.025238085524042966,0.10199846883910955,0,,false,0,0,1.8477000000000008,0.8775,-0.02,false,1,SLOW_RIGHT,0.24650000035762787,0.09350000321865082,0.10196598604199193,-0.04649484383857379,-0.0003184804804594535,-0.01,0.0,0.0,0.0,0.0,0.0,0.04515266172295869,5.189734135668094,false,false,in_progress
87,522,1.2252349615144438,1.4935852230303475,-3.0923979185619563,0.10199934980275802,-0.1513739504279398,0.07543074909847935,0.10199934980275802,0,,false,0,0,1.8477000000000008,0.8775,-0.02,false,1,SLOW_STRAIGHT,0.17000000178813934,0.17000000178813934,0.1017093095207978,-0.045828145736320755,-0.002844898954778872,-0.01,0.0,0.0,0.0,0.0,0.0,0.043036264829698176,5.232770400497793,false,false,in_progress
88,528,1.2048420363750252,1.4940477211012246,-3.13902915133081,0.10199988528287554,-0.14982120449892436,0.07068050114528557,0.10199988528287554,0,,false,0,0,1.8477000000000008,0.8775,-0.02,false,1,SLOW_STRAIGHT,0.17000000178813934,0.17000000178813934,0.10174520922503347,-0.04489278663501702,-0.0024978666210743574,-0.01,0.0,0.0,0.0,0.0,0.0,0.04435455596894208,5.277124956466735,false,false,in_progress
89,534,1.1844431322840174,1.4938707750120068,3.1243960413678065,0.10199998066816203,-0.14858384835519156,0.0473685397826913,0.10199998066816203,0,,false,0,0,1.8477000000000008,0.8775,-0.02,false,1,SLOW_STRAIGHT,0.17000000178813934,0.17000000178813934,0.10188556937843202,-0.04415431998407712,-0.0011218892805722042,-0.01,0.0,0.0,0.0,0.0,0.0,0.04660936011378269,5.323734316580517,false,false,in_progress
90,540,1.1640481090590304,1.4934228575896689,3.1160226379401825,0.10199999753858029,-0.14792285758966894,0.025570015649608875,0.10199999753858029,0,,false,0,0,1.8477000000000008,0.8775,-0.02,false,1,SLOW_STRAIGHT,0.17000000178813934,0.17000000178813934,0.10196665424545313,-0.04376234359498696,-0.0003269128501606214,-0.01,0.0,0.0,0.0,0.0,0.0,0.04787739780030555,5.371611714380823,false,false,in_progress
91,546,1.1436558820686338,1.4928601359836802,3.112474384966787,0.10200000048167902,-0.14736013598368025,0.02911826862300562,0.10200000048167902,0,,false,0,0,1.8477000000000008,0.8775,-0.02,false,1,SLOW_STRAIGHT,0.17000000178813934,0.17000000178813934,0.10195676198472155,-0.04343001935425747,-0.00042393678380075675,-0.01,0.0,0.0,0.0,0.0,0.0,0.048102805846663314,5.419714520227486,false,false,in_progress
92,552,1.1232650467622425,1.4922487711400025,3.1109708029081853,0.10200000098126773,-0.14674877114000284,0.030621850681608047,0.10200000098126773,0,,false,0,0,1.8477000000000008,0.8775,-0.02,false,1,SLOW_STRAIGHT,0.17000000178813934,0.17000000178813934,0.10195218213292086,-0.04307040366220186,-0.0004688488695833496,-0.01,0.0,0.0,0.0,0.0,0.0,0.04841292960113564,5.468127449828621,false,false,in_progress
93,558,1.102874838310877,1.4916167946755194,3.1103336558321732,0.10200000106130751,-0.14611679467551952,0.0312589977576214,0.10200000106130751,0,,false,0,0,1.8477000000000008,0.8775,-0.02,false,1,SLOW_STRAIGHT,0.17000000178813934,0.17000000178813934,0.1019501717464614,-0.042700235372495864,-0.0004885624704054898,-0.01,0.0,0.0,0.0,0.0,0.0,0.04876137390356004,5.516888823732182,false,false,in_progress
94,564,1.082484902156919,1.4909760841840087,3.110063662987986,0.10200000107243334,-0.1454760841840088,0.031528990601806646,0.10200000107243334,0,,false,0,0,1.8477000000000008,0.8775,-0.02,false,1,SLOW_STRAIGHT,0.17000000178813934,0.17000000178813934,0.10194930733190007,-0.04232658213902564,-0.0004970386241844059,-0.01,0.0,0.0,0.0,0.0,0.0,0.04912568656869002,5.566014510300872,false,false,in_progress
95,570,1.0620950825865887,1.4903316726617197,3.1099492527699115,0.10200000107335161,-0.1448316726617198,0.03164340081988169,0.10200000107335161,0,,false,0,0,1.8477000000000008,0.8775,-0.02,false,1,SLOW_STRAIGHT,0.17000000178813934,0.17000000178813934,0.1019489387881824,-0.041952426811983114,-0.0005006524077238447,-0.01,0.0,0.0,0.0,0.0,0.0,0.04949585956847544,5.615510369869347,false,false,in_progress
96,576,1.0417053126337723,1.4896856928241964,3.109900771122039,0.10200000107315221,-0.14418569282419647,0.03169188246775532,0.10200000107315221,0,,false,0,0,1.8477000000000008,0.8775,-0.02,false,1,SLOW_STRAIGHT,0.17000000178813934,0.17000000178813934,0.10194878221361034,-0.04157902803038708,-0.0005021877071750084,-0.01,0.0,0.0,0.0,0.0,0.0,0.04986756647604825,5.665377936345395,false,false,in_progress
97,582,1.021315563745091,1.489039048409907,3.1098802268890156,0.10200000107299513,-0.14353904840990683,0.03171242670077644,0.10200000107299513,0,,false,0,0,1.8477000000000008,0.8775,-0.02,false,1,SLOW_STRAIGHT,0.17000000178813934,0.17000000178813934,0.10194871579234176,-0.041206916836843153,-0.0005028390036260592,-0.01,0.0,0.0,0.0,0.0,0.0,0.050238959951872546,5.715616896297268,false,false,in_progress
98,588,1.0009258237893197,1.488392122379553,3.1098715212131762,0.10200000107292471,-0.14289212237955318,0.03172113237661554,0.10200000107292471,0,,false,0,0,1.8477000000000008,0.8775,-0.02,false,1,SLOW_STRAIGHT,0.17000000178813934,0.17000000178813934,0.10194868763316063,-0.0408363172762664,-0.0005031151196273835,-0.01,0.0,0.0,0.0,0.0,0.0,0.050609255237266844,5.766226151534535,false,false,in_progress
99,594,0.9805360876200991,1.4877450770148086,3.109867832158845,0.10200000107289661,-0.1422450770148087,0.031724821430947986,0.10200000107289661,0,,false,0,0,1.8477000000000008,0.8775,-0.02,false,1,SLOW_STRAIGHT,0.17000000178813934,0.17000000178813934,0.10194867569830031,-0.04046732386989772,-0.0005032321474127683,-0.01,0.0,0.0,0.0,0.0,0.0,0.050978119680989815,5.817204271215525,false,false,in_progress
100,600,0.9601463530557575,1.4870979810787954,3.1098662689118197,0.10200000107288822,-0.1415979810787955,0.03172638467797336,0.10200000107288822,0,,false,0,0,1.8477000000000008,0.8775,-0.02,false,1,SLOW_STRAIGHT,0.17000000178813934,0.17000000178813934,0.10194867064045506,-0.04009997649118186,-0.0005032817423673714,-0.01,0.0,0.0,0.0,0.0,0.0,0.05134541240690582,5.8685496836224305,false,false,in_progress
101,606,0.9397566191714731,1.4864508637147829,3.109865606481548,0.10200000107288651,-0.14095086371478294,0.03172704710824633,0.10200000107288651,0,,false,0,0,1.8477000000000008,0.8775,-0.02,false,1,SLOW_STRAIGHT,0.17000000178813934,0.17000000178813934,0.10194866849710577,-0.03973429196388663,-0.0005033027591044409,-0.01,0.0,0.0,0.0,0.0,0.0,0.05171107377411469,5.920260757396545,false,false,in_progress
102,612,0.9193668855755128,1.4858037372661639,3.1098653257748796,0.1020000010728838,-0.14030373726616396,0.03172732781491431,0.1020000010728838,0,,false,0,0,1.8477000000000008,0.8775,-0.02,false,1,SLOW_STRAIGHT,0.17000000178813934,0.17000000178813934,0.10194866758884008,-0.03937027738170553,-0.0005033116651375176,-0.01,0.0,0.0,0.0,0.0,0.0,0.05207507854199702,5.972335835938543,false,false,in_progress
103,618,0.8989771521014055,1.485156606978203,3.1098652068246486,0.10200000107288444,-0.13965660697820304,0.03172744676514352,0.10200000107288444,0,,false,0,0,1.8477000000000008,0.8775,-0.02,false,1,SLOW_STRAIGHT,0.17000000178813934,0.17000000178813934,0.10194866720395933,-0.039007935745328536,-0.0005033154391175079,-0.01,0.0,0.0,0.0,0.0,0.0,0.05243741601951329,6.024773251958056,false,false,in_progress
104,624,0.878587418672291,1.4845094752726187,3.1098651850538426,0.10200000107288257,-0.13900947527261875,0.031727468535949745,0.10200000107288257,2,,false,0,0,1.8477000000000008,0.8775,-0.02,false,1,SLOW_STRAIGHT,0.17000000178813934,0.17000000178813934,0.10194866713351458,-0.03864726843113761,-0.0005033161298498405,-0.01,0.0,0.0,0.0,0.0,0.0,0.052798082572527126,6.077571334530583,false,false,in_progress
105,630,0.858197685245588,1.4838623434910505,3.1098651850538426,0.10200000107288257,-0.1383623434910506,0.031727468535949745,0.10200000107288257,2,,false,0,0,1.8477000000000008,0.8775,-0.02,false,1,SLOW_STRAIGHT,0.17000000178813934,0.17000000178813934,0.10194866713351458,-0.03828827619267094,-0.0005033161298498405,-0.01,0.0,0.0,0.0,0.0,0.0,0.05315707481099379,6.130728409341576,false,false,in_progress
106,636,0.8378079518188851,1.4832152117094823,3.1098651850538426,0.10200000107288257,-0.13771521170948242,0.031727468535949745,0.10200000107288257,2,,false,0,0,1.8477000000000008,0.8775,-0.02,false,1,SLOW_STRAIGHT,0.17000000178813934,0.17000000178813934,0.10194866713351458,-0.03793095907237513,-0.0005033161298498405,-0.01,0.0,0.0,0.0,0.0,0.0,0.053514391931289616,6.184242801272866,false,false,in_progress
107,642,0.8174182183921822,1.4825680799279142,3.1098651850538426,0.10200000107288257,-0.13706807992791425,0.031727468535949745,0.10200000107288257,2,,false,0,0,1.8477000000000008,0.8775,-0.02,false,1,SLOW_STRAIGHT,0.17000000178813934,0.17000000178813934,0.10194866713351458,-0.037575317070250185,-0.0005033161298498405,-0.01,0.0,0.0,0.0,0.0,0.0,0.053870033933414545,6.23811283520628,false,false,in_progress
108,648,0.7970284849654793,1.481920948146346,3.1098651850538426,0.10200000107288257,-0.1364209481463461,0.031727468535949745,0.10200000107288257,2,,false,0,0,1.8477000000000008,0.8775,-0.02,false,1,SLOW_STRAIGHT,0.17000000178813934,0.17000000178813934,0.10194866713351458,-0.0372213501862961,-0.0005033161298498405,-0.01,0.0,0.0,0.0,0.0,0.0,0.05422400081736863,6.292336836023649,false,false,in_progress
109,654,0.7766387515387764,1.4812738163647778,3.1098651850538426,0.10200000107288257,-0.13577381636477792,0.031727468535949745,0.10200000107288257,2,,false,0,0,1.8477000000000008,0.8775,-0.02,false,1,SLOW_STRAIGHT,0.17000000178813934,0.17000000178813934,0.10194866713351458,-0.03686905842051287,-0.0005033161298498405,-0.01,0.0,0.0,0.0,0.0,0.0,0.054576292583151866,6.346913128606801,false,false,in_progress
110,660,0.7562490181120735,1.4806266845832097,3.1098651850538426,0.10200000107288257,-0.13512668458320976,0.031727468535949745,0.10200000107288257,2,,false,0,0,1.8477000000000008,0.8775,-0.02,false,1,SLOW_STRAIGHT,0.17000000178813934,0.17000000178813934,0.10194866713351458,-0.03651844177290051,-0.0005033161298498405,-0.01,0.0,0.0,0.0,0.0,0.0,0.05492690923076423,6.401840037837565,false,false,in_progress
111,666,0.7358592846853705,1.4799795528016415,3.1098651850538426,0.10200000107288257,-0.1344795528016416,0.031727468535949745,0.10200000107288257,2,,false,0,0,1.8477000000000008,0.8775,-0.02,false,1,SLOW_STRAIGHT,0.17000000178813934,0.17000000178813934,0.10194866713351458,-0.03616950024345902,-0.0005033161298498405,-0.01,0.0,0.0,0.0,0.0,0.0,0.05527585076020571,6.45711588859777,false,false,in_progress
112,672,0.7154695512586676,1.4793324210200733,3.1098651850538426,0.10200000107288257,-0.13383242102007342,0.031727468535949745,0.10200000107288257,2,,false,0,0,1.8477000000000008,0.8775,-0.02,false,1,SLOW_STRAIGHT,0.17000000178813934,0.17000000178813934,0.10194866713351458,-0.03582223383218838,-0.0005033161298498405,-0.01,0.0,0.0,0.0,0.0,0.0,0.055623117171476354,6.512739005769247,false,false,in_progress
113,678,0.6950798178319647,1.4786852892385052,3.1098651850538426,0.10200000107288257,-0.13318528923850526,0.031727468535949745,0.10200000107288257,2,,false,0,0,1.8477000000000008,0.8775,-0.02,false,1,SLOW_STRAIGHT,0.17000000178813934,0.17000000178813934,0.10194866713351458,-0.03547664253908861,-0.0005033161298498405,-0.01,0.0,0.0,0.0,0.0,0.0,0.055968708464576127,6.568707714233823,false,false,in_progress
114,684,0.6746900844052618,1.478038157456937,3.1098651850538426,0.10200000107288257,-0.1325381574569371,0.031727468535949745,0.10200000107288257,2,,false,0,0,1.8477000000000008,0.8775,-0.02,false,1,SLOW_STRAIGHT,0.17000000178813934,0.17000000178813934,0.10194866713351458,-0.0351327263641597,-0.0005033161298498405,-0.01,0.0,0.0,0.0,0.0,0.0,0.05631262463950503,6.625020338873328,false,false,in_progress
115,690,0.6543003509785589,1.4773910256753688,3.1098651850538426,0.10200000107288257,-0.13189102567536892,0.031727468535949745,0.10200000107288257,2,,false,0,0,1.8477000000000008,0.8775,-0.02,false,1,SLOW_STRAIGHT,0.17000000178813934,0.17000000178813934,0.10194866713351458,-0.03479048530740165,-0.0005033161298498405,-0.01,0.0,0.0,0.0,0.0,0.0,0.056654865696263094,6.681675204569591,false,false,in_progress
116,696,0.633910617551856,1.4767438938938007,3.1098651850538426,0.10200000107288257,-0.13124389389380076,0.031727468535949745,0.10200000107288257,2,,false,0,0,1.8477000000000008,0.8775,-0.02,false,1,SLOW_STRAIGHT,0.17000000178813934,0.17000000178813934,0.10194866713351458,-0.03444991936881446,-0.0005033161298498405,-0.01,0.0,0.0,0.0,0.0,0.0,0.056995431634850276,6.738670636204441,false,false,in_progress
117,702,0.613520884125153,1.4760967621122325,3.1098651850538426,0.10200000107288257,-0.1305967621122326,0.031727468535949745,0.10200000107288257,2,,false,0,0,1.8477000000000008,0.8775,-0.02,false,1,SLOW_STRAIGHT,0.17000000178813934,0.17000000178813934,0.10194866713351458,-0.03411102854839814,-0.0005033161298498405,-0.01,0.0,0.0,0.0,0.0,0.0,0.05733432245526659,6.796004958659708,false,false,in_progress
118,708,0.5931311506984501,1.4754496303306643,3.1098651850538426,0.10200000107288257,-0.12994963033066442,0.031727468535949745,0.10200000107288257,2,,false,0,0,1.8477000000000008,0.8775,-0.02,false,1,SLOW_STRAIGHT,0.17000000178813934,0.17000000178813934,0.10194866713351458,-0.033773812846152676,-0.0005033161298498405,-0.01,0.0,0.0,0.0,0.0,0.0,0.05767153815751206,6.85367649681722,false,false,in_progress
119,714,0.5727414172717472,1.4748024985490962,3.1098651850538426,0.10200000107288257,-0.12946184461235793,0.005681255888242103,0.10200000107288257,2,,false,0,0,1.8477000000000008,0.8775,-0.02,false,1,SLOW_STRAIGHT,0.17000000178813934,0.17000000178813934,0.10199835496720097,-0.03352073842086862,-1.6138334233842782e-5,-0.01,0.0,0.0,0.0,0.0,0.0,0.05846147821209851,6.912137975029319,false,false,in_progress
120,720,0.5523516838450443,1.474155366767528,3.1098651850538426,0.10200000107288257,-0.12982165118686087,-0.04151653486831721,0.10200000107288257,2,,false,0,0,1.8477000000000008,0.8775,-0.02,false,1,SLOW_STRAIGHT,0.17000000178813934,0.17000000178813934,0.10191210894141077,-0.03370732223376595,-0.0008618113337360994,-0.01,0.0,0.0,0.0,0.0,0.0,0.05734297537390872,6.969480950403228,false,false,in_progress
121,726,0.531964015173714,1.4734509734373276,3.0958798519820188,0.10199981169267337,-0.13112251654251092,-0.07891268251854103,0.10199981169267337,2,,false,0,0,1.8477000000000008,0.8775,-0.02,false,1,SLOW_RIGHT,0.24650000035762787,0.09350000321865082,0.10168238926709328,-0.0343862286888821,-0.003113605731136025,-0.01,0.0,0.0,0.0,0.0,0.0,0.05418255484707513,7.023663505250303,false,false,in_progress
122,732,0.5116277958590533,1.471890815697711,3.0277614110674693,0.10199918589761421,-0.132647240850295,-0.06663188938321028,0.10199918589761421,2,,false,0,0,1.8477000000000008,0.8775,-0.02,false,1,SLOW_RIGHT,0.24650000035762787,0.09350000321865082,0.10177284122453606,-0.03519058101039234,-0.0022199043413881855,-0.01,0.0,0.0,0.0,0.0,0.0,0.05436235587275553,7.078025861123058,false,false,in_progress
123,738,0.49149586393388944,1.468642588437973,2.9327716650624964,0.10199878874863202,-0.1336369055911529,-0.03214623479854262,0.10199878874863202,2,,false,0,0,1.8477000000000008,0.8775,-0.02,false,1,SLOW_RIGHT,0.24650000035762787,0.09350000321865082,0.10194609151173471,-0.03571764507195743,-0.0005166902058615161,-0.01,0.0,0.0,0.0,0.0,0.0,0.055711756233915756,7.133737617356974,false,false,in_progress
124,744,0.4717816955126136,1.4634271927525258,2.8403804619178965,0.10199943878163929,-0.13378294878066613,-0.023668242958279042,0.10199943878163929,2,,false,0,0,1.8477000000000008,0.8775,-0.02,false,1,SLOW_STRAIGHT,0.17000000178813934,0.17000000178813934,0.10197087080052317,-0.03579575476890067,-0.00028009286236606274,-0.01,0.0,0.0,0.0,0.0,0.0,0.05589502316925642,7.189632640526231,false,false,in_progress
125,750,0.4524557561900773,1.4568999976387413,2.797297182618331,0.10199990010412287,-0.13405538224476993,-0.025418270302256636,0.10199990010412287,2,,false,0,0,1.8477000000000008,0.8775,-0.02,false,1,SLOW_STRAIGHT,0.17000000178813934,0.17000000178813934,0.10196695139870941,-0.03594169101758275,-0.0003230442325792908,-0.01,0.0,0.0,0.0,0.0,0.0,0.05570221614854736,7.245334856674778,false,false,in_progress
126,756,0.4333257489322745,1.4498154105804753,2.779040523280265,0.1019999829422801,-0.13505560369792005,-0.07438870577980028,0.1019999829422801,2,,false,0,0,1.8477000000000008,0.8775,-0.02,false,1,SLOW_STRAIGHT,0.17000000178813934,0.17000000178813934,0.10171789545036365,-0.03648003218041927,-0.0027668397737968457,-0.01,0.0,0.0,0.0,0.0,0.0,0.05247102349614753,7.297805880170926,false,false,in_progress
127,762,0.41430484283046976,1.442443141832406,2.757318880075959,0.10199975877601965,-0.13720242121411402,-0.13058052159067715,0.10199975877601965,2,,false,0,0,1.8477000000000008,0.8775,-0.02,false,1,SLOW_RIGHT,0.24650000035762787,0.09350000321865082,0.10113138089407847,-0.03764900877403033,-0.00852563630944665,-0.01,0.0,0.0,0.0,0.0,0.0,0.04495673581060149,7.342762615981528,false,false,in_progress
128,768,0.39565693275831165,1.4341826525110408,2.6859221562424134,0.10199914165287062,-0.1398765214863682,-0.1330834208597242,0.10199914165287062,2,,false,0,0,1.8477000000000008,0.8775,-0.02,false,1,SLOW_RIGHT,0.24650000035762787,0.09350000321865082,0.10109721058133188,-0.039130882526252846,-0.008855598453863236,-0.01,0.0,0.0,0.0,0.0,0.0,0.04311072960121579,7.385873345582743,false,false,in_progress
129,774,0.3777866635552157,1.4243597187753485,2.589543228739678,0.10199876608148736,-0.14232432489794034,-0.10514945731603627,0.10199876608148736,2,,false,0,0,1.8477000000000008,0.8775,-0.02,false,1,SLOW_RIGHT,0.24650000035762787,0.09350000321865082,0.1014354154157613,-0.04051242691530896,-0.005528204186928467,-0.01,0.0,0.0,0.0,0.0,0.0,0.045394784313523874,7.431268129896267,false,false,in_progress
130,780,0.361015597685155,1.4127625601009621,2.482578023002843,0.10199858645020973,-0.14422252067722885,-0.07564586586503941,0.10199858645020973,2,,false,0,0,1.8477000000000008,0.8775,-0.02,false,1,SLOW_RIGHT,0.24650000035762787,0.09350000321865082,0.10170689248287294,-0.04160027094098741,-0.0028611485112357673,-0.01,0.0,0.0,0.0,0.0,0.0,0.047245473030649764,7.478513602926917,false,false,in_progress
131,786,0.3456131705434476,1.399402381132731,2.371126852443459,0.10199850665311651,-0.14543046825764777,-0.04226930050893686,0.10199850665311651,2,,false,0,0,1.8477000000000008,0.8775,-0.02,false,1,SLOW_RIGHT,0.24650000035762787,0.09350000321865082,0.10190740017131253,-0.042300042195277394,-0.000893346882757405,-0.01,0.0,0.0,0.0,0.0,0.0,0.04871401109327773,7.527227614020195,false,false,in_progress
132,792,0.3318086882029888,1.384397356688426,2.2577747418233525,0.10199847217845795,-0.14588308049589432,-0.006660525047320222,0.10199847217845795,0,,false,0,0,1.8477000000000008,0.8775,-0.02,false,1,SLOW_RIGHT,0.24650000035762787,0.09350000321865082,0.10199620972842184,-0.042563746349943164,-2.2181296952990023e-5,-0.01,0.0,0.0,0.0,0.0,0.0,0.04941028208152568,7.576637896101721,false,false,in_progress
133,798,0.31975015672346085,1.3679538862278728,2.1576024356413335,0.10199934942143385,-0.1456036275043661,0.02458845361564197,0.10199934942143385,0,,false,0,0,1.8477000000000008,0.8775,-0.02,false,1,SLOW_STRAIGHT,0.17000000178813934,0.17000000178813934,0.10196851697695739,-0.04240083268486039,-0.00030229602560428835,-0.01,0.0,0.0,0.0,0.0,0.0,0.0492653882664927,7.6259032843682135,false,false,in_progress
134,804,0.30890750086734153,1.3506760714951382,2.1112218923048123,0.10199988405798395,-0.14535679019682946,-0.003679143303028433,0.10199988405798395,0,,false,0,0,1.8477000000000008,0.8775,-0.02,false,1,SLOW_STRAIGHT,0.17000000178813934,0.17000000178813934,0.1019991937186797,-0.04225719291265019,-6.768047722109484e-6,-0.01,0.0,0.0,0.0,0.0,0.0,0.0497352327583074,7.675638517126521,false,false,in_progress
135,810,0.2986080169295184,1.3330673418051584,2.0915680081674966,0.10199998006092825,-0.1459489310755631,-0.055951739966309616,0.10199998006092825,0,,false,0,0,1.8477000000000008,0.8775,-0.02,false,1,SLOW_STRAIGHT,0.17000000178813934,0.17000000178813934,0.10184036128303138,-0.04260218096419893,-0.0015652986026287643,-0.01,0.0,0.0,0.0,0.0,0.0,0.04767288171620368,7.723311398842725,false,false,in_progress
136,816,0.2885919942810169,1.3152959117876544,2.069254287071412,0.10199975445795122,-0.14763788710353526,-0.10229078483038773,0.10199975445795122,0,,false,0,0,1.8477000000000008,0.8775,-0.02,false,1,SLOW_RIGHT,0.24650000035762787,0.09350000321865082,0.10146658724351225,-0.043593891416792444,-0.00523170233060834,-0.01,0.0,0.0,0.0,0.0,0.0,0.042640993496111466,7.7659523923388365,false,false,in_progress
137,822,0.2794353037677147,1.29707136727392,1.9976066685857525,0.10199913821855151,-0.14971420793969353,-0.09564091366017026,0.10199913821855151,0,,false,0,0,1.8477000000000008,0.8775,-0.02,false,1,SLOW_RIGHT,0.24650000035762787,0.09350000321865082,0.10153299124759686,-0.044828688118019586,-0.0045735921828760715,-0.01,0.0,0.0,0.0,0.0,0.0,0.042130710946701205,7.808083103285537,false,false,in_progress
138,828,0.2718748314182727,1.2781326475867947,1.9011214237769096,0.10199876433807405,-0.15133437791778795,-0.06027879959710956,0.10199876433807405,0,,false,0,0,1.8477000000000008,0.8775,-0.02,false,1,SLOW_RIGHT,0.24650000035762787,0.09350000321865082,0.10181351246869391,-0.04580418787952773,-0.0018167668404342476,-0.01,0.0,0.0,0.0,0.0,0.0,0.04419255774873193,7.85227566103427,false,false,in_progress
139,834,0.2662917843515878,1.2585216304115237,1.7941111657861404,0.10199858565969797,-0.15208770779854894,-0.010437820291861691,0.10199858565969797,0,,false,0,0,1.8477000000000008,0.8775,-0.02,false,1,SLOW_RIGHT,0.24650000035762787,0.09350000321865082,0.10199302943447339,-0.046261341726833605,-5.4474046222599845e-5,-0.01,0.0,0.0,0.0,0.0,0.0,0.04567721366141718,7.897952874695687,false,false,in_progress
140,840,0.262886368567261,1.2384185922995656,1.6826409042089445,0.10199850630884148,-0.15175662812158086,0.04267010408307786,0.10199850630884148,0,,false,0,0,1.8477000000000008,0.8775,-0.02,false,1,SLOW_RIGHT,0.24650000035762787,0.09350000321865082,0.10190566412980039,-0.046060148357663575,-0.0009103688912303488,-0.01,0.0,0.0,0.0,0.0,0.0,0.04493514688090646,7.942888021576593,false,false,in_progress
141,846,0.26170295726963266,1.2180617494450472,1.5832660367887985,0.10199935888236424,-0.1502667813705669,0.09296934222406404,0.10199935888236424,0,,false,0,0,1.8477000000000008,0.8775,-0.02,false,1,SLOW_STRAIGHT,0.17000000178813934,0.17000000178813934,0.10155887083441567,-0.0451602111669395,-0.004321649296787569,-0.01,0.0,0.0,0.0,0.0,0.0,0.042077010370688596,7.984965031947281,false,false,in_progress
142,852,0.2619827065054357,1.1976654536601674,1.5372234103438225,0.10199988575685576,-0.14831443479555567,0.09354233080401188,0.10199988575685576,0,,false,0,0,1.8477000000000008,0.8775,-0.02,false,1,SLOW_STRAIGHT,0.17000000178813934,0.17000000178813934,0.10155395301424816,-0.04399434313745027,-0.004375083826123595,-0.01,0.0,0.0,0.0,0.0,0.0,0.04318452605067429,8.028149557997956,false,false,in_progress
143,858,0.2628936296047754,1.177286122401232,1.5177127194284208,0.10199998036599085,-0.14666001814000482,0.06694410584096323,0.10199998036599085,0,,false,0,0,1.8477000000000008,0.8775,-0.02,false,1,SLOW_STRAIGHT,0.17000000178813934,0.17000000178813934,0.10177150857540686,-0.043018321841653086,-0.002240756653423044,-0.01,0.0,0.0,0.0,0.0,0.0,0.04651243008033073,8.074661988078287,false,false,in_progress
144,864,0.26407179356050203,1.156920229620828,1.509445009929892,0.10199999735462273,-0.14542820643949794,0.06135131686500393,0.10199999735462273,0,,false,0,0,1.8477000000000008,0.8775,-0.02,false,1,SLOW_STRAIGHT,0.17000000178813934,0.17000000178813934,0.10180809437610978,-0.04229872645641846,-0.001881992040535058,-0.01,0.0,0.0,0.0,0.0,0.0,0.04762737587915626,8.122289363957442,false,false,in_progress
145,870,0.26536314115684007,1.136561152819283,1.5059415450526894,0.10200000040521505,-0.1441368588431599,0.06485478174220748,0.10200000040521505,0,,false,0,0,1.8477000000000008,0.8775,-0.02,false,1,SLOW_STRAIGHT,0.17000000178813934,0.17000000178813934,0.10178556230482101,-0.04155086815434601,-0.002103071357414684,-0.01,0.0,0.0,0.0,0.0,0.0,0.04813162279306031,8.170420986750502,false,false,in_progress
146,876,0.2667024382081537,1.116205165582139,1.5044569420743223,0.10200000095298918,-0.14279756179184627,0.06633938472057427,0.10200000095298918,0,,false,0,0,1.8477000000000008,0.8775,-0.02,false,1,SLOW_STRAIGHT,0.17000000178813934,0.17000000178813934,0.10177563664078415,-0.040782287307392306,-0.0022004569825521815,-0.01,0.0,0.0,0.0,0.0,0.0,0.04879289235083966,8.219213879101341,false,false,in_progress
147,882,0.2680620516226607,1.0958505236910838,1.5038278374363054,0.1020000010513538,-0.1414379483773393,0.0669684893585906,0.1020000010513538,0,,false,0,0,1.8477000000000008,0.8775,-0.02,false,1,SLOW_STRAIGHT,0.17000000178813934,0.17000000178813934,0.10177136281056867,-0.040009386482381795,-0.0022423892834858307,-0.01,0.0,0.0,0.0,0.0,0.0,0.049519587044701045,8.268733466146042,false,false,in_progress
148,888,0.269430273721118,1.075496458382132,1.50356125259757,0.10200000106902271,-0.14006972627888198,0.06723507419732676,0.10200000106902271,0,,false,0,0,1.8477000000000008,0.8775,-0.02,false,1,SLOW_STRAIGHT,0.17000000178813934,0.17000000178813934,0.10176953958873516,-0.03923905643968184,-0.0022602776011600174,-0.01,0.0,0.0,0.0,0.0,0.0,0.050270205547893305,8.319003671693935,false,false,in_progress
149,894,0.27080214369517186,1.0551426385664233,1.5034482865312766,0.10200000107218805,-0.13869785630482817,0.06734804026362064,0.10200000107218805,0,,false,0,0,1.8477000000000008,0.8775,-0.02,false,1,SLOW_STRAIGHT,0.17000000178813934,0.17000000178813934,0.10176876480734204,-0.03847419068710953,-0.0022678792636751334,-0.01,0.0,0.0,0.0,0.0,0.0,0.05102669485655738,8.370030366550491,false,false,in_progress
150,900,0.27217555945254635,1.0347889229883438,1.5034004168467354,0.10200000107275942,-0.13732444054745369,0.06739590994816154,0.10200000107275942,0,,false,0,0,1.8477000000000008,0.8775,-0.02,false,1,SLOW_STRAIGHT,0.17000000178813934,0.17000000178813934,0.10176843609903785,-0.037716003943342284,-0.0022711043388703497,-0.01,0.0,0.0,0.0,0.0,0.0,0.05178132781682521,8.421811694367316,false,false,in_progress
151,906,0.2735496302373563,1.0144352516188113,1.5033801319348739,0.10200000107286608,-0.13595036976264374,0.06741619486002226,0.10200000107286608,0,,false,0,0,1.8477000000000008,0.8775,-0.02,false,1,SLOW_STRAIGHT,0.17000000178813934,0.17000000178813934,0.1017682967374973,-0.03696500607719912,-0.002272471664702246,-0.01,0.0,0.0,0.0,0.0,0.0,0.052530818995595925,8.474342513362911,false,false,in_progress
152,912,0.27492397859121936,0.9940815989895062,1.5033715361470978,0.10200000107288057,-0.13457602140878056,0.0674247906477987,0.10200000107288057,0,,false,0,0,1.8477000000000008,0.8775,-0.02,false,1,SLOW_STRAIGHT,0.17000000178813934,0.17000000178813934,0.10176823766999442,-0.036221411076433126,-0.0022730511969497416,-0.01,0.0,0.0,0.0,0.0,0.0,0.05327377539661154,8.527616288759523,false,false,in_progress
153,918,0.2762984445665046,0.9737279543026927,1.5033678936581387,0.10200000107288228,-0.13320155543349532,0.06742843313675753,0.10200000107288228,0,,false,0,0,1.8477000000000008,0.8775,-0.02,false,1,SLOW_STRAIGHT,0.17000000178813934,0.17000000178813934,0.10176821263770319,-0.03548530873980506,-0.0022732967976390904,-0.01,0.0,0.0,0.0,0.0,0.0,0.054009607100259045,8.581625895859782,false,false,in_progress
154,924,0.2776729603811,0.9533743129815415,1.5033663501433192,0.1020000010728818,-0.13182703961890002,0.06742997665157688,0.1020000010728818,0,,false,0,0,1.8477000000000008,0.8775,-0.02,false,1,SLOW_STRAIGHT,0.17000000178813934,0.17000000178813934,0.10176820202979171,-0.03475673674936607,-0.0022734008756161014,-0.01,0.0,0.0,0.0,0.0,0.0,0.05473806440480954,8.63636396026459,false,false,in_progress
155,930,0.27904749731982514,0.9330206730869478,1.503365696074625,0.10200000107288362,-0.1304525026801749,0.06743063072027146,0.10200000107288362,0,,false,0,0,1.8477000000000008,0.8775,-0.02,false,1,SLOW_STRAIGHT,0.17000000178813934,0.17000000178813934,0.10176819753458861,-0.03403571091104207,-0.0022734449796668085,-0.01,0.0,0.0,0.0,0.0,0.0,0.055459041643879735,8.691823001908471,false,false,in_progress
156,936,0.280422043204502,0.9126670337965004,1.5033654189111978,0.1020000010728842,-0.129077956795498,0.0674309078836981,0.1020000010728842,0,,false,0,0,1.8477000000000008,0.8775,-0.02,false,1,SLOW_STRAIGHT,0.17000000178813934,0.17000000178813934,0.10176819562972049,-0.03332223786100089,-0.002273463669009889,-0.01,0.0,0.0,0.0,0.0,0.0,0.056172494099709695,8.74799549600818,false,false,in_progress
157,942,0.2817965928699997,0.8923133947613842,1.5033653014624253,0.10200000107288254,-0.12770340713000028,0.06743102533247097,0.10200000107288254,0,,false,0,0,1.8477000000000008,0.8775,-0.02,false,1,SLOW_STRAIGHT,0.17000000178813934,0.17000000178813934,0.10176819482252306,-0.03261632038522121,-0.002273471588694171,-0.01,0.0,0.0,0.0,0.0,0.0,0.05687840284860766,8.804873898856787,false,false,in_progress
158,948,0.28317114380910335,0.8719597558122788,1.5033652899467096,0.10200000107288328,-0.12632885619089662,0.06743103684818767,0.10200000107288328,2,,false,0,0,1.8477000000000008,0.8775,-0.02,false,1,SLOW_STRAIGHT,0.17000000178813934,0.17000000178813934,0.1017681947433791,-0.03191795981300048,-0.002273472365210822,-0.01,0.0,0.0,0.0,0.0,0.0,0.0575767625651678,8.862450661421954,false,false,in_progress
159,954,0.2845456947545668,0.851606116863603,1.5033652899467096,0.10200000107288328,-0.12495430524543316,0.06743103684818767,0.10200000107288328,2,,false,0,0,1.8477000000000008,0.8775,-0.02,false,1,SLOW_STRAIGHT,0.17000000178813934,0.17000000178813934,0.1017681947433791,-0.03122715679873777,-0.002273472365210822,-0.01,0.0,0.0,0.0,0.0,0.0,0.05826756557943052,8.920718227001386,false,false,in_progress
160,960,0.2859202457000303,0.8312524779149272,1.5033652899467096,0.10200000107288328,-0.12357975429996976,0.06743103684818767,0.10200000107288328,2,,false,0,0,1.8477000000000008,0.8775,-0.02,false,1,SLOW_STRAIGHT,0.17000000178813934,0.17000000178813934,0.1017681947433791,-0.03054391134568179,-0.002273472365210822,-0.01,0.0,0.0,0.0,0.0,0.0,0.0589508110324865,8.979669038033872,false,false,in_progress
161,966,0.28729479664549373,0.8108988389662514,1.5033652899467096,0.10200000107288328,-0.12220520335450624,0.06743103684818767,0.10200000107288328,2,,false,0,0,1.8477000000000008,0.8775,-0.02,false,1,SLOW_STRAIGHT,0.17000000178813934,0.17000000178813934,0.1017681947433791,-0.029868223453832447,-0.002273472365210822,-0.01,0.0,0.0,0.0,0.0,0.0,0.05962649892433584,9.039295536958209,false,false,in_progress
162,972,0.2886693475909572,0.7905452000175756,1.5033652899467096,0.10200000107288328,-0.12083065240904278,0.06743103684818767,0.10200000107288328,2,,false,0,0,1.8477000000000008,0.8775,-0.02,false,1,SLOW_STRAIGHT,0.17000000178813934,0.17000000178813934,0.1017681947433791,-0.029200093123189833,-0.002273472365210822,-0.01,0.0,0.0,0.0,0.0,0.0,0.06029462925497845,9.099590166213186,false,false,in_progress
163,978,0.29004389853642065,0.7701915610688997,1.5033652899467096,0.10200000107288328,-0.11945610146357932,0.06743103684818767,0.10200000107288328,2,,false,0,0,1.8477000000000008,0.8775,-0.02,false,1,SLOW_STRAIGHT,0.17000000178813934,0.17000000178813934,0.1017681947433791,-0.028539520353753917,-0.002273472365210822,-0.01,0.0,0.0,0.0,0.0,0.0,0.060955202024414366,9.160545368237601,false,false,in_progress
164,984,0.2914184494818841,0.7498379221202238,1.5033652899467096,0.10200000107288328,-0.11808155051811586,0.06743103684818767,0.10200000107288328,2,,false,0,0,1.8477000000000008,0.8775,-0.02,false,1,SLOW_STRAIGHT,0.17000000178813934,0.17000000178813934,0.1017681947433791,-0.0278865051455247,-0.002273472365210822,-0.01,0.0,0.0,0.0,0.0,0.0,0.061608217232643585,9.222153585470245,false,false,in_progress
165,990,0.29279300042734757,0.729484283171548,1.5033652899467096,0.10200000107288328,-0.1167069995726524,0.06743103684818767,0.10200000107288328,2,,false,0,0,1.8477000000000008,0.8775,-0.02,false,1,SLOW_STRAIGHT,0.17000000178813934,0.17000000178813934,0.1017681947433791,-0.027241047498502178,-0.002273472365210822,-0.01,0.0,0.0,0.0,0.0,0.0,0.062253674879666106,9.284407260349912,false,false,in_progress
166,996,0.29432027925062004,0.7068691288584668,1.5033652899467096,0.1460000000894089,-0.11517972074937993,0.06743103684818767,0.1460000000894089,2,,false,0,0,1.8477000000000008,0.8775,-0.02,false,1,FAST_STRAIGHT,0.4099999964237213,0.4099999964237213,0.14566819887595447,-0.026532736143810284,-0.002273472365210822,-0.01,0.0,0.0,0.0,0.0,0.0,0.10686199036693338,9.391269250716846,false,false,in_progress
167,1002,0.29688846366892124,0.6688407832549526,1.5033652899467096,0.2125102009347475,-0.11261153633107873,0.06743103684818767,0.2125102009347475,2,,false,0,0,1.8477000000000008,0.8775,-0.02,false,1,FAST_STRAIGHT,0.4099999964237213,0.4099999964237213,0.21202724790393648,-0.02536271622969173,-0.002273472365210822,-0.01,0.0,0.0,0.0,0.0,0.0,0.1743910593090339,9.56566031002588,false,false,in_progress
168,1008,0.2999534187574768,0.6234565146890922,1.5033652899467096,0.2347843326264611,-0.1095465812425232,0.06743103684818767,0.2347843326264611,2,,false,0,0,1.8477000000000008,0.8775,-0.02,false,1,FAST_STRAIGHT,0.4099999964237213,0.4099999964237213,0.23425075915784577,-0.02400090692384947,-0.002273472365210822,-0.01,0.0,0.0,0.0,0.0,0.0,0.19797637986878544,9.763636689894666,false,false,in_progress
169,1014,0.30318474133837464,0.5756087624065254,1.5033652899467096,0.24224389426232767,-0.10641302173711403,0.045478476125942816,0.24224389426232767,2,,false,0,0,1.8477000000000008,0.8775,-0.02,false,1,FAST_STRAIGHT,0.4099999964237213,0.4099999964237213,0.24199342190868903,-0.022647462390447008,-0.0010341458953689753,-0.01,0.0,0.0,0.0,0.0,0.0,0.20831181362287302,9.971948503517538,false,false,in_progress
170,1020,0.3063190521780343,0.5291975097760537,1.5033652899467096,0.2007420873445759,-0.10693091959838973,-0.07697070882382984,0.2007420873445759,2,,false,0,0,1.8477000000000008,0.8775,-0.02,false,1,SLOW_STRAIGHT,0.17000000178813934,0.17000000178813934,0.2001477336221942,-0.022868443132314575,-0.002962245008421398,-0.01,0.0,0.0,0.0,0.0,0.0,0.16431704548145823,10.136265548998997,false,false,in_progress
171,1026,0.3084311166440712,0.49792315234323237,1.5033652899467096,0.13506852597847235,-0.1106723475620641,-0.16783919344456952,0.13506852597847235,2,,false,0,0,1.8477000000000008,0.8775,-0.02,false,1,SLOW_STRAIGHT,0.17000000178813934,0.17000000178813934,0.13317054792272226,-0.024496737029796628,-0.014084997428061814,-0.01,0.0,0.0,0.0,0.0,0.0,0.08458881346486383,10.22085436246386,false,false,in_progress
172,1032,0.31007608403504605,0.4739138224672035,1.49605529008333,0.11307447640565906,-0.11556703351297995,-0.2501393979186109,0.11307447640565906,2,,false,0,0,1.8477000000000008,0.8775,-0.02,false,1,SLOW_RIGHT,0.24650000035762787,0.09350000321865082,0.1095553640364466,-0.02671147846998046,-0.03128485919554258,-0.01,0.0,0.0,0.0,0.0,0.0,0.04155902637092355,10.262413388834783,false,false,in_progress
173,1038,0.312261080030482,0.4524003106890806,1.4351109348516933,0.10570810750597397,-0.12091326238519373,-0.25381269739898166,0.10570810750597397,2,,false,0,0,1.8477000000000008,0.8775,-0.02,false,1,SLOW_RIGHT,0.24650000035762787,0.09350000321865082,0.1023214422778361,-0.02924003404126141,-0.03221044268047352,-0.01,0.0,0.0,0.0,0.0,0.0,0.030870965556101172,10.293284354390885,false,false,in_progress
174,1044,0.31598425593764307,0.43193243243827095,1.3431612275927114,0.10324091153200628,-0.12593520098833907,-0.23016462324473175,0.10324091153200628,2,,false,0,0,1.8477000000000008,0.8775,-0.02,false,1,SLOW_RIGHT,0.24650000035762787,0.09350000321865082,0.10051833011366809,-0.03171934969594672,-0.026487876896694657,-0.01,0.0,0.0,0.0,0.0,0.0,0.03231110352102671,10.325595457911911,false,false,in_progress
175,1050,0.3216465753292386,0.4122005851057591,1.2380729162436328,0.1024145863362486,-0.13038145313451838,-0.20402301165567172,0.1024145863362486,2,,false,0,0,1.8477000000000008,0.8775,-0.02,false,1,SLOW_RIGHT,0.24650000035762787,0.09350000321865082,0.1002904463638634,-0.033998646642937225,-0.02081269464252518,-0.01,0.0,0.0,0.0,0.0,0.0,0.035479105078401,10.361074562990312,false,false,in_progress
176,1056,0.32937340213619354,0.3932820006021436,1.1274170848972307,0.10213782738286509,-0.13414418804319922,-0.1680153205644148,0.10213782738286509,2,,false,0,0,1.8477000000000008,0.8775,-0.02,false,1,SLOW_RIGHT,0.24650000035762787,0.09350000321865082,0.10069958361009745,-0.035989326371538385,-0.014114573972181532,-0.01,0.0,0.0,0.0,0.0,0.0,0.04059568326637753,10.40167024625669,false,false,in_progress
177,1062,0.33915158154665087,0.37537295482080735,1.0144020014789918,0.1020451317388337,-0.1371808190061581,-0.13165626459432073,0.1020451317388337,2,,false,0,0,1.8477000000000008,0.8775,-0.02,false,1,SLOW_RIGHT,0.24650000035762787,0.09350000321865082,0.10116201534558186,-0.03763715420640062,-0.008666686003464895,-0.01,0.0,0.0,0.0,0.0,0.0,0.04485817513571634,10.446528421392408,false,false,in_progress
178,1068,0.3508906205498056,0.35869617201530946,0.9003871784385982,0.10201408420037668,-0.1394729714541526,-0.09546024799973606,0.10201408420037668,2,,false,0,0,1.8477000000000008,0.8775,-0.02,false,1,SLOW_RIGHT,0.24650000035762787,0.09350000321865082,0.10154962728564562,-0.038905419532501734,-0.004556329474085556,-0.01,0.0,0.0,0.0,0.0,0.0,0.04808787827905833,10.494616299671467,false,false,in_progress
179,1074,0.36445208025481707,0.34346911038885586,0.7859487129548905,0.10200368479038979,-0.1410076912218695,-0.059077382123747475,0.10200368479038979,0,,false,0,0,1.8477000000000008,0.8775,-0.02,false,1,SLOW_RIGHT,0.24650000035762787,0.09350000321865082,0.10182573313450877,-0.03976633796744419,-0.0017450685392976389,-0.01,0.0,0.0,0.0,0.0,0.0,0.050314326627766935,10.544930626299234,false,false,in_progress
180,1080,0.3796641050085931,0.329892566700686,0.6713307278084627,0.1020002013533325,-0.1417697304515511,-0.021808892640718707,0.1020002013533325,0,,false,0,0,1.8477000000000008,0.8775,-0.02,false,1,SLOW_RIGHT,0.24650000035762787,0.09350000321865082,0.10197594524916827,-0.040197312944610916,-0.0002378138991071973,-0.01,0.0,0.0,0.0,0.0,0.0,0.051540818405450155,10.596471444704683,false,false,in_progress
181,1086,0.3963292112125659,0.3181458160835233,0.5566366707060453,0.10199903446332766,-0.14173919213375943,0.02461434750928325,0.10199903446332766,0,,false,0,0,1.8477000000000008,0.8775,-0.02,false,1,SLOW_RIGHT,0.24650000035762787,0.09350000321865082,0.10196813714456904,-0.040179997173461546,-0.0003029330516538792,-0.01,0.0,0.0,0.0,0.0,0.0,0.05148520691945361,10.647956651624137,false,false,in_progress
182,1092,0.41421993001718943,0.30836489575735904,0.44922037776416857,0.10199932094043844,-0.1409063112455319,0.058394122454405145,0.10199932094043844,0,,false,0,0,1.8477000000000008,0.8775,-0.02,false,1,SLOW_STRAIGHT,0.17000000178813934,0.17000000178813934,0.10182546795760805,-0.039709177097645425,-0.0017049367686100315,-0.01,0.0,0.0,0.0,0.0,0.0,0.05041135409135259,10.698368005715489,false,false,in_progress
183,1098,0.432856143148163,0.30007315366766507,0.3954247802218603,0.10199990947278549,-0.13988634035469047,0.03463176075941591,0.10199990947278549,0,,false,0,0,1.8477000000000008,0.8775,-0.02,false,1,SLOW_STRAIGHT,0.17000000178813934,0.17000000178813934,0.10193874833876686,-0.03913637643565661,-0.0005996794266487098,-0.01,0.0,0.0,0.0,0.0,0.0,0.05220269247646154,10.75057069819195,false,false,in_progress
184,1104,0.4517818258039387,0.29245994281940857,0.37262874625729786,0.10199999484867557,-0.1395623155367817,-0.00943463093642764,0.10199999484867557,0,,false,0,0,1.8477000000000008,0.8775,-0.02,false,1,SLOW_STRAIGHT,0.17000000178813934,0.17000000178813934,0.10199545525727202,-0.038955279835976436,-4.450613045329874e-5,-0.01,0.0,0.0,0.0,0.0,0.0,0.05299566929084228,10.803566367482793,false,false,in_progress
185,1110,0.47082228837257334,0.2851375329717851,0.36296886351122765,0.10200000337925426,-0.14029672940540197,-0.06285326367300344,0.10200000337925426,0,,false,0,0,1.8477000000000008,0.8775,-0.02,false,1,SLOW_STRAIGHT,0.17000000178813934,0.17000000178813934,0.1017985925218894,-0.03936634456370516,-0.0019752663771740466,-0.01,0.0,0.0,0.0,0.0,0.0,0.05045698158101019,10.854023349063803,false,false,in_progress
186,1116,0.48991733151669375,0.27795867525496853,0.3515654614880154,0.10199988760194355,-0.14217151848998835,-0.11629523119526029,0.10199988760194355,0,,false,0,0,1.8477000000000008,0.8775,-0.02,false,1,SLOW_RIGHT,0.24650000035762787,0.09350000321865082,0.10131091177575756,-0.0404254813394982,-0.0067622903993795214,-0.01,0.0,0.0,0.0,0.0,0.0,0.04412314003687984,10.898146489100684,false,false,in_progress
187,1122,0.5092539400389315,0.27146900120934037,0.288886515715069,0.10199925755927082,-0.14452446719854017,-0.10842338380953433,0.10199925755927082,0,,false,0,0,1.8477000000000008,0.8775,-0.02,false,1,SLOW_RIGHT,0.24650000035762787,0.09350000321865082,0.10140031187890743,-0.04177464323804383,-0.0058778150783547955,-0.01,0.0,0.0,0.0,0.0,0.0,0.0437478535625088,10.941894342663193,false,false,in_progress
188,1128,0.5290422583410985,0.2665412271227172,0.1962017708935206,0.10199882617322431,-0.14637710336888693,-0.07157628676720616,0.10199882617322431,0,,false,0,0,1.8477000000000008,0.8775,-0.02,false,1,SLOW_RIGHT,0.24650000035762787,0.09350000321865082,0.10173765930252653,-0.04285251278133162,-0.002561582413690666,-0.01,0.0,0.0,0.0,0.0,0.0,0.04632356410750424,10.988217906770698,false,false,in_progress
189,1134,0.5492213321159274,0.2636122134179897,0.09080198533452524,0.10199861387374594,-0.14724082444196962,-0.013064221860268288,0.10199861387374594,0,,false,0,0,1.8477000000000008,0.8775,-0.02,false,1,SLOW_RIGHT,0.24650000035762787,0.09350000321865082,0.1019899097472985,-0.043359720764701834,-8.53369464071559e-5,-0.01,0.0,0.0,0.0,0.0,0.0,0.04854485203618951,11.036762758806887,false,false,in_progress
190,1140,0.5695979156937809,0.26288486144673406,-0.019985834073962663,0.10199851862194739,-0.14685739320356492,0.0543157755976098,0.10199851862194739,0,,false,0,0,1.8477000000000008,0.8775,-0.02,false,1,SLOW_RIGHT,0.24650000035762787,0.09350000321865082,0.10184809741626621,-0.04313418787709295,-0.001475101739384952,-0.01,0.0,0.0,0.0,0.0,0.0,0.047238807799788306,11.084001566606675,false,false,in_progress
191,1146,0.5899300716235727,0.2644202510211302,-0.12574684793701804,0.10199914712416368,-0.14507974897886972,0.12574684793701843,0.10199914712416368,0,,false,0,0,1.8477000000000008,0.8775,-0.02,false,1,SLOW_STRAIGHT,0.17000000178813934,0.17000000178813934,0.10119379015871097,-0.0420962671275437,-0.007906134883047818,-0.01,0.0,0.0,0.0,0.0,0.0,0.04119138814811945,11.125192954754795,false,false,in_progress
192,1152,0.6123127868065268,0.26797963020277327,-0.17884101636940794,0.1459997806023688,-0.14152036979722665,0.17884101636940822,0.1459997806023688,0,,false,0,0,1.8477000000000008,0.8775,-0.02,false,1,FAST_STRAIGHT,0.4099999964237213,0.4099999964237213,0.14367116065180116,-0.040056030135087566,-0.01599205456802147,-0.01,0.0,0.0,0.0,0.0,0.0,0.07762307594869212,11.202816030703486,false,false,in_progress
193,1158,0.6497251180526178,0.2752603888138274,-0.20133981779926582,0.21251014356814663,-0.13423961118617256,0.20133981779926577,0.21251014356814663,0,,false,0,0,1.8477000000000008,0.8775,-0.02,false,1,FAST_STRAIGHT,0.4099999964237213,0.4099999964237213,0.20821733614275012,-0.03604054642282957,-0.02026886111572077,-0.01,0.0,0.0,0.0,0.0,0.0,0.1419079286041998,11.344723959307686,false,false,in_progress
194,1164,0.6942431143551671,0.28460160809965673,-0.21087374743270132,0.23478432124579826,-0.12489839190034319,0.21087374743270157,0.23478432124579826,0,,false,0,0,1.8477000000000008,0.8775,-0.02,false,1,FAST_STRAIGHT,0.4099999964237213,0.4099999964237213,0.22958347290199121,-0.031199216598583424,-0.022233868678155407,-0.01,0.0,0.0,0.0,0.0,0.0,0.16615038762525236,11.510874346932939,false,false,in_progress
195,1170,0.741114224289585,0.2947477800124618,-0.2149137766110856,0.24224389215387376,-0.1147522199875381,0.21491377661108543,0.24224389215387376,0,,false,0,0,1.8477000000000008,0.8775,-0.02,false,1,FAST_STRAIGHT,0.4099999964237213,0.4099999964237213,0.2366710196021688,-0.026336143984136674,-0.023093965688619766,-0.01,0.0,0.0,0.0,0.0,0.0,0.17724090992941235,11.688115256862352,false,false,in_progress
196,1176,0.7865516361812313,0.30471118122596375,-0.21662575020327107,0.20074208703085855,-0.10478881877403623,0.21662575020327082,0.20074208703085855,0,,false,0,0,1.8477000000000008,0.8775,-0.02,false,1,SLOW_STRAIGHT,0.17000000178813934,0.17000000178813934,0.196050393886904,-0.021961393080115615,-0.023463357825564943,-0.01,0.0,0.0,0.0,0.0,0.0,0.14062564298122346,11.828740899843575,false,false,in_progress
197,1182,0.817161994787668,0.3114604146299671,-0.21735120377079029,0.13506852594058044,-0.09803958537003293,0.21735120377079034,0.13506852594058044,0,,false,1,0,1.8477000000000008,0.8775,-0.02,false,1,SLOW_STRAIGHT,0.17000000178813934,0.17000000178813934,0.13189064324561436,-0.01922352059905595,-0.023620772890305813,-0.01,0.0,0.0,0.0,0.0,0.0,0.0790463497562526,11.907787249599828,false,false,in_progress
198,1188,0.8406605505171763,0.31665403935882885,-0.21765861673617048,0.11307458314987592,-0.09284596064117112,0.21765861673617073,0.11307458314987592,0,,false,1,0,1.8477000000000008,0.8775,-0.02,false,1,SLOW_STRAIGHT,0.17000000178813934,0.17000000178813934,0.11040667125320805,-0.017240744814763793,-0.02368763671975163,-0.01,0.0,0.0,0.0,0.0,0.0,0.05947828971869263,11.96726553931852,false,false,in_progress
199,1194,0.8617775409618998,0.32132594690853833,-0.21778888383459702,0.10570885620400229,-0.08817405309146165,0.21778888383459713,0.10570885620400229,0,,false,1,0,1.8477000000000008,0.8775,-0.02,false,1,SLOW_STRAIGHT,0.17000000178813934,0.17000000178813934,0.10321175872591908,-0.015549327277151795,-0.02371599896095982,-0.01,0.0,0.0,0.0,0.0,0.0,0.05394643248780746,12.021211971806327,false,false,in_progress
200,1200,0.8820969193613647,0.3258232697056205,-0.21784408487958692,0.1032420891522478,-0.0836767302943795,0.217844084879587,0.1032420891522478,2,,false,1,0,1.8477000000000008,0.8775,-0.02,false,1,SLOW_STRAIGHT,0.17000000178813934,0.17000000178813934,0.10080203108688507,-0.014003590385516655,-0.023728022658512354,-0.01,0.0,0.0,0.0,0.0,0.0,0.05307041804285605,12.074282389849182,false,false,in_progress
201,1206,0.9021491519273281,0.33026224698900375,-0.21786747647581337,0.10241597385754937,-0.07923775301099623,0.21786747647581362,0.10241597385754937,2,,false,1,0,1.8477000000000008,0.8775,-0.02,false,1,SLOW_STRAIGHT,0.17000000178813934,0.17000000178813934,0.0999949226847601,-0.012557243004463283,-0.0237331186529696,-0.01,0.0,0.0,0.0,0.0,0.0,0.053704561027327215,12.12798695087651,false,false,in_progress
202,1212,0.9221119043656782,0.33468174555469643,-0.21787738872972312,0.10213930951682697,-0.07481825444530354,0.21787738872972331,0.10213930951682697,2,,false,1,0,1.8477000000000008,0.8775,-0.02,false,1,SLOW_STRAIGHT,0.17000000178813934,0.17000000178813934,0.09972457968056397,-0.011195542396484367,-0.023735278259841484,-0.01,0.0,0.0,0.0,0.0,0.0,0.05479375902423813,12.182780709900747,false,false,in_progress
203,1218,0.9420446840720121,0.3390947479155413,-0.21788158907486493,0.10204665518889405,-0.07040525208445869,0.2178815890748648,0.10204665518889405,2,,false,1,0,1.8477000000000008,0.8775,-0.02,false,1,SLOW_STRAIGHT,0.17000000178813934,0.17000000178813934,0.09963402319016448,-0.00991379904215235,-0.02373619342889412,-0.01,0.0,0.0,0.0,0.0,0.0,0.05598403071911801,12.238764740619866,false,false,in_progress
204,1224,0.9619674233800227,0.34350558641257245,-0.21788336898279215,0.10201562544193872,-0.06599441358742753,0.21788336898279195,0.10201562544193872,2,,false,1,0,1.8477000000000008,0.8775,-0.02,false,1,SLOW_STRAIGHT,0.17000000178813934,0.17000000178813934,0.09960368781169003,-0.008710525249496878,-0.023736581239645733,-0.01,0.0,0.0,0.0,0.0,0.0,0.057156581322547424,12.295921321942414,false,false,in_progress
205,1230,0.9818867990756902,0.34791570521895676,-0.21788412322372297,0.10200523364246633,-0.061584294781043214,0.2178841232237229,0.10200523364246633,2,,false,1,0,1.8477000000000008,0.8775,-0.02,false,1,SLOW_STRAIGHT,0.17000000178813934,0.17000000178813934,0.09959352507282127,-0.007585250727356853,-0.02373674557648523,-0.01,0.0,0.0,0.0,0.0,0.0,0.05827152876897918,12.354192850711392,false,false,in_progress
206,1236,1.0018050478361646,0.3523255851172158,-0.21788444283541358,0.10200175344985114,-0.057174414882784186,0.21788444283541375,0.10200175344985114,2,,false,1,0,1.8477000000000008,0.8775,-0.02,false,1,SLOW_STRAIGHT,0.17000000178813934,0.17000000178813934,0.09959012011519432,-0.0065378274343774676,-0.02373681521484934,-0.01,0.0,0.0,0.0,0.0,0.0,0.05931547746596751,12.41350832817736,false,false,in_progress
207,1242,1.0217274323546568,0.3567147772265644,-0.21057457840844895,0.10200049164567951,-0.052785222773435614,0.21057457840844893,0.10200049164567951,2,,false,1,0,1.8477000000000008,0.8775,-0.02,false,1,SLOW_LEFT,0.09350000321865082,0.24650000035762787,0.09974740041211884,-0.005572559486482452,-0.022170826535948002,-0.01,0.0,0.0,0.0,0.0,0.0,0.06200401438968838,12.475512342567047,false,false,in_progress
208,1248,1.0417806978248108,0.36044262265639126,-0.14963028056846556,0.10199947518249419,-0.04905737734360871,0.1496302805684654,0.10199947518249419,2,,false,1,0,1.8477000000000008,0.8775,-0.02,false,1,SLOW_LEFT,0.09350000321865082,0.24650000035762787,0.10085975962148282,-0.004813252543666427,-0.011194610431498836,-0.01,0.0,0.0,0.0,0.0,0.0,0.07485189664631757,12.550364239213364,false,false,in_progress
209,1254,1.0620592291675708,0.3626054816925681,-0.06499059749266299,0.1019994765755282,-0.046894518307431854,0.06499059749266364,0.1019994765755282,2,,false,1,0,1.8477000000000008,0.8775,-0.02,false,1,SLOW_STRAIGHT,0.17000000178813934,0.17000000178813934,0.10178414082526309,-0.004398191694572123,-0.002111888881226709,-0.01,0.0,0.0,0.0,0.0,0.0,0.08527406024946427,12.635638299462828,false,false,in_progress
210,1260,1.082441371359383,0.3634188722021463,-0.020846651680707817,0.10199991711475707,-0.04608112779785373,0.0208466516807093,0.10199991711475707,2,,false,1,0,1.8477000000000008,0.8775,-0.02,false,1,SLOW_STRAIGHT,0.17000000178813934,0.17000000178813934,0.10197775420821863,-0.004246940678244255,-0.0002172914431484099,-0.01,0.0,0.0,0.0,0.0,0.0,0.08751352208682596,12.723151821549655,false,false,in_progress
211,1266,1.1051066628918302,0.3636361921725997,-0.002140531960266001,0.14599998022649374,-0.045863807827400294,0.0021405319602470396,0.14599998022649374,2,,false,1,0,1.8477000000000008,0.8775,-0.02,false,1,FAST_STRAIGHT,0.4099999964237213,0.4099999964237213,0.14599964574964044,-0.004206977736857409,-2.290938536419517e-6,-0.01,0.0,0.0,0.0,0.0,0.0,0.1317903770742466,12.8549421986239,false,false,in_progress
212,1272,1.1432214085763923,0.3635383037651476,0.0057862382583748605,0.21251019628604556,-0.04596169623485241,-0.005786238258382354,0.21251019628604556,2,,false,1,0,1.8477000000000008,0.8775,-0.02,false,1,FAST_STRAIGHT,0.4099999964237213,0.4099999964237213,0.21250663881650678,-0.004224955041569693,-1.6740276591383825e-5,-0.01,0.0,0.0,0.0,0.0,0.0,0.1982649434983457,13.053207142122247,false,false,in_progress
213,1278,1.1887076764926665,0.36318712568179956,0.009145229168203576,0.23478433204171056,-0.04677173591241977,-0.06043490930591121,0.23478433204171056,2,,false,1,0,1.8477000000000008,0.8775,-0.02,false,1,FAST_STRAIGHT,0.4099999964237213,0.4099999964237213,0.23435570193008115,-0.0043751905605222755,-0.0018261891314068565,-0.01,0.0,0.0,0.0,0.0,0.0,0.218154322238152,13.2713614643604,false,false,in_progress
214,1284,1.236662034199978,0.3627095842202417,0.010568610901381465,0.24224389427787588,-0.05323203382681648,-0.2179456904290112,0.24224389427787588,2,,false,1,0,1.8477000000000008,0.8775,-0.02,false,1,FAST_STRAIGHT,0.4099999964237213,0.4099999964237213,0.2365133002800649,-0.005667298850678668,-0.023750161988289196,-0.01,0.0,0.0,0.0,0.0,0.0,0.19709583944109701,13.468457303801497,false,false,in_progress
215,1290,1.2831766124440123,0.3622448077777418,0.0038617730032995757,0.20074190331824532,-0.06729791637691226,-0.3933598623454849,0.20074190331824532,2,,false,1,0,1.8477000000000008,0.8775,-0.02,false,1,SLOW_RIGHT,0.24650000035762787,0.09350000321865082,0.1854105337415551,-0.009058019097347752,-0.07736599065222942,-0.01,0.0,0.0,0.0,0.0,0.0,0.08898652399197796,13.557443827793474,false,false,in_progress
216,1296,1.3145104758433808,0.36290079215410254,-0.05682699066916891,0.13506757360495614,-0.08049355852574858,-0.4652962897729973,0.13506757360495614,2,,false,1,0,1.8477000000000008,0.8775,-0.02,false,1,SLOW_RIGHT,0.24650000035762787,0.09350000321865082,0.12070835930821285,-0.012958425928276222,-0.10825031863825854,-0.01,0.0,0.0,0.0,0.0,0.0,-0.010500385258321912,13.546943442535152,false,false,in_progress
217,1302,1.3384475310018906,0.3653015228719503,-0.14866839029462603,0.11307329530186906,-0.09137138685512566,-0.4703144719197073,0.11307329530186906,2,,false,1,0,1.8477000000000008,0.8775,-0.02,false,1,SLOW_RIGHT,0.24650000035762787,0.09350000321865082,0.1007964554474201,-0.016697460671658063,-0.11059785124855659,-0.01,0.0,0.0,0.0,0.0,0.0,-0.03649885647279456,13.510444586062357,false,false,in_progress
218,1308,1.3596342434412705,0.36959638578728127,-0.25371080598299534,0.1057074249001252,-0.10099712976133793,-0.4498393676113768,0.1057074249001252,2,,false,1,0,1.8477000000000008,0.8775,-0.02,false,1,SLOW_RIGHT,0.24650000035762787,0.09350000321865082,0.09519132895094097,-0.020400840440057064,-0.10117772832650168,-0.01,0.0,0.0,0.0,0.0,0.0,-0.036387239815617776,13.47405734624674,false,false,in_progress
219,1314,1.3794523979736222,0.3759131566818421,-0.36434718891562107,0.10324059137053145,-0.10980530074278552,-0.4249572046137942,0.10324059137053145,0,,false,1,0,1.8477000000000008,0.8775,-0.02,false,1,SLOW_RIGHT,0.24650000035762787,0.09350000321865082,0.0940579991898325,-0.02411440814242715,-0.09029431287658508,-0.01,0.0,0.0,0.0,0.0,0.0,-0.03035072182917973,13.44370662441756,false,false,in_progress
220,1320,1.3981895794922263,0.3842956173683698,-0.4773540310144718,0.10241444504498122,-0.11790866472137297,-0.3898921221860534,0.10241444504498122,0,,false,1,0,1.8477000000000008,0.8775,-0.02,false,1,SLOW_RIGHT,0.24650000035762787,0.09350000321865082,0.09472824794647948,-0.027804906432754288,-0.07600793347137219,-0.01,0.0,0.0,0.0,0.0,0.0,-0.019084591957646994,13.424622032459913,false,false,in_progress
221,1326,1.415776628621582,0.39470169374526676,-0.5913653617728711,0.10213776647082906,-0.1253001191156036,-0.35284040994020827,0.10213776647082906,0,,false,1,0,1.8477000000000008,0.8775,-0.02,false,1,SLOW_RIGHT,0.24650000035762787,0.09350000321865082,0.09584556471224089,-0.0314002397007689,-0.062248177443387114,-0.01,0.0,0.0,0.0,0.0,0.0,-0.007802852431915126,13.416819180027998,false,false,in_progress
222,1332,1.4320379927992728,0.407026613291787,-0.7058023473923781,0.10204510573509447,-0.1319364144366188,-0.31351502221980404,0.10204510573509447,0,,false,1,0,1.8477000000000008,0.8775,-0.02,false,1,SLOW_RIGHT,0.24650000035762787,0.09350000321865082,0.09707095797533585,-0.034814434908782464,-0.04914583457874211,-0.01,0.0,0.0,0.0,0.0,0.0,0.0031106884878112796,13.41992986851581,false,false,in_progress
223,1338,1.4467766843140477,0.42112222849344993,-0.8204197054422381,0.1020140731458869,-0.13776021029397362,-0.2643006604860177,0.1020140731458869,0,,false,1,0,1.8477000000000008,0.8775,-0.02,false,1,SLOW_RIGHT,0.24650000035762787,0.09350000321865082,0.09847167815515775,-0.03795575108047967,-0.0349274195666726,-0.01,0.0,0.0,0.0,0.0,0.0,0.015588507508005488,13.435518376023815,false,false,in_progress
224,1344,1.459803688560371,0.4368089027472224,-0.9351134968107422,0.10200368009954858,-0.14270847180046464,-0.21928952111567096,0.10200368009954858,0,,false,2,0,1.8477000000000008,0.8775,-0.02,false,1,SLOW_RIGHT,0.24650000035762787,0.09350000321865082,0.09956092152552919,-0.04073141584724802,-0.02404394703557015,-0.01,0.0,0.0,0.0,0.0,0.0,0.024785558642711016,13.460303934666525,false,false,in_progress
225,1350,1.4709489247317404,0.4538825987570543,-1.0498396770104412,0.10200019936439693,-0.1467103866075642,-0.17068768027625422,0.10200019936439693,0,,false,2,0,1.8477000000000008,0.8775,-0.02,false,1,SLOW_RIGHT,0.24650000035762787,0.09350000321865082,0.10051795189935542,-0.0430478750770819,-0.014567142099044392,-0.01,0.0,0.0,0.0,0.0,0.0,0.03290293472322912,13.493206869389754,false,false,in_progress
226,1356,1.4800660688337026,0.4721196280542843,-1.1645795820673723,0.10199903362029655,-0.14969375091517673,-0.11824749714224866,0.10199903362029655,0,,false,2,0,1.8477000000000008,0.8775,-0.02,false,1,SLOW_RIGHT,0.24650000035762787,0.09350000321865082,0.10128676489714178,-0.04481643812610995,-0.006991235290203053,-0.01,0.0,0.0,0.0,0.0,0.0,0.039479091480828774,13.532685960870582,false,false,in_progress
227,1362,1.4870352283021158,0.49128044899977596,-1.2793253030706992,0.10199864319252185,-0.1515837005692074,-0.061858254149062916,0.10199864319252185,0,,false,2,0,1.8477000000000008,0.8775,-0.02,false,1,SLOW_RIGHT,0.24650000035762787,0.09350000321865082,0.10180355938280693,-0.04595523655651025,-0.0019132218031850297,-0.01,0.0,0.0,0.0,0.0,0.0,0.04393510102311164,13.576621061893693,false,false,in_progress
228,1368,1.491764719063779,0.5111131587838627,-1.3940734885974746,0.10199851242955106,-0.1523065779698978,-0.006754027553087994,0.10199851242955106,0,,false,2,0,1.8477000000000008,0.8775,-0.02,false,1,SLOW_RIGHT,0.24650000035762787,0.09350000321865082,0.10199618601102634,-0.046394587385801114,-2.2808444093935897e-5,-0.01,0.0,0.0,0.0,0.0,0.0,0.045578790181131285,13.622199852074825,false,false,in_progress
229,1374,1.4941923165911168,0.531356938858879,-1.5088227184729104,0.10199846863326908,-0.1517840799183491,0.05780044279049979,0.10199846863326908,0,,false,2,0,1.8477000000000008,0.8775,-0.02,false,1,SLOW_RIGHT,0.24650000035762787,0.09350000321865082,0.10182813317141792,-0.046076813833319574,-0.0016704455933889196,-0.01,0.0,0.0,0.0,0.0,0.0,0.044080873744709426,13.666280725819535,false,false,in_progress
230,1380,1.4943071606396,0.5517463553295499,-1.6162623910306873,0.10199913146067166,-0.1499637122688361,0.11871006764006023,0.10199913146067166,0,,false,2,0,1.8477000000000008,0.8775,-0.02,false,1,SLOW_STRAIGHT,0.17000000178813934,0.17000000178813934,0.10128128508235601,-0.04497822999490052,-0.007046040079553837,-0.01,0.0,0.0,0.0,0.0,0.0,0.03925701500790165,13.705537740827436,false,false,in_progress
231,1386,1.4927571073590231,0.5720849361463722,-1.6700678957502086,0.10199984606610615,-0.14742746043038366,0.125317781603002,0.10199984606610615,0,,false,2,0,1.8477000000000008,0.8775,-0.02,false,1,SLOW_STRAIGHT,0.17000000178813934,0.17000000178813934,0.10119996304832095,-0.04346971217790468,-0.007852273192948853,-0.01,0.0,0.0,0.0,0.0,0.0,0.03987797767746742,13.745415718504903,false,false,in_progress
232,1392,1.4904723040632701,0.5923561429242767,-1.6928681279086486,0.10199997362288701,-0.14497230406327,0.12207180111375242,0.10199997362288701,0,,false,2,0,1.8477000000000008,0.8775,-0.02,false,1,SLOW_STRAIGHT,0.17000000178813934,0.17000000178813934,0.1012409393301464,-0.04203393789082642,-0.007450762313577763,-0.01,0.0,0.0,0.0,0.0,0.0,0.041756239125742216,13.787171957630646,false,false,in_progress
233,1398,1.4875814409681587,0.6148376161321503,-1.7025297896510416,0.1459999930985082,-0.14208144096815878,0.13173346285614543,0.1459999930985082,0,,false,2,0,1.8477000000000008,0.8775,-0.02,false,1,FAST_STRAIGHT,0.4099999964237213,0.4099999964237213,0.14473500361910197,-0.04037427173517678,-0.008676852618035724,-0.01,0.0,0.0,0.0,0.0,0.0,0.08568387926588948,13.872855836896536,false,false,in_progress
234,1404,1.4824830571910117,0.6526100291220789,-1.7066239456655834,0.21251019912794003,-0.136983057191012,0.13582761887068664,0.21251019912794003,0,,false,2,0,1.8477000000000008,0.8775,-0.02,false,1,FAST_STRAIGHT,0.4099999964237213,0.4099999964237213,0.21055289569474506,-0.03752871591479213,-0.009224571024040255,-0.01,0.0,0.0,0.0,0.0,0.0,0.15379960875591267,14.026655445652448,false,false,in_progress
235,1410,1.4762785404547707,0.6976725328880569,-1.708358855655017,0.23478433228068732,-0.13077854045477055,0.1375625288601202,0.23478433228068732,0,,false,2,0,1.8477000000000008,0.8775,-0.02,false,1,FAST_STRAIGHT,0.4099999964237213,0.4099999964237213,0.23256636851000145,-0.034206053286960116,-0.0094617246731957,-0.01,0.0,0.0,0.0,0.0,0.0,0.17889859054984564,14.205554036202294,false,false,in_progress
236,1416,1.4696823378452955,0.7451734681752156,-1.709094028584614,0.24224389420291725,-0.12418233784529553,0.13829770178971712,0.24224389420291725,0,,false,2,0,1.8477000000000008,0.8775,-0.02,false,1,FAST_STRAIGHT,0.4099999964237213,0.4099999964237213,0.23993097502366936,-0.030842506065446237,-0.009563127160158762,-0.01,0.0,0.0,0.0,0.0,0.0,0.18952534179806438,14.395079378000359,false,false,in_progress
237,1422,1.462948587762519,0.793490127400429,-1.709405560156686,0.24474208635192155,-0.1174485877625191,0.13860923336178957,0.24474208635192155,0,,false,2,0,1.8477000000000008,0.8775,-0.02,false,1,FAST_STRAIGHT,0.4099999964237213,0.4099999964237213,0.2423947920224733,-0.0275883415348203,-0.009606259786571519,-0.01,0.0,0.0,0.0,0.0,0.0,0.1952001907010815,14.59027956870144,false,false,in_progress
238,1428,1.456166445791294,0.8420796433557979,-1.7095375725261446,0.24557872583922474,-0.11066644579129425,0.13874124573124794,0.24557872583922474,0,,false,2,0,1.8477000000000008,0.8775,-0.02,false,1,FAST_STRAIGHT,0.4099999964237213,0.4099999964237213,0.24321892601639286,-0.02449412444815494,-0.009624566633529261,-0.01,0.0,0.0,0.0,0.0,0.0,0.19910023493470866,14.78937980363615,false,false,in_progress
239,1434,1.4493671640771426,0.8907604076127356,-1.7095935131345845,0.2458589147091301,-0.10386716407714269,0.1387971863396881,0.2458589147091301,2,,false,0,0,1.8477000000000008,0.8775,-0.02,false,1,FAST_STRAIGHT,0.4099999964237213,0.4099999964237213,0.24349452007039743,-0.021576775546856164,-0.00963232946790705,-0.01,0.0,0.0,0.0,0.0,0.0,0.20228541505563422,14.991665218691784,false,false,in_progress
240,1440,1.442561754270526,0.9394716764402304,-1.7096172181228784,0.24595274939445597,-0.0970617542705261,0.13882089132798153,0.24595274939445597,2,,false,0,0,1.8477000000000008,0.8775,-0.02,false,1,FAST_STRAIGHT,0.4099999964237213,0.4099999964237213,0.24358664565631533,-0.018841968284143983,-0.009635619934547628,-0.01,0.0,0.0,0.0,0.0,0.0,0.20510905743762373,15.196774276129407,false,false,in_progress
241,1446,1.4357541288148798,0.9881931383444669,-1.7096272631775475,0.2459841744406649,-0.09025412881487993,0.1388309363826508,0.2459841744406649,2,,false,0,0,1.8477000000000008,0.8775,-0.02,false,1,FAST_STRAIGHT,0.4099999964237213,0.4099999964237213,0.2436174264611206,-0.016291615536265878,-0.009637014448441816,-0.01,0.0,0.0,0.0,0.0,0.0,0.20768879647641292,15.40446307260582,false,false,in_progress
242,1452,1.4289456922696975,1.0369180042348143,-1.7096315197973804,0.24599469862505124,-0.08344569226969756,0.13883519300248373,0.24599469862505124,2,,false,0,0,1.8477000000000008,0.8775,-0.02,false,1,FAST_STRAIGHT,0.4099999964237213,0.4099999964237213,0.24362770448021429,-0.013926367116738126,-0.009637605408018455,-0.01,0.0,0.0,0.0,0.0,0.0,0.21006373195545772,15.614526804561278,false,false,in_progress
243,1458,1.4224506415942673,1.0833991500902624,-1.7096333235518644,0.20199822413657553,-0.07695064159426734,0.13883699675696812,0.20199822413657553,2,,false,0,0,1.8477000000000008,0.8775,-0.02,false,1,SLOW_STRAIGHT,0.17000000178813934,0.17000000178813934,0.20005451957572257,-0.011842802483538774,-0.009637855834247188,-0.01,0.0,0.0,0.0,0.0,0.0,0.16857386125793658,15.783100665819214,false,false,in_progress
244,1464,1.418093398223783,1.1145810260564497,-1.7096340878978398,0.1354892036485533,-0.07259339822378319,0.13883776110294352,0.1354892036485533,2,,false,0,0,1.8477000000000008,0.8775,-0.02,false,1,SLOW_STRAIGHT,0.17000000178813934,0.17000000178813934,0.1341854601169953,-0.010539602931353536,-0.009637961954039008,-0.01,0.0,0.0,0.0,0.0,0.0,0.10400789523160277,15.887108561050816,false,false,in_progress
245,1470,1.4147564422553929,1.1384612947999424,-1.7096344117915712,0.11321546725611246,-0.06925644225539296,0.1388380849966744,0.11321546725611246,2,,false,0,0,1.8477000000000008,0.8775,-0.02,false,1,SLOW_STRAIGHT,0.17000000178813934,0.17000000178813934,0.11212604745943935,-0.009592909587749159,-0.009638006922771895,-0.01,0.0,0.0,0.0,0.0,0.0,0.0828951309489183,15.970003691999734,false,false,in_progress
246,1476,1.4117611792920082,1.1598962701724003,-1.7096345490424398,0.10575603800517008,-0.06626117929200825,0.1388382222475435,0.10575603800517008,2,,false,0,0,1.8477000000000008,0.8775,-0.02,false,1,SLOW_STRAIGHT,0.17000000178813934,0.17000000178813934,0.10473839481879178,-0.008781087762335327,-0.009638025978429141,-0.01,0.0,0.0,0.0,0.0,0.0,0.07631928107802732,16.04632297307776,false,false,in_progress
247,1482,1.4088803486017252,1.1805123217393054,-1.70963458427063,0.10325789024184738,-0.063516576022779,0.11279204482804242,0.10325789024184738,2,,false,0,0,1.8477000000000008,0.8775,-0.02,false,1,SLOW_STRAIGHT,0.17000000178813934,0.17000000178813934,0.10260176051133116,-0.00806871085931493,-0.006361022688245566,-0.01,0.0,0.0,0.0,0.0,0.0,0.07817202696377067,16.12449500004153,false,false,in_progress
248,1488,1.4060378415041508,1.200854117444393,-1.70963458427063,0.10242126561045428,-0.06176998788027975,0.05657191600273822,0.10242126561045428,2,,false,0,0,1.8477000000000008,0.8775,-0.02,false,1,SLOW_STRAIGHT,0.17000000178813934,0.17000000178813934,0.1022574157448944,-0.007631062805459814,-0.0016001908401104344,-0.01,0.0,0.0,0.0,0.0,0.0,0.08302616209932415,16.207521162140853,false,false,in_progress
249,1494,1.4028944789697484,1.2233489209072963,-1.70963458427063,0.146141080730688,-0.06128117131025806,-0.01567642402139157,0.146141080730688,2,,false,0,0,1.8477000000000008,0.8775,-0.02,false,1,FAST_STRAIGHT,0.4099999964237213,0.4099999964237213,0.1461231239934009,-0.007510763914314391,-0.00012287513504923134,-0.01,0.0,0.0,0.0,0.0,0.0,0.12848948494403728,16.33601064708489,false,false,in_progress
250,1500,1.397617483708825,1.261112611849713,-1.70963458427063,0.21255744855605968,-0.0643597810310247,-0.18604217715444413,0.21255744855605968,2,,false,0,0,1.8477000000000008,0.8775,-0.02,false,1,FAST_STRAIGHT,0.4099999964237213,0.4099999964237213,0.20888955977239165,-0.008284362828722894,-0.017305845840182785,-0.01,0.0,0.0,0.0,0.0,0.0,0.173299351103486,16.509309998188378,false,true,timeout
