decision,step_count,x,z,angle,speed,d,phi,v,tile,d_stop,sigma_stop,duck_threat,hold_steps,duck_x,duck_z,duck_vel,duck_active,crossings,action,wheel_l,wheel_r,r_progress,r_lateral,r_heading,r_time,r_pedestrian,r_stagnation,r_stop_approach,r_steering,r_events,r_total,cumulative_return,terminated,truncated,reason
1,6,0.5024414683906209,0.390097048802869,0.4604296696307755,0.031166666994492078,-0.030626158043509752,-0.1355492350005987,0.031166666994492078,0,,false,0,0,0.9477,0.8775,0.02,false,0,SLOW_STRAIGHT,0.17000000178813934,0.17000000178813934,0.03088078326277927,-0.0018759231130120741,-0.009186797554623767,-0.01,0.0,0.0,0.0,0.0,0.0,0.009818062595143428,0.009818062595143428,false,false,in_progress
2,12,0.5136828312500046,0.3845215124221375,0.4604296696307755,0.07827806080850441,-0.03301653454687127,-0.21372587883057384,0.07827806080850441,0,,false,1,0,0.9477,0.8775,0.02,false,0,SLOW_STRAIGHT,0.17000000178813934,0.17000000178813934,0.07649703387605039,-0.002180183106969488,-0.022839375640950565,-0.01,0.0,0.0,0.0,0.0,0.0,0.04147747512813033,0.05129553772327376,false,false,in_progress
3,18,0.5296026649208273,0.37662552926447446,0.4604296696307755,0.09405557127541138,-0.03742664976666354,-0.28523294929639237,0.09405557127541138,0,,false,1,0,0.9477,0.8775,0.02,false,0,SLOW_STRAIGHT,0.17000000178813934,0.17000000178813934,0.09025536231268791,-0.002801508225512992,-0.04067891768215917,-0.01,0.0,0.0,0.0,0.0,0.0,0.036774936405015744,0.0880704741282895,false,false,in_progress
4,24,0.5470983864468087,0.3679708407014741,0.45311966976746876,0.09933933382481826,-0.04352270080338826,-0.34293863903377053,0.09933933382481826,0,,false,1,0,0.9477,0.8775,0.02,false,0,SLOW_RIGHT,0.24650000035762787,0.09350000321865082,0.09355486383400818,-0.003788450970442507,-0.05880345507116738,-0.01,0.0,0.0,0.0,0.0,0.0,0.020962957792398297,0.10903343192068779,false,false,in_progress
5,30,0.5654014607135137,0.3596592283140412,0.392175314535959,0.10110826428295908,-0.0503406660359452,-0.3408856343982502,0.10110826428295908,0,,false,1,0,0.9477,0.8775,0.02,false,0,SLOW_RIGHT,0.24650000035762787,0.09350000321865082,0.0952903884107287,-0.005068365313885132,-0.05810150786954875,-0.01,0.0,0.0,0.0,0.0,0.0,0.022120515227294822,0.13115394714798262,false,false,in_progress
6,36,0.5844808855546643,0.35274377360231934,0.30022560727703096,0.10170044000425948,-0.05675646280934717,-0.2982686626127347,0.10170044000425948,0,,false,1,0,0.9477,0.8775,0.02,false,0,SLOW_RIGHT,0.24650000035762787,0.09350000321865082,0.09721003019324365,-0.006442592141257618,-0.04448209754839468,-0.01,0.0,0.0,0.0,0.0,0.0,0.03628534050359135,0.16743928765157395,false,false,in_progress
7,42,0.6042139334749413,0.34774017644118427,0.1951372959279752,0.10189868664329008,-0.06175982355881565,-0.1951372959279758,0.10189868664329008,0,,false,1,0,0.9477,0.8775,0.02,false,0,SLOW_RIGHT,0.24650000035762787,0.09350000321865082,0.09996475727230893,-0.007628551612032082,-0.0190392821310412,-0.01,0.0,0.0,0.0,0.0,0.0,0.06329692352923565,0.23073621118080961,false,false,in_progress
8,48,0.6243928205836117,0.34489477018241765,0.08448146458158265,0.1019650537859076,-0.06460522981758227,-0.084481464581583,0.1019650537859076,0,,false,1,0,0.9477,0.8775,0.02,false,0,SLOW_RIGHT,0.24650000035762787,0.09350000321865082,0.1016014018455494,-0.008347671439565241,-0.003568558928924631,-0.01,0.0,0.0,0.0,0.0,0.0,0.07968517147705953,0.3104213826578691,false,false,in_progress
9,54,0.6447706511981411,0.3442649041285337,-0.014548285764837311,0.10198815477388196,-0.06523509587146625,0.014548285764839014,0.10198815477388196,0,,false,1,0,0.9477,0.8775,0.02,false,0,SLOW_STRAIGHT,0.17000000178813934,0.17000000178813934,0.10197736193422813,-0.008511235466718788,-0.00010582630934770876,-0.01,0.0,0.0,0.0,0.0,0.0,0.08336030015816165,0.39378168281603076,false,false,in_progress
10,60,0.6694334434498466,0.3453239669770347,-0.060444667890689745,0.16266273003066622,-0.06417603302296526,0.06044466789068954,0.16266273003066622,0,,false,1,0,0.9477,0.8775,0.02,false,0,FAST_STRAIGHT,0.4099999964237213,0.4099999964237213,0.16236567164127405,-0.008237126429129455,-0.0018267789382078773,-0.01,0.0,0.0,0.0,0.0,0.0,0.1423017662739367,0.5360834490899675,false,false,in_progress
11,66,0.7092916519989194,0.3481945932841224,-0.07989338736942807,0.21809053268116382,-0.061305406715877586,0.07989338736942739,0.21809053268116382,0,,false,2,0,0.9477,0.8775,0.02,false,0,FAST_STRAIGHT,0.4099999964237213,0.4099999964237213,0.21739487198251908,-0.007516705785198337,-0.0031914766726806897,-0.01,0.0,0.0,0.0,0.0,0.0,0.19668668952464005,0.7327701386146076,false,false,in_progress
12,72,0.7552327473907499,0.3520918264023376,-0.08813483629944283,0.23665318059873638,-0.057408173597662315,0.08813483629944263,0.23665318059873638,0,,false,2,0,0.9477,0.8775,0.02,false,0,FAST_STRAIGHT,0.4099999964237213,0.4099999964237213,0.23573464411263945,-0.0065913967916386654,-0.003883874684764775,-0.01,0.0,0.0,0.0,0.0,0.0,0.21525937263623598,0.9480295112508436,false,false,in_progress
13,78,0.8009439113328582,0.3562202276853874,-0.09162717318775541,0.1988697702277215,-0.05327977231461256,0.09162717318775597,0.1988697702277215,0,,false,2,0,0.9477,0.8775,0.02,false,0,SLOW_STRAIGHT,0.17000000178813934,0.17000000178813934,0.1980355446779099,-0.00567746827579391,-0.004197769433189513,-0.01,0.0,0.0,0.0,0.0,0.0,0.17816030696892649,1.12618981821977,false,false,in_progress
14,84,0.8319490554667844,0.3590940448679605,-0.09310706064990426,0.13444149104050757,-0.05040595513203944,0.09310706064990469,0.13444149104050757,0,,false,2,0,0.9477,0.8775,0.02,false,0,SLOW_STRAIGHT,0.17000000178813934,0.17000000178813934,0.13385918030616037,-0.005081520625546346,-0.004334462371432516,-0.01,0.0,0.0,0.0,0.0,0.0,0.11444319730918151,1.2406330155289516,false,false,in_progress
15,90,0.8558404912821252,0.3613333542819761,-0.09373416707481835,0.11286459045245362,-0.04816664571802387,0.09373416707481856,0.11286459045245362,0,,false,2,0,0.9477,0.8775,0.02,false,0,SLOW_STRAIGHT,0.17000000178813934,0.17000000178813934,0.11236913391766495,-0.004640051519451255,-0.004393047038605,-0.01,0.0,0.0,0.0,0.0,0.0,0.0933360353596087,1.3339690508885602,false,false,in_progress
16,96,0.877349692182291,0.3633586781767677,-0.09399990516519822,0.10563853007751416,-0.04614132182323227,0.09399990516519807,0.10563853007751416,2,,false,2,0,0.9477,0.8775,0.02,false,0,SLOW_STRAIGHT,0.17000000178813934,0.17000000178813934,0.1051721635456402,-0.004258043159190181,-0.004417991085533116,-0.01,0.0,0.0,0.0,0.0,0.0,0.08649612930091691,1.4204651801894772,false,false,in_progress
17,102,0.898061058555258,0.3653126333230061,-0.09411251241952256,0.10321853707526028,-0.044187366676993856,0.094112512419522,0.10321853707526028,2,,false,2,0,0.9477,0.8775,0.02,false,0,SLOW_STRAIGHT,0.17000000178813934,0.17000000178813934,0.10276176256190253,-0.003905046747694214,-0.004428582496957341,-0.01,0.0,0.0,0.0,0.0,0.0,0.08442813331725099,1.5048933135067282,false,false,in_progress
18,108,0.9185052074006712,0.3672429434497808,-0.09416023005649489,0.10240808631470004,-0.04225705655021916,0.0941602300564947,0.10240808631470004,2,,false,2,0,0.9477,0.8775,0.02,false,0,SLOW_STRAIGHT,0.17000000178813934,0.17000000178813934,0.10195443896659144,-0.0035713176565768407,-0.004433074462146003,-0.01,0.0,0.0,0.0,0.0,0.0,0.08395004684786861,1.5888433603545968,false,false,in_progress
19,114,0.9388598535920861,0.36916546213362245,-0.09418045053777642,0.10213666799469927,-0.04033453786637753,0.09418045053777632,0.10213666799469927,2,,false,2,0,0.9477,0.8775,0.02,false,0,SLOW_STRAIGHT,0.17000000178813934,0.17000000178813934,0.10168402877726943,-0.0032537498897884853,-0.004434978631749266,-0.01,0.0,0.0,0.0,0.0,0.0,0.08399530025573168,1.6728386606103285,false,false,in_progress
20,120,0.9591845201780437,0.3710854280375835,-0.0941890190229152,0.10204577054848347,-0.03841457196241649,0.0941890190229157,0.10204577054848347,2,,false,0,0,0.9477,0.8775,0.02,false,0,SLOW_STRAIGHT,0.17000000178813934,0.17000000178813934,0.10159345193006877,-0.00295135867811135,-0.004435785652249587,-0.01,0.0,0.0,0.0,0.0,0.0,0.08420630759970785,1.7570449682100364,false,false,in_progress
21,126,0.979499144354166,0.3730045633642447,-0.09419264994230586,0.10201532917765734,-0.03649543663575533,0.09419264994230603,0.10201532917765734,2,,false,0,0,0.9477,0.8775,0.02,false,0,SLOW_STRAIGHT,0.17000000178813934,0.17000000178813934,0.10156311065323183,-0.0026638337904688644,-0.004436127651576902,-0.01,0.0,0.0,0.0,0.0,0.0,0.08446314921118607,1.8415081174212224,false,false,in_progress
22,132,0.999810404367878,0.37492343090046854,-0.09419418855448851,0.10200513442415787,-0.03457656909953144,0.09419418855448901,0.10200513442415787,2,,false,0,0,0.9477,0.8775,0.02,false,0,SLOW_STRAIGHT,0.17000000178813934,0.17000000178813934,0.10155294633007092,-0.0023910782613893447,-0.0044362725787193144,-0.01,0.0,0.0,0.0,0.0,0.0,0.08472559548996227,1.9262337129111846,false,false,in_progress
23,138,1.0201205373144187,0.37684221315710276,-0.09419484054567692,0.10200172022183832,-0.032657786842897274,0.09419484054567738,0.10200172022183832,2,,false,0,0,0.9477,0.8775,0.02,false,0,SLOW_STRAIGHT,0.17000000178813934,0.17000000178813934,0.10154954100781433,-0.0021330620829522287,-0.004436333992712794,-0.01,0.0,0.0,0.0,0.0,0.0,0.08498014493214931,2.011213857843334,false,false,in_progress
24,144,1.040430292632909,0.3787609687117346,-0.09419511682875498,0.10200057681239356,-0.030739031288265384,0.09419511682875482,0.10200057681239356,2,,false,0,0,0.9477,0.8775,0.02,false,0,SLOW_STRAIGHT,0.17000000178813934,0.17000000178813934,0.10154840001657817,-0.0018897760890819165,-0.004436360017191385,-0.01,0.0,0.0,0.0,0.0,0.0,0.08522226391030487,2.096436121753639,false,false,in_progress
25,150,1.0607399214102826,0.38067971610980056,-0.09419523390447712,0.10200019388687809,-0.028820283890199416,0.09419523390447672,0.10200019388687809,2,,false,0,0,0.9477,0.8775,0.02,false,0,SLOW_STRAIGHT,0.17000000178813934,0.17000000178813934,0.10154801766541022,-0.001661217527023376,-0.00443637104515954,-0.01,0.0,0.0,0.0,0.0,0.0,0.08545042909322731,2.1818865508468663,false,false,in_progress
26,156,1.0810495078088165,0.3825984607812827,-0.09419524538361566,0.10200006564590317,-0.026901539218717352,0.09419524538361614,0.10200006564590317,2,,false,0,0,0.9477,0.8775,0.02,false,0,SLOW_STRAIGHT,0.17000000178813934,0.17000000178813934,0.10154788988281167,-0.0014473856246723755,-0.004436372126439828,-0.01,0.0,0.0,0.0,0.0,0.0,0.08566413213169947,2.2675506829785657,false,false,in_progress
27,162,1.1013590800542352,0.38451720412182433,-0.09419524538361566,0.10200002269825412,-0.0249827958781757,0.09419524538361614,0.10200002269825412,2,,false,0,0,0.9477,0.8775,0.02,false,0,SLOW_STRAIGHT,0.17000000178813934,0.17000000178813934,0.10154784712555355,-0.0012482801797811856,-0.004436372126439828,-0.01,0.0,0.0,0.0,0.0,0.0,0.08586319481933255,2.353413877797898,false,false,in_progress
28,168,1.1216686475599984,0.38643594701458817,-0.09419524538361566,0.10200000831518054,-0.023064052985411865,0.09419524538361614,0.10200000831518054,2,,false,0,0,0.9477,0.8775,0.02,false,0,SLOW_STRAIGHT,0.17000000178813934,0.17000000178813934,0.10154783280624147,-0.0010639010802277718,-0.004436372126439828,-0.01,0.0,0.0,0.0,0.0,0.0,0.08604755959957387,2.439461437397472,false,false,in_progress
29,174,1.1419782134784604,0.38835468975739174,-0.09419524538361566,0.10200000349831603,-0.02114531024260824,0.09419524538361614,0.10200000349831603,2,,false,0,0,0.9477,0.8775,0.02,false,0,SLOW_STRAIGHT,0.17000000178813934,0.17000000178813934,0.10154782801073058,-0.0008942482905123059,-0.004436372126439828,-0.01,0.0,0.0,0.0,0.0,0.0,0.08621720759377845,2.5256786449912507,false,false,in_progress
30,180,1.162287778865338,0.3902734324499739,-0.09419524538361566,0.10200000188515629,-0.019226567550026108,0.09419524538361614,0.10200000188515629,2,,false,0,0,0.9477,0.8775,0.02,false,0,SLOW_STRAIGHT,0.17000000178813934,0.17000000178813934,0.10154782640472211,-0.0007393217995114339,-0.004436372126439828,-0.01,0.0,0.0,0.0,0.0,0.0,0.08637213247877086,2.6120507774700217,false,false,in_progress
31,186,1.1825973440741895,0.3921921751257371,-0.09419524538361566,0.1020000013449116,-0.01753000162167097,0.059865303859969986,0.1020000013449116,2,,false,0,0,0.9477,0.8775,0.02,false,0,SLOW_STRAIGHT,0.17000000178813934,0.17000000178813934,0.10181727933812193,-0.0006146019137115737,-0.0017919273031232687,-0.01,0.0,0.0,0.0,0.0,0.0,0.08941075012128709,2.701461527591309,false,false,in_progress
32,192,1.2029069092234204,0.3941109177958677,-0.09419524538361566,0.10200000116398672,-0.017000180741821455,-0.006537915966674904,0.10200000116398672,2,,false,0,0,0.9477,0.8775,0.02,false,0,SLOW_STRAIGHT,0.17000000178813934,0.17000000178813934,0.10199782121012237,-0.0005780122905091942,-2.1372172593651324e-5,-0.01,0.0,0.0,0.0,0.0,0.0,0.09139843674701953,2.7928599643383283,false,false,in_progress
33,198,1.2254730926250874,0.3962428540868035,-0.09419524538361566,0.14600000011991562,-0.018148800820530993,-0.09691673468899094,0.14600000011991562,2,,false,0,0,0.9477,0.8775,0.02,false,0,FAST_STRAIGHT,0.4099999964237213,0.4099999964237213,0.14531485835487667,-0.0006587579424466129,-0.00469642673138813,-0.01,0.0,0.0,0.0,0.0,0.0,0.12995967368104194,2.9228196380193703,false,false,in_progress
34,204,1.2634190915408814,0.3998277958000054,-0.09419524538361566,0.21251020094496653,-0.02506343581818739,-0.2755184958901034,0.21251020094496653,2,,false,0,0,0.9477,0.8775,0.02,false,0,FAST_STRAIGHT,0.4099999964237213,0.4099999964237213,0.20449522407170623,-0.0012563516300247973,-0.03795522078877246,-0.01,0.0,0.0,0.0,0.0,0.0,0.15528365165290897,3.078103289672279,false,false,in_progress
35,210,1.3064445937209377,0.4039330168447286,-0.1015052452522483,0.1907841535002862,-0.04138364191643659,-0.4947740692191163,0.1907841535002862,2,,false,0,0,0.9477,0.8775,0.02,false,0,SLOW_RIGHT,0.24650000035762787,0.09350000321865082,0.1679045568982347,-0.0034252116365356953,-0.12240068978582146,-0.01,0.0,0.0,0.0,0.0,0.0,0.032078655475877536,3.1101819451481565,false,false,in_progress
36,216,1.3364397810572524,0.40774967668963513,-0.1624496004930201,0.1317327613777667,-0.0570410106154092,-0.5800062282420664,0.1317327613777667,0,,false,0,0,0.9477,0.8775,0.02,false,0,SLOW_RIGHT,0.24650000035762787,0.09350000321865082,0.11018908502690308,-0.006507353784054449,-0.168203612399794,-0.01,0.0,0.0,0.0,0.0,0.0,-0.07452188115694537,3.035660063991211,false,false,in_progress
37,222,1.3596277611626382,0.4125890268695416,-0.254399307755873,0.11195647777314732,-0.07023431043508489,-0.597307750561399,0.11195647777314732,0,,false,0,0,0.9477,0.8775,0.02,false,0,SLOW_RIGHT,0.24650000035762787,0.09350000321865082,0.0925715249255225,-0.009865716724583749,-0.1783882744403592,-0.01,0.0,0.0,0.0,0.0,0.0,-0.10568246623942046,2.9299775977517903,false,false,in_progress
38,228,1.3801244057313318,0.4190601229461035,-0.3594876191065918,0.10533340558529271,-0.08214363219131957,-0.5770918760894366,0.10533340558529271,0,,false,0,0,0.9477,0.8775,0.02,false,0,SLOW_RIGHT,0.24650000035762787,0.09350000321865082,0.08827495886821779,-0.013495152619165583,-0.1665175167242128,-0.01,0.0,0.0,0.0,0.0,0.0,-0.1017377104751606,2.82823988727663,false,false,in_progress
39,234,1.399126685698306,0.42741786573486906,-0.4701434504536892,0.1031153331023067,-0.09322024442788229,-0.5491739191584927,0.1031153331023067,0,,false,0,0,0.9477,0.8775,0.02,false,0,SLOW_RIGHT,0.24650000035762787,0.09350000321865082,0.087952843405296,-0.01738002794238824,-0.15079599674194932,-0.01,0.0,0.0,0.0,0.0,0.0,-0.09022318127904157,2.7380167059975884,false,false,in_progress
40,240,1.4168618082489592,0.4377253123620697,-0.5831585338722225,0.10237249628960966,-0.10355958765830808,-0.508679248534856,0.10237249628960966,0,,false,0,0,0.9477,0.8775,0.02,false,0,SLOW_RIGHT,0.24650000035762787,0.09350000321865082,0.08941096169956632,-0.021449176391917592,-0.12937728894499292,-0.01,0.0,0.0,0.0,0.0,0.0,-0.0714155036373442,2.666601202360244,false,false,in_progress
41,246,1.433247772913386,0.44992780947377553,-0.697173356912741,0.10212371790645075,-0.113122806504554,-0.46400787189395604,0.10212371790645075,0,,false,4,0,1.0677,0.8775,0.02,true,1,SLOW_RIGHT,0.24650000035762787,0.09350000321865082,0.09132577060621731,-0.02559353870293353,-0.10765165258977896,-0.01,0.0,0.0,0.0,0.0,0.0,-0.05191942068649518,2.614681781673749,false,false,in_progress
42,252,1.4481153964308255,0.4639001340076403,-0.8116118223965014,0.10204040089393739,-0.12183389688109472,-0.41532065152611364,0.10204040089393739,0,,false,4,0,1.1877000000000002,0.8775,0.02,true,1,SLOW_RIGHT,0.24650000035762787,0.09350000321865082,0.0933656392708488,-0.029686996858466444,-0.08624562179203776,-0.01,0.0,0.0,0.0,0.0,0.0,-0.03256697937965541,2.5821148022940936,false,false,in_progress
43,258,1.4612826459267552,0.4794731128833343,-0.9262298075429516,0.10201249750172654,-0.1296042610611749,-0.362611176963833,0.10201249750172654,0,,false,4,0,1.3077000000000003,0.8775,0.02,true,1,SLOW_RIGHT,0.24650000035762787,0.09350000321865082,0.09537901078154522,-0.03359452897042635,-0.0657434328295481,-0.01,0.0,0.0,0.0,0.0,0.0,-0.013958951018429233,2.5681558512756646,false,false,in_progress
44,264,1.472579980507156,0.4964477321491263,-1.0409238646453787,0.10200315241849002,-0.1363418409394049,-0.30587767264195875,0.10200315241849002,0,,false,4,0,1.4277000000000004,0.8775,0.02,true,1,SLOW_RIGHT,0.24650000035762787,0.09350000321865082,0.09726847475685707,-0.03717819518149198,-0.046780575310430644,-0.01,0.0,0.0,0.0,0.0,0.0,0.0033097042649344478,2.571465555540599,false,false,in_progress
45,270,1.4818596515364055,0.5146029712138294,-1.1556501574505658,0.10200002264464547,-0.14195560244125238,-0.2503669045468124,0.10200002264464547,0,,false,4,0,1.5477000000000005,0.8775,0.02,true,1,SLOW_RIGHT,0.24650000035762787,0.09350000321865082,0.09881982339015231,-0.0403027861289178,-0.03134179344617633,-0.01,0.0,0.0,0.0,0.0,0.0,0.01717524381505818,2.5886407993556575,false,false,in_progress
46,276,1.4889997284222254,0.5337008783631707,-1.2703901102243855,0.10199897443702752,-0.1463530143431904,-0.1854469186870834,0.10199897443702752,0,,false,4,0,1.6677000000000006,0.8775,0.02,true,1,SLOW_RIGHT,0.24650000035762787,0.09350000321865082,0.1002500942406078,-0.042838409614676186,-0.017195279825266863,-0.01,0.0,0.0,0.0,0.0,0.0,0.030216404800664745,2.6188572041563223,false,false,in_progress
47,282,1.4939062739248796,0.5534905672617458,-1.3851358514478767,0.10199862337208665,-0.14944354567491513,-0.11687563468094575,0.10199862337208665,0,,false,4,0,1.7877000000000007,0.8775,0.02,true,1,SLOW_RIGHT,0.24650000035762787,0.09350000321865082,0.10130276981092609,-0.044666746687780895,-0.006829956991036944,-0.01,0.0,0.0,0.0,0.0,0.0,0.03980606613210825,2.6586632702884305,false,false,in_progress
48,288,1.4965147172754996,0.5737118529261653,-1.4998840455430027,0.10199850579168934,-0.15114334879144636,-0.048959720529646346,0.10199850579168934,0,,false,2,0,1.8477000000000008,0.8775,-0.02,false,1,SLOW_RIGHT,0.24650000035762787,0.09350000321865082,0.10187628223422157,-0.045688623767785624,-0.001198527117170537,-0.01,0.0,0.0,0.0,0.0,0.0,0.04498913134926541,2.703652401637696,false,false,in_progress
49,294,1.4967907269358895,0.594098800959941,-1.6146332790493012,0.10199846641024872,-0.15129072693588963,0.04383695225440438,0.10199846641024872,0,,false,2,0,1.8477000000000008,0.8775,-0.02,false,1,SLOW_RIGHT,0.24650000035762787,0.09350000321865082,0.10190047797961309,-0.04577776811357984,-0.0009608391914774645,-0.01,0.0,0.0,0.0,0.0,0.0,0.04516187067455578,2.7488142723122517,false,false,in_progress
50,300,1.4947515365516244,0.6143863140084027,-1.722072953145666,0.10199913071617804,-0.1492515365516245,0.15127662635076974,0.10199913071617804,0,,false,2,0,1.8477000000000008,0.8775,-0.02,false,1,SLOW_STRAIGHT,0.17000000178813934,0.17000000178813934,0.10083424919433745,-0.0445520423260418,-0.011442308840035201,-0.01,0.0,0.0,0.0,0.0,0.0,0.03483989802826045,2.783654170340512,false,false,in_progress
51,306,1.490612426116412,0.6366690339649406,-1.7758784585171685,0.14599977690115426,-0.14511242611641206,0.2050821317222718,0.14599977690115426,0,,false,2,0,1.8477000000000008,0.8775,-0.02,false,1,FAST_STRAIGHT,0.4099999964237213,0.4099999964237213,0.14294024381315612,-0.0421152324267823,-0.02102934037587562,-0.01,0.0,0.0,0.0,0.0,0.0,0.0697956710104982,2.8534498413510105,false,false,in_progress
52,312,1.4823458874717,0.6738759520091828,-1.7986786909518868,0.21251014276396474,-0.1368458874717,0.22788236415699037,0.21251014276396474,0,,false,2,0,1.8477000000000008,0.8775,-0.02,false,1,FAST_STRAIGHT,0.4099999964237213,0.4099999964237213,0.20701611482882756,-0.03745359383583437,-0.025965185946889586,-0.01,0.0,0.0,0.0,0.0,0.0,0.13359733504610358,2.9870471763971143,false,false,in_progress
53,318,1.471823222406324,0.7181295788014113,-1.808340352811354,0.234784321187728,-0.12632322240632377,0.2375440260164575,0.234784321187728,0,,false,2,0,1.8477000000000008,0.8775,-0.02,false,1,FAST_STRAIGHT,0.4099999964237213,0.4099999964237213,0.228191304223396,-0.03191511303823508,-0.028213582148053716,-0.01,0.0,0.0,0.0,0.0,0.0,0.1580626090371072,3.1451097854342214,false,false,in_progress
54,324,1.4609708034363402,0.7625120632522357,-1.812434508875506,0.19824389355716088,-0.11547080343634031,0.2416381820806094,0.19824389355716088,0,,false,2,0,1.8477000000000008,0.8775,-0.02,false,1,SLOW_STRAIGHT,0.17000000178813934,0.17000000178813934,0.19248436753736956,-0.02666701289246788,-0.029194505519610867,-0.01,0.0,0.0,0.0,0.0,0.0,0.1266228491252908,3.271732634559512,false,false,in_progress
55,330,1.4535080786237053,0.7926711356258558,-1.8141694188859623,0.13423188631173136,-0.10800807862370543,0.2433730920910656,0.13423188631173136,0,,false,2,0,1.8477000000000008,0.8775,-0.02,false,1,SLOW_STRAIGHT,0.17000000178813934,0.17000000178813934,0.13027616090751398,-0.023331490095969066,-0.029615230976983153,-0.01,0.0,0.0,0.0,0.0,0.0,0.06732943983456177,3.3390620743940738,false,false,in_progress
56,336,1.4477216361980805,0.8159352225371627,-1.8149045918244675,0.11279439426361516,-0.10222163619808056,0.24410826502957106,0.11279439426361516,0,,false,2,0,1.8477000000000008,0.8775,-0.02,false,1,SLOW_STRAIGHT,0.17000000178813934,0.17000000178813934,0.10945040538372618,-0.020898525814025466,-0.029794422527873652,-0.01,0.0,0.0,0.0,0.0,0.0,0.04875745704182705,3.387819531435901,false,false,in_progress
57,342,1.4424982576203953,0.8368905993539195,-1.8152161234003146,0.10561502151737362,-0.09699825762039538,0.24441979660541777,0.10561502151737362,0,,false,2,0,1.8477000000000008,0.8775,-0.02,false,1,SLOW_STRAIGHT,0.17000000178813934,0.17000000178813934,0.10247592061844378,-0.018817323962785182,-0.029870518486316895,-0.01,0.0,0.0,0.0,0.0,0.0,0.0437880781693417,3.431607609605243,false,false,in_progress
58,348,1.4374631082394018,0.8570727075430108,-1.8153481357713728,0.10321066410627205,-0.09196310823940212,0.24455180897647627,0.10321066410627205,0,,false,2,0,1.8477000000000008,0.8775,-0.02,false,1,SLOW_STRAIGHT,0.17000000178813934,0.17000000178813934,0.10013972772073934,-0.01691442655410398,-0.02990279363683347,-0.01,0.0,0.0,0.0,0.0,0.0,0.043322507529801886,3.474930117135045,false,false,in_progress
59,354,1.432490703243146,0.8769957762246002,-1.8154040763804906,0.10240544967335849,-0.08699070324314606,0.24460774958559417,0.10240544967335849,2,,false,2,0,1.8477000000000008,0.8775,-0.02,false,1,SLOW_STRAIGHT,0.17000000178813934,0.17000000178813934,0.09935708450882547,-0.015134764901474205,-0.02991647557866437,-0.01,0.0,0.0,0.0,0.0,0.0,0.04430584402868688,3.519235961163732,false,false,in_progress
60,360,1.4275391657970122,0.8968320567606054,-1.8154277813690718,0.10213578498885577,-0.08203916579701231,0.24463145457417496,0.10213578498885577,2,,false,0,0,1.8477000000000008,0.8775,-0.02,false,1,SLOW_STRAIGHT,0.17000000178813934,0.17000000178813934,0.0990948607303452,-0.013460849449339351,-0.029922274283538313,-0.01,0.0,0.0,0.0,0.0,0.0,0.04571173699746752,3.564947698161199,false,false,in_progress
61,366,1.4225945522247987,0.916639255982153,-1.8154378264238626,0.1020454748316126,-0.07709455222479877,0.244641499628966,0.1020454748316126,2,,false,0,0,1.8477000000000008,0.8775,-0.02,false,1,SLOW_STRAIGHT,0.17000000178813934,0.17000000178813934,0.0990069911374109,-0.01188713996548445,-0.029924731670354688,-0.01,0.0,0.0,0.0,0.0,0.0,0.04719511950157177,3.612142817662771,false,false,in_progress
62,372,1.4176522296324026,0.9364367089860939,-1.815442083043747,0.1020152301426736,-0.07215222963240264,0.2446457562488503,0.1020152301426736,2,,false,0,0,1.8477000000000008,0.8775,-0.02,false,1,SLOW_STRAIGHT,0.17000000178813934,0.17000000178813934,0.0989775418301654,-0.010411888481853924,-0.029925773025285936,-0.01,0.0,0.0,0.0,0.0,0.0,0.04863988032302553,3.6607826979857965,false,false,in_progress
63,378,1.4127311438886132,0.9562359585039898,-1.8081338869349461,0.10200500496621635,-0.06723114388861329,0.2373375601400494,0.10200500496621635,2,,false,0,0,1.8477000000000008,0.8775,-0.02,false,1,SLOW_LEFT,0.09350000321865082,0.24650000035762787,0.09914553949943677,-0.009040053417142847,-0.02816455872661578,-0.01,0.0,0.0,0.0,0.0,0.0,0.05194092735567815,3.7127236253414746,false,false,in_progress
64,384,1.408467897145499,0.9761827733863322,-1.747190296049421,0.10200098668143547,-0.062967897145499,0.17639396925452447,0.10200098668143547,2,,false,0,0,1.8477000000000008,0.8775,-0.02,false,1,SLOW_LEFT,0.09350000321865082,0.24650000035762787,0.10041822521840578,-0.00792991214185228,-0.015557416194683062,-0.01,0.0,0.0,0.0,0.0,0.0,0.06693089688187044,3.779654522223345,false,false,in_progress
65,390,1.405763122250144,0.9963963287108124,-1.6625509125475348,0.10199998277454558,-0.060263122250144185,0.09175458575263803,0.10199998277454558,2,,false,0,0,1.8477000000000008,0.8775,-0.02,false,1,SLOW_STRAIGHT,0.17000000178813934,0.17000000178813934,0.1015709198894089,-0.007263287806671646,-0.0042094520033191035,-0.01,0.0,0.0,0.0,0.0,0.0,0.08009818007941817,3.859752702302763,false,false,in_progress
66,396,1.4044045753302343,1.0167494602659264,-1.6184070936808594,0.10200008664006616,-0.05890457533023441,0.0476107668859638,0.10200008664006616,2,,false,0,0,1.8477000000000008,0.8775,-0.02,false,1,SLOW_STRAIGHT,0.17000000178813934,0.17000000178813934,0.10188450233677844,-0.00693949798967052,-0.0011333925617347937,-0.01,0.0,0.0,0.0,0.0,0.0,0.08381161178537314,3.9435643140881362,false,false,in_progress
67,402,1.4035807876769284,1.0394008375768664,-1.5997010277538326,0.14600003700017544,-0.05808078767692848,0.02890470095893607,0.14600003700017544,2,,false,0,0,1.8477000000000008,0.8775,-0.02,false,1,FAST_STRAIGHT,0.4099999964237213,0.4099999964237213,0.14593905106410995,-0.006746755794344895,-0.0004177408687627599,-0.01,0.0,0.0,0.0,0.0,0.0,0.1287745544010023,4.072338868489139,false,false,in_progress
68,408,1.4026586526412719,1.0775045587533776,-1.591774280330301,0.21251021529942526,-0.057158652641271956,0.020977953535405762,0.21251021529942526,2,,false,0,0,1.8477000000000008,0.8775,-0.02,false,1,FAST_STRAIGHT,0.4099999964237213,0.4099999964237213,0.21246345684718923,-0.006534223143531171,-0.00022003726726682154,-0.01,0.0,0.0,0.0,0.0,0.0,0.19570919643639123,4.26804806492553,false,false,in_progress
69,414,1.4017924467984888,1.1229839362138132,-1.5884152990799631,0.23478433840924887,-0.05629244679848888,0.017618972285068302,0.23478433840924887,2,,false,0,0,1.8477000000000008,0.8775,-0.02,false,1,FAST_STRAIGHT,0.4099999964237213,0.4099999964237213,0.2347478975140067,-0.0063376791331214025,-0.00015521409219100248,-0.01,0.0,0.0,0.0,0.0,0.0,0.2182550042886943,4.486303069214224,false,false,in_progress
70,420,1.4009865102422159,1.1709338997480812,-1.5869919214400212,0.24224389641035782,-0.05548756079652197,0.014238649980831289,0.24224389641035782,2,,false,0,0,1.8477000000000008,0.8775,-0.02,false,1,FAST_STRAIGHT,0.4099999964237213,0.4099999964237213,0.2422193406640073,-0.006157738806295444,-0.00010136957663831343,-0.01,0.0,0.0,0.0,0.0,0.0,0.22596023228107354,4.712263301495297,false,false,in_progress
71,426,1.400213218165228,1.2197114042125392,-1.5863887612093166,0.24474208712063794,-0.05809112385267922,-0.12880931125759623,0.24474208712063794,2,,false,0,0,1.8477000000000008,0.8775,-0.02,false,1,FAST_STRAIGHT,0.4099999964237213,0.4099999964237213,0.242714532240917,-0.006749157340934633,-0.008295919333328154,-0.01,0.0,0.0,0.0,0.0,0.0,0.2176694555666542,4.929932757061952,false,false,in_progress
72,432,1.3994902288430302,1.2664997116113947,-1.586133170385283,0.20157872708706756,-0.06785409868337798,-0.3095435910397911,0.20157872708706756,2,,false,0,0,1.8477000000000008,0.8775,-0.02,false,1,SLOW_STRAIGHT,0.17000000178813934,0.17000000178813934,0.1919982348918436,-0.009208357416267195,-0.04790861737690473,-0.01,0.0,0.0,0.0,0.0,0.0,0.12488126009867169,5.0548140171606235,false,false,in_progress
73,438,1.3989816412557112,1.297933882804183,-1.5933348629265804,0.13534858781662706,-0.0789514399731282,-0.4144022999576428,0.13534858781662706,2,,false,0,0,1.8477000000000008,0.8775,-0.02,false,1,SLOW_RIGHT,0.24650000035762787,0.09350000321865082,0.12389229674200376,-0.012466659747660931,-0.08586463310509207,-0.01,0.0,0.0,0.0,0.0,0.0,0.015561003889250755,5.070375021049874,false,false,in_progress
74,444,1.397814111419966,1.3219984837313445,-1.6542333226293866,0.11316761697696506,-0.08920338423627934,-0.4533094263724455,0.11316761697696506,2,,false,0,0,1.8477000000000008,0.8775,-0.02,false,1,SLOW_RIGHT,0.24650000035762787,0.09350000321865082,0.10173799181049108,-0.01591448751841058,-0.10274471801905778,-0.01,0.0,0.0,0.0,0.0,0.0,-0.02692121372697729,5.043453807322897,false,false,in_progress
75,450,1.3950663340284326,1.343453597133145,-1.746163581530476,0.10573907546632003,-0.09864789482917402,-0.44361560747875395,0.10573907546632003,2,,false,0,0,1.8477000000000008,0.8775,-0.02,false,1,SLOW_RIGHT,0.24650000035762787,0.09350000321865082,0.09550413809852844,-0.019462814308455558,-0.09839740359937195,-0.01,0.0,0.0,0.0,0.0,0.0,-0.032356079809299075,5.011097727513598,false,false,in_progress
76,456,1.3903828140864325,1.3637245904894735,-1.8512436515838475,0.10325121462883667,-0.10744018395447047,-0.42310284880542076,0.10325121462883667,2,,false,0,0,1.8477000000000008,0.8775,-0.02,false,1,SLOW_RIGHT,0.24650000035762787,0.09350000321865082,0.09414645312271916,-0.02308678625634091,-0.08950801033363137,-0.01,0.0,0.0,0.0,0.0,0.0,-0.02844834346725312,4.982649384046345,false,false,in_progress
77,462,1.3836254437294488,1.3831089074327592,-1.9618959906582902,0.10241801224995167,-0.11560049132291342,-0.3903922694020876,0.10241801224995167,2,,false,0,0,1.8477000000000008,0.8775,-0.02,false,1,SLOW_RIGHT,0.24650000035762787,0.09350000321865082,0.09471206589326508,-0.02672694718819796,-0.07620306200445608,-0.01,0.0,0.0,0.0,0.0,0.0,-0.01821794329938895,4.9644314407469565,false,false,in_progress
78,468,1.3747833330593853,1.4015325760045092,-2.0749095942165807,0.10213896505058741,-0.12309952716799999,-0.35536781852479815,0.10213896505058741,0,,false,0,0,1.8477000000000008,0.8775,-0.02,false,1,SLOW_RIGHT,0.24650000035762787,0.09350000321865082,0.09575717698862529,-0.030306987177970333,-0.06314314322153694,-0.01,0.0,0.0,0.0,0.0,0.0,-0.007692953410881989,4.956738487336074,false,false,in_progress
79,474,1.3639263780941926,1.4188088831668328,-2.188923790162208,0.10204550878345753,-0.12988868405014148,-0.31845203182871656,0.10204550878345753,0,,false,0,0,1.8477000000000008,0.8775,-0.02,false,1,SLOW_RIGHT,0.24650000035762787,0.09350000321865082,0.09691478505961353,-0.03374214048855496,-0.05070584828791895,-0.01,0.0,0.0,0.0,0.0,0.0,0.002466796283139611,4.959205283619214,false,false,in_progress
80,480,1.3511770351785675,1.434726572849048,-2.303361989912766,0.10201420881991143,-0.13591271492886903,-0.2793460416364981,0.10201420881991143,0,,false,0,0,1.8477000000000008,0.8775,-0.02,false,1,SLOW_RIGHT,0.24650000035762787,0.09350000321865082,0.09805972573261777,-0.036944532158672036,-0.039017105488990074,-0.01,0.0,0.0,0.0,0.0,0.0,0.012098088084955662,4.9713033717041695,false,false,in_progress
81,486,1.3366944618002583,1.4490803476930296,-2.4179798624540334,0.10200372582984987,-0.14111289176806055,-0.2375368302691187,0.10200372582984987,0,,false,0,0,1.8477000000000008,0.8775,-0.02,false,1,SLOW_RIGHT,0.24650000035762787,0.09350000321865082,0.09913951522181123,-0.03982569644628874,-0.028211872867150056,-0.01,0.0,0.0,0.0,0.0,0.0,0.021101945908372437,4.992405317612542,false,false,in_progress
82,492,1.3206656871152962,1.461682181695751,-2.532673871839701,0.10200021480354893,-0.14542733852601444,-0.1925254728816087,0.10200021480354893,0,,false,0,0,1.8477000000000008,0.8775,-0.02,false,1,SLOW_RIGHT,0.24650000035762787,0.09350000321865082,0.10011567372587074,-0.04229822158152001,-0.018533028854143523,-0.01,0.0,0.0,0.0,0.0,0.0,0.029284423290207202,5.021689740902749,false,false,in_progress
83,498,1.3033001742128218,1.472366314329628,-2.6474001444247786,0.1019990388434326,-0.1487907324902236,-0.1439235396568144,0.1019990388434326,0,,false,0,0,1.8477000000000008,0.8775,-0.02,false,1,SLOW_RIGHT,0.24650000035762787,0.09350000321865082,0.10094445781772701,-0.044277364149954555,-0.010356992633673314,-0.01,0.0,0.0,0.0,0.0,0.0,0.036310101034099145,5.057999841936848,false,false,in_progress
84,504,1.2848258086695574,1.4809920971170223,-2.762140088630271,0.10199864496402258,-0.1511341628401762,-0.09148331737424643,0.10199864496402258,0,,false,0,0,1.8477000000000008,0.8775,-0.02,false,1,SLOW_RIGHT,0.24650000035762787,0.09350000321865082,0.10157211916679325,-0.04568307035480179,-0.00418459867889855,-0.01,0.0,0.0,0.0,0.0,0.0,0.04170445013309291,5.099704292069941,false,false,in_progress
85,510,1.265485389048513,1.487445984001083,-2.8768858262229093,0.10199851303226298,-0.1523855813966935,-0.03509405779174954,0.10199851303226298,0,,false,0,0,1.8477000000000008,0.8775,-0.02,false,1,SLOW_RIGHT,0.24650000035762787,0.09350000321865082,0.10193570915655646,-0.046442730835216606,-0.0006157964461453283,-0.01,0.0,0.0,0.0,0.0,0.0,0.04487718187519452,5.144581473945135,false,false,in_progress
86,516,1.2455332303042452,1.4916430345852558,-2.9916340187794517,0.10199846883910955,-0.15247105272571215,0.025238085524042966,0.10199846883910955,0,,false,0,0,1.8477000000000008,0.8775,-0.02,false,1,SLOW_RIGHT,0.24650000035762787,0.09350000321865082,0.10196598604199193,-0.04649484383857379,-0.0003184804804594535,-0.01,0.0,0.0,0.0,0.0,0.0,0.04515266172295869,5.189734135668094,false,false,in_progress
87,522,1.2252349615144438,1.4935852230303475,-3.0923979185619563,0.10199934980275802,-0.1513739504279398,0.07543074909847935,0.10199934980275802,0,,false,0,0,1.8477000000000008,0.8775,-0.02,false,1,SLOW_STRAIGHT,0.17000000178813934,0.17000000178813934,0.1017093095207978,-0.045828145736320755,-0.002844898954778872,-0.01,0.0,0.0,0.0,0.0,0.0,0.043036264829698176,5.232770400497793,false,false,in_progress
88,528,1.2048420363750252,1.4940477211012246,-3.13902915133081,0.10199988528287554,-0.14982120449892436,0.07068050114528557,0.10199988528287554,0,,false,0,0,1.8477000000000008,0.8775,-0.02,false,1,SLOW_STRAIGHT,0.17000000178813934,0.17000000178813934,0.10174520922503347,-0.04489278663501702,-0.0024978666210743574,-0.01,0.0,0.0,0.0,0.0,0.0,0.04435455596894208,5.277124956466735,false,false,in_progress
89,534,1.1844431322840174,1.4938707750120068,3.1243960413678065,0.10199998066816203,-0.14858384835519156,0.0473685397826913,0.10199998066816203,0,,false,0,0,1.8477000000000008,0.8775,-0.02,false,1,SLOW_STRAIGHT,0.17000000178813934,0.17000000178813934,0.10188556937843202,-0.04415431998407712,-0.0011218892805722042,-0.01,0.0,0.0,0.0,0.0,0.0,0.04660936011378269,5.323734316580517,false,false,in_progress
90,540,1.1640481090590304,1.4934228575896689,3.1160226379401825,0.10199999753858029,-0.14792285758966894,0.025570015649608875,0.10199999753858029,0,,false,0,0,1.8477000000000008,0.8775,-0.02,false,1,SLOW_STRAIGHT,0.17000000178813934,0.17000000178813934,0.10196665424545313,-0.04376234359498696,-0.0003269128501606214,-0.01,0.0,0.0,0.0,0.0,0.0,0.04787739780030555,5.371611714380823,false,false,in_progress
91,546,1.1436558820686338,1.4928601359836802,3.112474384966787,0.10200000048167902,-0.14736013598368025,0.02911826862300562,0.10200000048167902,0,,false,0,0,1.8477000000000008,0.8775,-0.02,false,1,SLOW_STRAIGHT,0.17000000178813934,0.17000000178813934,0.10195676198472155,-0.04343001935425747,-0.00042393678380075675,-0.01,0.0,0.0,0.0,0.0,0.0,0.048102805846663314,5.419714520227486,false,false,in_progress
92,552,1.1232650467622425,1.4922487711400025,3.1109708029081853,0.10200000098126773,-0.14674877114000284,0.030621850681608047,0.10200000098126773,0,,false,0,0,1.8477000000000008,0.8775,-0.02,false,1,SLOW_STRAIGHT,0.17000000178813934,0.17000000178813934,0.10195218213292086,-0.04307040366220186,-0.0004688488695833496,-0.01,0.0,0.0,0.0,0.0,0.0,0.04841292960113564,5.468127449828621,false,false,in_progress
93,558,1.102874838310877,1.4916167946755194,3.1103336558321732,0.10200000106130751,-0.14611679467551952,0.0312589977576214,0.10200000106130751,0,,false,0,0,1.8477000000000008,0.8775,-0.02,false,1,SLOW_STRAIGHT,0.17000000178813934,0.17000000178813934,0.1019501717464614,-0.042700235372495864,-0.0004885624704054898,-0.01,0.0,0.0,0.0,0.0,0.0,0.04876137390356004,5.516888823732182,false,false,in_progress
94,564,1.082484902156919,1.4909760841840087,3.110063662987986,0.10200000107243334,-0.1454760841840088,0.031528990601806646,0.10200000107243334,0,,false,0,0,1.8477000000000008,0.8775,-0.02,false,1,SLOW_STRAIGHT,0.17000000178813934,0.17000000178813934,0.10194930733190007,-0.04232658213902564,-0.0004970386241844059,-0.01,0.0,0.0,0.0,0.0,0.0,0.04912568656869002,5.566014510300872,false,false,in_progress
95,570,1.0620950825865887,1.4903316726617197,3.1099492527699115,0.10200000107335161,-0.1448316726617198,0.03164340081988169,0.10200000107335161,0,,false,0,0,1.8477000000000008,0.8775,-0.02,false,1,SLOW_STRAIGHT,0.17000000178813934,0.17000000178813934,0.1019489387881824,-0.041952426811983114,-0.0005006524077238447,-0.01,0.0,0.0,0.0,0.0,0.0,0.04949585956847544,5.615510369869347,false,false,in_progress
96,576,1.0417053126337723,1.4896856928241964,3.109900771122039,0.10200000107315221,-0.14418569282419647,0.03169188246775532,0.10200000107315221,0,,false,0,0,1.8477000000000008,0.8775,-0.02,false,1,SLOW_STRAIGHT,0.17000000178813934,0.17000000178813934,0.10194878221361034,-0.04157902803038708,-0.0005021877071750084,-0.01,0.0,0.0,0.0,0.0,0.0,0.04986756647604825,5.665377936345395,false,false,in_progress
97,582,1.021315563745091,1.489039048409907,3.1098802268890156,0.10200000107299513,-0.14353904840990683,0.03171242670077644,0.10200000107299513,0,,false,0,0,1.8477000000000008,0.8775,-0.02,false,1,SLOW_STRAIGHT,0.17000000178813934,0.17000000178813934,0.10194871579234176,-0.041206916836843153,-0.0005028390036260592,-0.01,0.0,0.0,0.0,0.0,0.0,0.050238959951872546,5.715616896297268,false,false,in_progress
98,588,1.0009258237893197,1.488392122379553,3.1098715212131762,0.10200000107292471,-0.14289212237955318,0.03172113237661554,0.10200000107292471,0,,false,0,0,1.8477000000000008,0.8775,-0.02,false,1,SLOW_STRAIGHT,0.17000000178813934,0.17000000178813934,0.10194868763316063,-0.0408363172762664,-0.0005031151196273835,-0.01,0.0,0.0,0.0,0.0,0.0,0.050609255237266844,5.766226151534535,false,false,in_progress
99,594,0.9805360876200991,1.4877450770148086,3.109867832158845,0.10200000107289661,-0.1422450770148087,0.031724821430947986,0.10200000107289661,0,,false,0,0,1.8477000000000008,0.8775,-0.02,false,1,SLOW_STRAIGHT,0.17000000178813934,0.17000000178813934,0.10194867569830031,-0.04046732386989772,-0.0005032321474127683,-0.01,0.0,0.0,0.0,0.0,0.0,0.050978119680989815,5.817204271215525,false,false,in_progress
100,600,0.9601463530557575,1.4870979810787954,3.1098662689118197,0.10200000107288822,-0.1415979810787955,0.03172638467797336,0.10200000107288822,0,,false,0,0,1.8477000000000008,0.8775,-0.02,false,1,SLOW_STRAIGHT,0.17000000178813934,0.17000000178813934,0.10194867064045506,-0.04009997649118186,-0.0005032817423673714,-0.01,0.0,0.0,0.0,0.0,0.0,0.05134541240690582,5.8685496836224305,false,false,in_progress
101,606,0.9397566191714731,1.4864508637147829,3.109865606481548,0.10200000107288651,-0.14095086371478294,0.03172704710824633,0.10200000107288651,0,,false,0,0,1.8477000000000008,0.8775,-0.02,false,1,SLOW_STRAIGHT,0.17000000178813934,0.17000000178813934,0.10194866849710577,-0.03973429196388663,-0.0005033027591044409,-0.01,0.0,0.0,0.0,0.0,0.0,0.05171107377411469,5.920260757396545,false,false,in_progress
102,612,0.9193668855755128,1.4858037372661639,3.1098653257748796,0.1020000010728838,-0.14030373726616396,0.03172732781491431,0.1020000010728838,0,,false,0,0,1.8477000000000008,0.8775,-0.02,false,1,SLOW_STRAIGHT,0.17000000178813934,0.17000000178813934,0.10194866758884008,-0.03937027738170553,-0.0005033116651375176,-0.01,0.0,0.0,0.0,0.0,0.0,0.05207507854199702,5.972335835938543,false,false,in_progress
103,618,0.8989771521014055,1.485156606978203,3.1098652068246486,0.10200000107288444,-0.13965660697820304,0.03172744676514352,0.10200000107288444,0,,false,0,0,1.8477000000000008,0.8775,-0.02,false,1,SLOW_STRAIGHT,0.17000000178813934,0.17000000178813934,0.10194866720395933,-0.039007935745328536,-0.0005033154391175079,-0.01,0.0,0.0,0.0,0.0,0.0,0.05243741601951329,6.024773251958056,false,false,in_progress
104,624,0.878587418672291,1.4845094752726187,3.1098651850538426,0.10200000107288257,-0.13900947527261875,0.031727468535949745,0.10200000107288257,2,,false,0,0,1.8477000000000008,0.8775,-0.02,false,1,SLOW_STRAIGHT,0.17000000178813934,0.17000000178813934,0.10194866713351458,-0.03864726843113761,-0.0005033161298498405,-0.01,0.0,0.0,0.0,0.0,0.0,0.052798082572527126,6.077571334530583,false,false,in_progress
105,630,0.858197685245588,1.4838623434910505,3.1098651850538426,0.10200000107288257,-0.1383623434910506,0.031727468535949745,0.10200000107288257,2,,false,0,0,1.8477000000000008,0.8775,-0.02,false,1,SLOW_STRAIGHT,0.17000000178813934,0.17000000178813934,0.10194866713351458,-0.03828827619267094,-0.0005033161298498405,-0.01,0.0,0.0,0.0,0.0,0.0,0.05315707481099379,6.130728409341576,false,false,in_progress
106,636,0.8378079518188851,1.4832152117094823,3.1098651850538426,0.10200000107288257,-0.13771521170948242,0.031727468535949745,0.10200000107288257,2,,false,0,0,1.8477000000000008,0.8775,-0.02,false,1,SLOW_STRAIGHT,0.17000000178813934,0.17000000178813934,0.10194866713351458,-0.03793095907237513,-0.0005033161298498405,-0.01,0.0,0.0,0.0,0.0,0.0,0.053514391931289616,6.184242801272866,false,false,in_progress
107,642,0.8174182183921822,1.4825680799279142,3.1098651850538426,0.10200000107288257,-0.13706807992791425,0.031727468535949745,0.10200000107288257,2,,false,0,0,1.8477000000000008,0.8775,-0.02,false,1,SLOW_STRAIGHT,0.17000000178813934,0.17000000178813934,0.10194866713351458,-0.037575317070250185,-0.0005033161298498405,-0.01,0.0,0.0,0.0,0.0,0.0,0.053870033933414545,6.23811283520628,false,false,in_progress
108,648,0.7970284849654793,1.481920948146346,3.1098651850538426,0.10200000107288257,-0.1364209481463461,0.031727468535949745,0.10200000107288257,2,,false,0,0,1.8477000000000008,0.8775,-0.02,false,1,SLOW_STRAIGHT,0.17000000178813934,0.17000000178813934,0.10194866713351458,-0.0372213501862961,-0.0005033161298498405,-0.01,0.0,0.0,0.0,0.0,0.0,0.05422400081736863,6.292336836023649,false,false,in_progress
109,654,0.7766387515387764,1.4812738163647778,3.1098651850538426,0.10200000107288257,-0.13577381636477792,0.031727468535949745,0.10200000107288257,2,,false,0,0,1.8477000000000008,0.8775,-0.02,false,1,SLOW_STRAIGHT,0.17000000178813934,0.17000000178813934,0.10194866713351458,-0.03686905842051287,-0.0005033161298498405,-0.01,0.0,0.0,0.0,0.0,0.0,0.054576292583151866,6.346913128606801,false,false,in_progress
110,660,0.7562490181120735,1.4806266845832097,3.1098651850538426,0.10200000107288257,-0.13512668458320976,0.031727468535949745,0.10200000107288257,2,,false,0,0,1.8477000000000008,0.8775,-0.02,false,1,SLOW_STRAIGHT,0.17000000178813934,0.17000000178813934,0.10194866713351458,-0.03651844177290051,-0.0005033161298498405,-0.01,0.0,0.0,0.0,0.0,0.0,0.05492690923076423,6.401840037837565,false,false,in_progress
111,666,0.7358592846853705,1.4799795528016415,3.1098651850538426,0.10200000107288257,-0.1344795528016416,0.031727468535949745,0.10200000107288257,2,,false,0,0,1.8477000000000008,0.8775,-0.02,false,1,SLOW_STRAIGHT,0.17000000178813934,0.17000000178813934,0.10194866713351458,-0.03616950024345902,-0.0005033161298498405,-0.01,0.0,0.0,0.0,0.0,0.0,0.05527585076020571,6.45711588859777,false,false,in_progress
112,672,0.7154695512586676,1.4793324210200733,3.1098651850538426,0.10200000107288257,-0.13383242102007342,0.031727468535949745,0.10200000107288257,2,,false,0,0,1.8477000000000008,0.8775,-0.02,false,1,SLOW_STRAIGHT,0.17000000178813934,0.17000000178813934,0.10194866713351458,-0.03582223383218838,-0.0005033161298498405,-0.01,0.0,0.0,0.0,0.0,0.0,0.055623117171476354,6.512739005769247,false,false,in_progress
113,678,0.6950798178319647,1.4786852892385052,3.1098651850538426,0.10200000107288257,-0.13318528923850526,0.031727468535949745,0.10200000107288257,2,,false,0,0,1.8477000000000008,0.8775,-0.02,false,1,SLOW_STRAIGHT,0.17000000178813934,0.17000000178813934,0.10194866713351458,-0.03547664253908861,-0.0005033161298498405,-0.01,0.0,0.0,0.0,0.0,0.0,0.055968708464576127,6.568707714233823,false,false,in_progress
114,684,0.6746900844052618,1.478038157456937,3.1098651850538426,0.10200000107288257,-0.1325381574569371,0.031727468535949745,0.10200000107288257,2,,false,0,0,1.8477000000000008,0.8775,-0.02,false,1,SLOW_STRAIGHT,0.17000000178813934,0.17000000178813934,0.10194866713351458,-0.0351327263641597,-0.0005033161298498405,-0.01,0.0,0.0,0.0,0.0,0.0,0.05631262463950503,6.625020338873328,false,false,in_progress
115,690,0.6543003509785589,1.4773910256753688,3.1098651850538426,0.10200000107288257,-0.13189102567536892,0.031727468535949745,0.10200000107288257,2,,false,0,0,1.8477000000000008,0.8775,-0.02,false,1,SLOW_STRAIGHT,0.17000000178813934,0.17000000178813934,0.10194866713351458,-0.03479048530740165,-0.0005033161298498405,-0.01,0.0,0.0,0.0,0.0,0.0,0.056654865696263094,6.681675204569591,false,false,in_progress
116,696,0.633910617551856,1.4767438938938007,3.1098651850538426,0.10200000107288257,-0.13124389389380076,0.031727468535949745,0.10200000107288257,2,,false,0,0,1.8477000000000008,0.8775,-0.02,false,1,SLOW_STRAIGHT,0.17000000178813934,0.17000000178813934,0.10194866713351458,-0.03444991936881446,-0.0005033161298498405,-0.01,0.0,0.0,0.0,0.0,0.0,0.056995431634850276,6.738670636204441,false,false,in_progress
117,702,0.613520884125153,1.4760967621122325,3.1098651850538426,0.10200000107288257,-0.1305967621122326,0.031727468535949745,0.10200000107288257,2,,false,0,0,1.8477000000000008,0.8775,-0.02,false,1,SLOW_STRAIGHT,0.17000000178813934,0.17000000178813934,0.10194866713351458,-0.03411102854839814,-0.0005033161298498405,-0.01,0.0,0.0,0.0,0.0,0.0,0.05733432245526659,6.796004958659708,false,false,in_progress
118,708,0.5931311506984501,1.4754496303306643,3.1098651850538426,0.10200000107288257,-0.12994963033066442,0.031727468535949745,0.10200000107288257,2,,false,0,0,1.8477000000000008,0.8775,-0.02,false,1,SLOW_STRAIGHT,0.17000000178813934,0.17000000178813934,0.10194866713351458,-0.033773812846152676,-0.0005033161298498405,-0.01,0.0,0.0,0.0,0.0,0.0,0.05767153815751206,6.85367649681722,false,false,in_progress
119,714,0.5727414172717472,1.4748024985490962,3.1098651850538426,0.10200000107288257,-0.12946184461235793,0.005681255888242103,0.10200000107288257,2,,false,0,0,1.8477000000000008,0.8775,-0.02,false,1,SLOW_STRAIGHT,0.17000000178813934,0.17000000178813934,0.10199835496720097,-0.03352073842086862,-1.6138334233842782e-5,-0.01,0.0,0.0,0.0,0.0,0.0,0.05846147821209851,6.912137975029319,false,false,in_progress
120,720,0.5523516838450443,1.474155366767528,3.1098651850538426,0.10200000107288257,-0.12982165118686087,-0.04151653486831721,0.10200000107288257,2,,false,0,0,1.8477000000000008,0.8775,-0.02,false,1,SLOW_STRAIGHT,0.17000000178813934,0.17000000178813934,0.10191210894141077,-0.03370732223376595,-0.0008618113337360994,-0.01,0.0,0.0,0.0,0.0,0.0,0.05734297537390872,6.969480950403228,false,false,in_progress
121,726,0.531964015173714,1.4734509734373276,3.0958798519820188,0.10199981169267337,-0.13112251654251092,-0.07891268251854103,0.10199981169267337,2,,false,0,0,1.8477000000000008,0.8775,-0.02,false,1,SLOW_RIGHT,0.24650000035762787,0.09350000321865082,0.10168238926709328,-0.0343862286888821,-0.003113605731136025,-0.01,0.0,0.0,0.0,0.0,0.0,0.05418255484707513,7.023663505250303,false,false,in_progress
122,732,0.5116277958590533,1.471890815697711,3.0277614110674693,0.10199918589761421,-0.132647240850295,-0.06663188938321028,0.10199918589761421,2,,false,0,0,1.8477000000000008,0.8775,-0.02,false,1,SLOW_RIGHT,0.24650000035762787,0.09350000321865082,0.10177284122453606,-0.03519058101039234,-0.0022199043413881855,-0.01,0.0,0.0,0.0,0.0,0.0,0.05436235587275553,7.078025861123058,false,false,in_progress
123,738,0.49149586393388944,1.468642588437973,2.9327716650624964,0.10199878874863202,-0.1336369055911529,-0.03214623479854262,0.10199878874863202,2,,false,0,0,1.8477000000000008,0.8775,-0.02,false,1,SLOW_RIGHT,0.24650000035762787,0.09350000321865082,0.10194609151173471,-0.03571764507195743,-0.0005166902058615161,-0.01,0.0,0.0,0.0,0.0,0.0,0.055711756233915756,7.133737617356974,false,false,in_progress
124,744,0.4717816955126136,1.4634271927525258,2.8403804619178965,0.10199943878163929,-0.13378294878066613,-0.023668242958279042,0.10199943878163929,2,,false,0,0,1.8477000000000008,0.8775,-0.02,false,1,SLOW_STRAIGHT,0.17000000178813934,0.17000000178813934,0.10197087080052317,-0.03579575476890067,-0.00028009286236606274,-0.01,0.0,0.0,0.0,0.0,0.0,0.05589502316925642,7.189632640526231,false,false,in_progress
125,750,0.4524557561900773,1.4568999976387413,2.797297182618331,0.10199990010412287,-0.13405538224476993,-0.025418270302256636,0.10199990010412287,2,,false,0,0,1.8477000000000008,0.8775,-0.02,false,1,SLOW_STRAIGHT,0.17000000178813934,0.17000000178813934,0.10196695139870941,-0.03594169101758275,-0.0003230442325792908,-0.01,0.0,0.0,0.0,0.0,0.0,0.05570221614854736,7.245334856674778,false,false,in_progress
126,756,0.4333257489322745,1.4498154105804753,2.779040523280265,0.1019999829422801,-0.13505560369792005,-0.07438870577980028,0.1019999829422801,2,,false,0,0,1.8477000000000008,0.8775,-0.02,false,1,SLOW_STRAIGHT,0.17000000178813934,0.17000000178813934,0.10171789545036365,-0.03648003218041927,-0.0027668397737968457,-0.01,0.0,0.0,0.0,0.0,0.0,0.05247102349614753,7.297805880170926,false,false,in_progress
127,762,0.41430484283046976,1.442443141832406,2.757318880075959,0.10199975877601965,-0.13720242121411402,-0.13058052159067715,0.10199975877601965,2,,false,0,0,1.8477000000000008,0.8775,-0.02,false,1,SLOW_RIGHT,0.24650000035762787,0.09350000321865082,0.10113138089407847,-0.03764900877403033,-0.00852563630944665,-0.01,0.0,0.0,0.0,0.0,0.0,0.04495673581060149,7.342762615981528,false,false,in_progress
128,768,0.39565693275831165,1.4341826525110408,2.6859221562424134,0.10199914165287062,-0.1398765214863682,-0.1330834208597242,0.10199914165287062,2,,false,0,0,1.8477000000000008,0.8775,-0.02,false,1,SLOW_RIGHT,0.24650000035762787,0.09350000321865082,0.10109721058133188,-0.039130882526252846,-0.008855598453863236,-0.01,0.0,0.0,0.0,0.0,0.0,0.04311072960121579,7.385873345582743,false,false,in_progress
129,774,0.3777866635552157,1.4243597187753485,2.589543228739678,0.10199876608148736,-0.14232432489794034,-0.10514945731603627,0.10199876608148736,2,,false,0,0,1.8477000000000008,0.8775,-0.02,false,1,SLOW_RIGHT,0.24650000035762787,0.09350000321865082,0.1014354154157613,-0.04051242691530896,-0.005528204186928467,-0.01,0.0,0.0,0.0,0.0,0.0,0.045394784313523874,7.431268129896267,false,false,in_progress
130,780,0.361015597685155,1.4127625601009621,2.482578023002843,0.10199858645020973,-0.14422252067722885,-0.07564586586503941,0.10199858645020973,2,,false,0,0,1.8477000000000008,0.8775,-0.02,false,1,SLOW_RIGHT,0.24650000035762787,0.09350000321865082,0.10170689248287294,-0.04160027094098741,-0.0028611485112357673,-0.01,0.0,0.0,0.0,0.0,0.0,0.047245473030649764,7.478513602926917,false,false,in_progress
131,786,0.3456131705434476,1.399402381132731,2.371126852443459,0.10199850665311651,-0.14543046825764777,-0.04226930050893686,0.10199850665311651,2,,false,0,0,1.8477000000000008,0.8775,-0.02,false,1,SLOW_RIGHT,0.24650000035762787,0.09350000321865082,0.10190740017131253,-0.042300042195277394,-0.000893346882757405,-0.01,0.0,0.0,0.0,0.0,0.0,0.04871401109327773,7.527227614020195,false,false,in_progress
132,792,0.3318086882029888,1.384397356688426,2.2577747418233525,0.10199847217845795,-0.14588308049589432,-0.006660525047320222,0.10199847217845795,0,,false,0,0,1.8477000000000008,0.8775,-0.02,false,1,SLOW_RIGHT,0.24650000035762787,0.09350000321865082,0.10199620972842184,-0.042563746349943164,-2.2181296952990023e-5,-0.01,0.0,0.0,0.0,0.0,0.0,0.04941028208152568,7.576637896101721,false,false,in_progress
133,798,0.31975015672346085,1.3679538862278728,2.1576024356413335,0.10199934942143385,-0.1456036275043661,0.02458845361564197,0.10199934942143385,0,,false,0,0,1.8477000000000008,0.8775,-0.02,false,1,SLOW_STRAIGHT,0.17000000178813934,0.17000000178813934,0.10196851697695739,-0.04240083268486039,-0.00030229602560428835,-0.01,0.0,0.0,0.0,0.0,0.0,0.0492653882664927,7.6259032843682135,false,false,in_progress
134,804,0.30890750086734153,1.3506760714951382,2.1112218923048123,0.10199988405798395,-0.14535679019682946,-0.003679143303028433,0.10199988405798395,0,,false,0,0,1.8477000000000008,0.8775,-0.02,false,1,SLOW_STRAIGHT,0.17000000178813934,0.17000000178813934,0.1019991937186797,-0.04225719291265019,-6.768047722109484e-6,-0.01,0.0,0.0,0.0,0.0,0.0,0.0497352327583074,7.675638517126521,false,false,in_progress
135,810,0.2986080169295184,1.3330673418051584,2.0915680081674966,0.10199998006092825,-0.1459489310755631,-0.055951739966309616,0.10199998006092825,0,,false,0,0,1.8477000000000008,0.8775,-0.02,false,1,SLOW_STRAIGHT,0.17000000178813934,0.17000000178813934,0.10184036128303138,-0.04260218096419893,-0.0015652986026287643,-0.01,0.0,0.0,0.0,0.0,0.0,0.04767288171620368,7.723311398842725,false,false,in_progress
136,816,0.2885919942810169,1.3152959117876544,2.069254287071412,0.10199975445795122,-0.14763788710353526,-0.10229078483038773,0.10199975445795122,0,,false,0,0,1.8477000000000008,0.8775,-0.02,false,1,SLOW_RIGHT,0.24650000035762787,0.09350000321865082,0.10146658724351225,-0.043593891416792444,-0.00523170233060834,-0.01,0.0,0.0,0.0,0.0,0.0,0.042640993496111466,7.7659523923388365,false,false,in_progress
137,822,0.2794353037677147,1.29707136727392,1.9976066685857525,0.10199913821855151,-0.14971420793969353,-0.09564091366017026,0.10199913821855151,0,,false,0,0,1.8477000000000008,0.8775,-0.02,false,1,SLOW_RIGHT,0.24650000035762787,0.09350000321865082,0.10153299124759686,-0.044828688118019586,-0.0045735921828760715,-0.01,0.0,0.0,0.0,0.0,0.0,0.042130710946701205,7.808083103285537,false,false,in_progress
138,828,0.2718748314182727,1.2781326475867947,1.9011214237769096,0.10199876433807405,-0.15133437791778795,-0.06027879959710956,0.10199876433807405,0,,false,0,0,1.8477000000000008,0.8775,-0.02,false,1,SLOW_RIGHT,0.24650000035762787,0.09350000321865082,0.10181351246869391,-0.04580418787952773,-0.0018167668404342476,-0.01,0.0,0.0,0.0,0.0,0.0,0.04419255774873193,7.85227566103427,false,false,in_progress
139,834,0.2662917843515878,1.2585216304115237,1.7941111657861404,0.10199858565969797,-0.15208770779854894,-0.010437820291861691,0.10199858565969797,0,,false,0,0,1.8477000000000008,0.8775,-0.02,false,1,SLOW_RIGHT,0.24650000035762787,0.09350000321865082,0.10199302943447339,-0.046261341726833605,-5.4474046222599845e-5,-0.01,0.0,0.0,0.0,0.0,0.0,0.04567721366141718,7.897952874695687,false,false,in_progress
140,840,0.262886368567261,1.2384185922995656,1.6826409042089445,0.10199850630884148,-0.15175662812158086,0.04267010408307786,0.10199850630884148,0,,false,0,0,1.8477000000000008,0.8775,-0.02,false,1,SLOW_RIGHT,0.24650000035762787,0.09350000321865082,0.10190566412980039,-0.046060148357663575,-0.0009103688912303488,-0.01,0.0,0.0,0.0,0.0,0.0,0.04493514688090646,7.942888021576593,false,false,in_progress
141,846,0.26170295726963266,1.2180617494450472,1.5832660367887985,0.10199935888236424,-0.1502667813705669,0.09296934222406404,0.10199935888236424,0,,false,0,0,1.8477000000000008,0.8775,-0.02,false,1,SLOW_STRAIGHT,0.17000000178813934,0.17000000178813934,0.10155887083441567,-0.0451602111669395,-0.004321649296787569,-0.01,0.0,0.0,0.0,0.0,0.0,0.042077010370688596,7.984965031947281,false,false,in_progress
142,852,0.2619827065054357,1.1976654536601674,1.5372234103438225,0.10199988575685576,-0.14831443479555567,0.09354233080401188,0.10199988575685576,0,,false,0,0,1.8477000000000008,0.8775,-0.02,false,1,SLOW_STRAIGHT,0.17000000178813934,0.17000000178813934,0.10155395301424816,-0.04399434313745027,-0.004375083826123595,-0.01,0.0,0.0,0.0,0.0,0.0,0.04318452605067429,8.028149557997956,false,false,in_progress
143,858,0.2628936296047754,1.177286122401232,1.5177127194284208,0.10199998036599085,-0.14666001814000482,0.06694410584096323,0.10199998036599085,0,,false,0,0,1.8477000000000008,0.8775,-0.02,false,1,SLOW_STRAIGHT,0.17000000178813934,0.17000000178813934,0.10177150857540686,-0.043018321841653086,-0.002240756653423044,-0.01,0.0,0.0,0.0,0.0,0.0,0.04651243008033073,8.074661988078287,false,false,in_progress
144,864,0.26407179356050203,1.156920229620828,1.509445009929892,0.10199999735462273,-0.14542820643949794,0.06135131686500393,0.10199999735462273,0,,false,0,0,1.8477000000000008,0.8775,-0.02,false,1,SLOW_STRAIGHT,0.17000000178813934,0.17000000178813934,0.10180809437610978,-0.04229872645641846,-0.001881992040535058,-0.01,0.0,0.0,0.0,0.0,0.0,0.04762737587915626,8.122289363957442,false,false,in_progress
145,870,0.26536314115684007,1.136561152819283,1.5059415450526894,0.10200000040521505,-0.1441368588431599,0.06485478174220748,0.10200000040521505,0,,false,0,0,1.8477000000000008,0.8775,-0.02,false,1,SLOW_STRAIGHT,0.17000000178813934,0.17000000178813934,0.10178556230482101,-0.04155086815434601,-0.002103071357414684,-0.01,0.0,0.0,0.0,0.0,0.0,0.04813162279306031,8.170420986750502,false,false,in_progress
146,876,0.2667024382081537,1.116205165582139,1.5044569420743223,0.10200000095298918,-0.14279756179184627,0.06633938472057427,0.10200000095298918,0,,false,0,0,1.8477000000000008,0.8775,-0.02,false,1,SLOW_STRAIGHT,0.17000000178813934,0.17000000178813934,0.10177563664078415,-0.040782287307392306,-0.0022004569825521815,-0.01,0.0,0.0,0.0,0.0,0.0,0.04879289235083966,8.219213879101341,false,false,in_progress
147,882,0.2680620516226607,1.0958505236910838,1.5038278374363054,0.1020000010513538,-0.1414379483773393,0.0669684893585906,0.1020000010513538,0,,false,0,0,1.8477000000000008,0.8775,-0.02,false,1,SLOW_STRAIGHT,0.17000000178813934,0.17000000178813934,0.10177136281056867,-0.040009386482381795,-0.0022423892834858307,-0.01,0.0,0.0,0.0,0.0,0.0,0.049519587044701045,8.268733466146042,false,false,in_progress
148,888,0.269430273721118,1.075496458382132,1.50356125259757,0.10200000106902271,-0.14006972627888198,0.06723507419732676,0.10200000106902271,0,,false,0,0,1.8477000000000008,0.8775,-0.02,false,1,SLOW_STRAIGHT,0.17000000178813934,0.17000000178813934,0.10176953958873516,-0.03923905643968184,-0.0022602776011600174,-0.01,0.0,0.0,0.0,0.0,0.0,0.050270205547893305,8.319003671693935,false,false,in_progress
149,894,0.27080214369517186,1.0551426385664233,1.5034482865312766,0.10200000107218805,-0.13869785630482817,0.06734804026362064,0.10200000107218805,0,,false,0,0,1.8477000000000008,0.8775,-0.02,false,1,SLOW_STRAIGHT,0.17000000178813934,0.17000000178813934,0.10176876480734204,-0.03847419068710953,-0.0022678792636751334,-0.01,0.0,0.0,0.0,0.0,0.0,0.05102669485655738,8.370030366550491,false,false,in_progress
150,900,0.27217555945254635,1.0347889229883438,1.5034004168467354,0.10200000107275942,-0.13732444054745369,0.06739590994816154,0.10200000107275942,0,,false,0,0,1.8477000000000008,0.8775,-0.02,false,1,SLOW_STRAIGHT,0.17000000178813934,0.17000000178813934,0.10176843609903785,-0.037716003943342284,-0.0022711043388703497,-0.01,0.0,0.0,0.0,0.0,0.0,0.05178132781682521,8.421811694367316,false,false,in_progress
151,906,0.2735496302373563,1.0144352516188113,1.5033801319348739,0.10200000107286608,-0.13595036976264374,0.06741619486002226,0.10200000107286608,0,,false,0,0,1.8477000000000008,0.8775,-0.02,false,1,SLOW_STRAIGHT,0.17000000178813934,0.17000000178813934,0.1017682967374973,-0.03696500607719912,-0.002272471664702246,-0.01,0.0,0.0,0.0,0.0,0.0,0.052530818995595925,8.474342513362911,false,false,in_progress
152,912,0.27492397859121936,0.9940815989895062,1.5033715361470978,0.10200000107288057,-0.13457602140878056,0.0674247906477987,0.10200000107288057,0,,false,0,0,1.8477000000000008,0.8775,-0.02,false,1,SLOW_STRAIGHT,0.17000000178813934,0.17000000178813934,0.10176823766999442,-0.036221411076433126,-0.0022730511969497416,-0.01,0.0,0.0,0.0,0.0,0.0,0.05327377539661154,8.527616288759523,false,false,in_progress
153,918,0.2762984445665046,0.9737279543026927,1.5033678936581387,0.10200000107288228,-0.13320155543349532,0.06742843313675753,0.10200000107288228,0,,false,0,0,1.8477000000000008,0.8775,-0.02,false,1,SLOW_STRAIGHT,0.17000000178813934,0.17000000178813934,0.10176821263770319,-0.03548530873980506,-0.0022732967976390904,-0.01,0.0,0.0,0.0,0.0,0.0,0.054009607100259045,8.581625895859782,false,false,in_progress
154,924,0.2776729603811,0.9533743129815415,1.5033663501433192,0.1020000010728818,-0.13182703961890002,0.06742997665157688,0.1020000010728818,0,,false,0,0,1.8477000000000008,0.8775,-0.02,false,1,SLOW_STRAIGHT,0.17000000178813934,0.17000000178813934,0.10176820202979171,-0.03475673674936607,-0.0022734008756161014,-0.01,0.0,0.0,0.0,0.0,0.0,0.05473806440480954,8.63636396026459,false,false,in_progress
155,930,0.27904749731982514,0.9330206730869478,1.503365696074625,0.10200000107288362,-0.1304525026801749,0.06743063072027146,0.10200000107288362,0,,false,0,0,1.8477000000000008,0.8775,-0.02,false,1,SLOW_STRAIGHT,0.17000000178813934,0.17000000178813934,0.10176819753458861,-0.03403571091104207,-0.0022734449796668085,-0.01,0.0,0.0,0.0,0.0,0.0,0.055459041643879735,8.691823001908471,false,false,in_progress
156,936,0.280422043204502,0.9126670337965004,1.5033654189111978,0.1020000010728842,-0.129077956795498,0.0674309078836981,0.1020000010728842,0,,false,0,0,1.8477000000000008,0.8775,-0.02,false,1,SLOW_STRAIGHT,0.17000000178813934,0.17000000178813934,0.10176819562972049,-0.03332223786100089,-0.002273463669009889,-0.01,0.0,0.0,0.0,0.0,0.0,0.056172494099709695,8.74799549600818,false,false,in_progress
157,942,0.2817965928699997,0.8923133947613842,1.5033653014624253,0.10200000107288254,-0.12770340713000028,0.06743102533247097,0.10200000107288254,0,,false,0,0,1.8477000000000008,0.8775,-0.02,false,1,SLOW_STRAIGHT,0.17000000178813934,0.17000000178813934,0.10176819482252306,-0.03261632038522121,-0.002273471588694171,-0.01,0.0,0.0,0.0,0.0,0.0,0.05687840284860766,8.804873898856787,false,false,in_progress
158,948,0.28317114380910335,0.8719597558122788,1.5033652899467096,0.10200000107288328,-0.12632885619089662,0.06743103684818767,0.10200000107288328,2,,false,0,0,1.8477000000000008,0.8775,-0.02,false,1,SLOW_STRAIGHT,0.17000000178813934,0.17000000178813934,0.1017681947433791,-0.03191795981300048,-0.002273472365210822,-0.01,0.0,0.0,0.0,0.0,0.0,0.0575767625651678,8.862450661421954,false,false,in_progress
159,954,0.2845456947545668,0.851606116863603,1.5033652899467096,0.10200000107288328,-0.12495430524543316,0.06743103684818767,0.10200000107288328,2,,false,0,0,1.8477000000000008,0.8775,-0.02,false,1,SLOW_STRAIGHT,0.17000000178813934,0.17000000178813934,0.1017681947433791,-0.03122715679873777,-0.002273472365210822,-0.01,0.0,0.0,0.0,0.0,0.0,0.05826756557943052,8.920718227001386,false,false,in_progress
160,960,0.2859202457000303,0.8312524779149272,1.5033652899467096,0.10200000107288328,-0.12357975429996976,0.06743103684818767,0.10200000107288328,2,,false,0,0,1.8477000000000008,0.8775,-0.02,false,1,SLOW_STRAIGHT,0.17000000178813934,0.17000000178813934,0.1017681947433791,-0.03054391134568179,-0.002273472365210822,-0.01,0.0,0.0,0.0,0.0,0.0,0.0589508110324865,8.979669038033872,false,false,in_progress
161,966,0.28729479664549373,0.8108988389662514,1.5033652899467096,0.10200000107288328,-0.12220520335450624,0.06743103684818767,0.10200000107288328,2,,false,0,0,1.8477000000000008,0.8775,-0.02,false,1,SLOW_STRAIGHT,0.17000000178813934,0.17000000178813934,0.1017681947433791,-0.029868223453832447,-0.002273472365210822,-0.01,0.0,0.0,0.0,0.0,0.0,0.05962649892433584,9.039295536958209,false,false,in_progress
162,972,0.2886693475909572,0.7905452000175756,1.5033652899467096,0.10200000107288328,-0.12083065240904278,0.06743103684818767,0.10200000107288328,2,,false,0,0,1.8477000000000008,0.8775,-0.02,false,1,SLOW_STRAIGHT,0.17000000178813934,0.17000000178813934,0.1017681947433791,-0.029200093123189833,-0.002273472365210822,-0.01,0.0,0.0,0.0,0.0,0.0,0.06029462925497845,9.099590166213186,false,false,in_progress
163,978,0.29004389853642065,0.7701915610688997,1.5033652899467096,0.10200000107288328,-0.11945610146357932,0.06743103684818767,0.10200000107288328,2,,false,0,0,1.8477000000000008,0.8775,-0.02,false,1,SLOW_STRAIGHT,0.17000000178813934,0.17000000178813934,0.1017681947433791,-0.028539520353753917,-0.002273472365210822,-0.01,0.0,0.0,0.0,0.0,0.0,0.060955202024414366,9.160545368237601,false,false,in_progress
164,984,0.2914184494818841,0.7498379221202238,1.5033652899467096,0.10200000107288328,-0.11808155051811586,0.06743103684818767,0.10200000107288328,2,,false,0,0,1.8477000000000008,0.8775,-0.02,false,1,SLOW_STRAIGHT,0.17000000178813934,0.17000000178813934,0.1017681947433791,-0.0278865051455247,-0.002273472365210822,-0.01,0.0,0.0,0.0,0.0,0.0,0.061608217232643585,9.222153585470245,false,false,in_progress
165,990,0.29279300042734757,0.729484283171548,1.5033652899467096,0.10200000107288328,-0.1167069995726524,0.06743103684818767,0.10200000107288328,2,,false,0,0,1.8477000000000008,0.8775,-0.02,false,1,SLOW_STRAIGHT,0.17000000178813934,0.17000000178813934,0.1017681947433791,-0.027241047498502178,-0.002273472365210822,-0.01,0.0,0.0,0.0,0.0,0.0,0.062253674879666106,9.284407260349912,false,false,in_progress
166,996,0.29432027925062004,0.7068691288584668,1.5033652899467096,0.1460000000894089,-0.11517972074937993,0.06743103684818767,0.1460000000894089,2,,false,0,0,1.8477000000000008,0.8775,-0.02,false,1,FAST_STRAIGHT,0.4099999964237213,0.4099999964237213,0.14566819887595447,-0.026532736143810284,-0.002273472365210822,-0.01,0.0,0.0,0.0,0.0,0.0,0.10686199036693338,9.391269250716846,false,false,in_progress
167,1002,0.29688846366892124,0.6688407832549526,1.5033652899467096,0.2125102009347475,-0.11261153633107873,0.06743103684818767,0.2125102009347475,2,,false,0,0,1.8477000000000008,0.8775,-0.02,false,1,FAST_STRAIGHT,0.4099999964237213,0.4099999964237213,0.21202724790393648,-0.02536271622969173,-0.002273472365210822,-0.01,0.0,0.0,0.0,0.0,0.0,0.1743910593090339,9.56566031002588,false,false,in_progress
168,1008,0.2999534187574768,0.6234565146890922,1.5033652899467096,0.2347843326264611,-0.1095465812425232,0.06743103684818767,0.2347843326264611,2,,false,0,0,1.8477000000000008,0.8775,-0.02,false,1,FAST_STRAIGHT,0.4099999964237213,0.4099999964237213,0.23425075915784577,-0.02400090692384947,-0.002273472365210822,-0.01,0.0,0.0,0.0,0.0,0.0,0.19797637986878544,9.763636689894666,false,false,in_progress
169,1014,0.30318474133837464,0.5756087624065254,1.5033652899467096,0.24224389426232767,-0.10641302173711403,0.045478476125942816,0.24224389426232767,2,,false,0,0,1.8477000000000008,0.8775,-0.02,false,1,FAST_STRAIGHT,0.4099999964237213,0.4099999964237213,0.24199342190868903,-0.022647462390447008,-0.0010341458953689753,-0.01,0.0,0.0,0.0,0.0,0.0,0.20831181362287302,9.971948503517538,false,false,in_progress
170,1020,0.3063190521780343,0.5291975097760537,1.5033652899467096,0.2007420873445759,-0.10693091959838973,-0.07697070882382984,0.2007420873445759,2,,false,0,0,1.8477000000000008,0.8775,-0.02,false,1,SLOW_STRAIGHT,0.17000000178813934,0.17000000178813934,0.2001477336221942,-0.022868443132314575,-0.002962245008421398,-0.01,0.0,0.0,0.0,0.0,0.0,0.16431704548145823,10.136265548998997,false,false,in_progress
171,1026,0.3084311166440712,0.49792315234323237,1.5033652899467096,0.13506852597847235,-0.1106723475620641,-0.16783919344456952,0.13506852597847235,2,,false,0,0,1.8477000000000008,0.8775,-0.02,false,1,SLOW_STRAIGHT,0.17000000178813934,0.17000000178813934,0.13317054792272226,-0.024496737029796628,-0.014084997428061814,-0.01,0.0,0.0,0.0,0.0,0.0,0.08458881346486383,10.22085436246386,false,false,in_progress
172,1032,0.31007608403504605,0.4739138224672035,1.49605529008333,0.11307447640565906,-0.11556703351297995,-0.2501393979186109,0.11307447640565906,2,,false,0,0,1.8477000000000008,0.8775,-0.02,false,1,SLOW_RIGHT,0.24650000035762787,0.09350000321865082,0.1095553640364466,-0.02671147846998046,-0.03128485919554258,-0.01,0.0,0.0,0.0,0.0,0.0,0.04155902637092355,10.262413388834783,false,false,in_progress
173,1038,0.312261080030482,0.4524003106890806,1.4351109348516933,0.10570810750597397,-0.12091326238519373,-0.25381269739898166,0.10570810750597397,2,,false,0,0,1.8477000000000008,0.8775,-0.02,false,1,SLOW_RIGHT,0.24650000035762787,0.09350000321865082,0.1023214422778361,-0.02924003404126141,-0.03221044268047352,-0.01,0.0,0.0,0.0,0.0,0.0,0.030870965556101172,10.293284354390885,false,false,in_progress
174,1044,0.31598425593764307,0.43193243243827095,1.3431612275927114,0.10324091153200628,-0.12593520098833907,-0.23016462324473175,0.10324091153200628,2,,false,0,0,1.8477000000000008,0.8775,-0.02,false,1,SLOW_RIGHT,0.24650000035762787,0.09350000321865082,0.10051833011366809,-0.03171934969594672,-0.026487876896694657,-0.01,0.0,0.0,0.0,0.0,0.0,0.03231110352102671,10.325595457911911,false,false,in_progress
175,1050,0.3216465753292386,0.4122005851057591,1.2380729162436328,0.1024145863362486,-0.13038145313451838,-0.20402301165567172,0.1024145863362486,2,,false,0,0,1.8477000000000008,0.8775,-0.02,false,1,SLOW_RIGHT,0.24650000035762787,0.09350000321865082,0.1002904463638634,-0.033998646642937225,-0.02081269464252518,-0.01,0.0,0.0,0.0,0.0,0.0,0.035479105078401,10.361074562990312,false,false,in_progress
176,1056,0.32937340213619354,0.3932820006021436,1.1274170848972307,0.10213782738286509,-0.13414418804319922,-0.1680153205644148,0.10213782738286509,2,,false,0,0,1.8477000000000008,0.8775,-0.02,false,1,SLOW_RIGHT,0.24650000035762787,0.09350000321865082,0.10069958361009745,-0.035989326371538385,-0.014114573972181532,-0.01,0.0,0.0,0.0,0.0,0.0,0.04059568326637753,10.40167024625669,false,false,in_progress
177,1062,0.33915158154665087,0.37537295482080735,1.0144020014789918,0.1020451317388337,-0.1371808190061581,-0.13165626459432073,0.1020451317388337,2,,false,0,0,1.8477000000000008,0.8775,-0.02,false,1,SLOW_RIGHT,0.24650000035762787,0.09350000321865082,0.10116201534558186,-0.03763715420640062,-0.008666686003464895,-0.01,0.0,0.0,0.0,0.0,0.0,0.04485817513571634,10.446528421392408,false,false,in_progress
178,1068,0.3508906205498056,0.35869617201530946,0.9003871784385982,0.10201408420037668,-0.1394729714541526,-0.09546024799973606,0.10201408420037668,2,,false,0,0,1.8477000000000008,0.8775,-0.02,false,1,SLOW_RIGHT,0.24650000035762787,0.09350000321865082,0.10154962728564562,-0.038905419532501734,-0.004556329474085556,-0.01,0.0,0.0,0.0,0.0,0.0,0.04808787827905833,10.494616299671467,false,false,in_progress
179,1074,0.36445208025481707,0.34346911038885586,0.7859487129548905,0.10200368479038979,-0.1410076912218695,-0.059077382123747475,0.10200368479038979,0,,false,0,0,1.8477000000000008,0.8775,-0.02,false,1,SLOW_RIGHT,0.24650000035762787,0.09350000321865082,0.10182573313450877,-0.03976633796744419,-0.0017450685392976389,-0.01,0.0,0.0,0.0,0.0,0.0,0.050314326627766935,10.544930626299234,false,false,in_progress
180,1080,0.3796641050085931,0.329892566700686,0.6713307278084627,0.1020002013533325,-0.1417697304515511,-0.021808892640718707,0.1020002013533325,0,,false,0,0,1.8477000000000008,0.8775,-0.02,false,1,SLOW_RIGHT,0.24650000035762787,0.09350000321865082,0.10197594524916827,-0.040197312944610916,-0.0002378138991071973,-0.01,0.0,0.0,0.0,0.0,0.0,0.051540818405450155,10.596471444704683,false,false,in_progress
181,1086,0.3963292112125659,0.3181458160835233,0.5566366707060453,0.10199903446332766,-0.14173919213375943,0.02461434750928325,0.10199903446332766,0,,false,0,0,1.8477000000000008,0.8775,-0.02,false,1,SLOW_RIGHT,0.24650000035762787,0.09350000321865082,0.10196813714456904,-0.040179997173461546,-0.0003029330516538792,-0.01,0.0,0.0,0.0,0.0,0.0,0.05148520691945361,10.647956651624137,false,false,in_progress
182,1092,0.41421993001718943,0.30836489575735904,0.44922037776416857,0.10199932094043844,-0.1409063112455319,0.058394122454405145,0.10199932094043844,0,,false,0,0,1.8477000000000008,0.8775,-0.02,false,1,SLOW_STRAIGHT,0.17000000178813934,0.17000000178813934,0.10182546795760805,-0.039709177097645425,-0.0017049367686100315,-0.01,0.0,0.0,0.0,0.0,0.0,0.05041135409135259,10.698368005715489,false,false,in_progress
183,1098,0.432856143148163,0.30007315366766507,0.3954247802218603,0.10199990947278549,-0.13988634035469047,0.03463176075941591,0.10199990947278549,0,,false,0,0,1.8477000000000008,0.8775,-0.02,false,1,SLOW_STRAIGHT,0.17000000178813934,0.17000000178813934,0.10193874833876686,-0.03913637643565661,-0.0005996794266487098,-0.01,0.0,0.0,0.0,0.0,0.0,0.05220269247646154,10.75057069819195,false,false,in_progress
184,1104,0.4517818258039387,0.29245994281940857,0.37262874625729786,0.10199999484867557,-0.1395623155367817,-0.00943463093642764,0.10199999484867557,0,,false,0,0,1.8477000000000008,0.8775,-0.02,false,1,SLOW_STRAIGHT,0.17000000178813934,0.17000000178813934,0.10199545525727202,-0.038955279835976436,-4.450613045329874e-5,-0.01,0.0,0.0,0.0,0.0,0.0,0.05299566929084228,10.803566367482793,false,false,in_progress
185,1110,0.47082228837257334,0.2851375329717851,0.36296886351122765,0.10200000337925426,-0.14029672940540197,-0.06285326367300344,0.10200000337925426,0,,false,0,0,1.8477000000000008,0.8775,-0.02,false,1,SLOW_STRAIGHT,0.17000000178813934,0.17000000178813934,0.1017985925218894,-0.03936634456370516,-0.0019752663771740466,-0.01,0.0,0.0,0.0,0.0,0.0,0.05045698158101019,10.854023349063803,false,false,in_progress
186,1116,0.48991733151669375,0.27795867525496853,0.3515654614880154,0.10199988760194355,-0.14217151848998835,-0.11629523119526029,0.10199988760194355,0,,false,0,0,1.8477000000000008,0.8775,-0.02,false,1,SLOW_RIGHT,0.24650000035762787,0.09350000321865082,0.10131091177575756,-0.0404254813394982,-0.0067622903993795214,-0.01,0.0,0.0,0.0,0.0,0.0,0.04412314003687984,10.898146489100684,false,false,in_progress
187,1122,0.5092539400389315,0.27146900120934037,0.288886515715069,0.10199925755927082,-0.14452446719854017,-0.10842338380953433,0.10199925755927082,0,,false,0,0,1.8477000000000008,0.8775,-0.02,false,1,SLOW_RIGHT,0.24650000035762787,0.09350000321865082,0.10140031187890743,-0.04177464323804383,-0.0058778150783547955,-0.01,0.0,0.0,0.0,0.0,0.0,0.0437478535625088,10.941894342663193,false,false,in_progress
188,1128,0.5290422583410985,0.2665412271227172,0.1962017708935206,0.10199882617322431,-0.14637710336888693,-0.07157628676720616,0.10199882617322431,0,,false,0,0,1.8477000000000008,0.8775,-0.02,false,1,SLOW_RIGHT,0.24650000035762787,0.09350000321865082,0.10173765930252653,-0.04285251278133162,-0.002561582413690666,-0.01,0.0,0.0,0.0,0.0,0.0,0.04632356410750424,10.988217906770698,false,false,in_progress
189,1134,0.5492213321159274,0.2636122134179897,0.09080198533452524,0.10199861387374594,-0.14724082444196962,-0.013064221860268288,0.10199861387374594,0,,false,0,0,1.8477000000000008,0.8775,-0.02,false,1,SLOW_RIGHT,0.24650000035762787,0.09350000321865082,0.1019899097472985,-0.043359720764701834,-8.53369464071559e-5,-0.01,0.0,0.0,0.0,0.0,0.0,0.04854485203618951,11.036762758806887,false,false,in_progress
190,1140,0.5695979156937809,0.26288486144673406,-0.019985834073962663,0.10199851862194739,-0.14685739320356492,0.0543157755976098,0.10199851862194739,0,,false,0,0,1.8477000000000008,0.8775,-0.02,false,1,SLOW_RIGHT,0.24650000035762787,0.09350000321865082,0.10184809741626621,-0.04313418787709295,-0.001475101739384952,-0.01,0.0,0.0,0.0,0.0,0.0,0.047238807799788306,11.084001566606675,false,false,in_progress
191,1146,0.5899300716235727,0.2644202510211302,-0.12574684793701804,0.10199914712416368,-0.14507974897886972,0.12574684793701843,0.10199914712416368,0,,false,0,0,1.8477000000000008,0.8775,-0.02,false,1,SLOW_STRAIGHT,0.17000000178813934,0.17000000178813934,0.10119379015871097,-0.0420962671275437,-0.007906134883047818,-0.01,0.0,0.0,0.0,0.0,0.0,0.04119138814811945,11.125192954754795,false,false,in_progress
192,1152,0.6123127868065268,0.26797963020277327,-0.17884101636940794,0.1459997806023688,-0.14152036979722665,0.17884101636940822,0.1459997806023688,0,,false,0,0,1.8477000000000008,0.8775,-0.02,false,1,FAST_STRAIGHT,0.4099999964237213,0.4099999964237213,0.14367116065180116,-0.040056030135087566,-0.01599205456802147,-0.01,0.0,0.0,0.0,0.0,0.0,0.07762307594869212,11.202816030703486,false,false,in_progress
193,1158,0.6497251180526178,0.2752603888138274,-0.20133981779926582,0.21251014356814663,-0.13423961118617256,0.20133981779926577,0.21251014356814663,0,,false,0,0,1.8477000000000008,0.8775,-0.02,false,1,FAST_STRAIGHT,0.4099999964237213,0.4099999964237213,0.20821733614275012,-0.03604054642282957,-0.02026886111572077,-0.01,0.0,0.0,0.0,0.0,0.0,0.1419079286041998,11.344723959307686,false,false,in_progress
194,1164,0.6942431143551671,0.28460160809965673,-0.21087374743270132,0.23478432124579826,-0.12489839190034319,0.21087374743270157,0.23478432124579826,0,,false,0,0,1.8477000000000008,0.8775,-0.02,false,1,FAST_STRAIGHT,0.4099999964237213,0.4099999964237213,0.22958347290199121,-0.031199216598583424,-0.022233868678155407,-0.01,0.0,0.0,0.0,0.0,0.0,0.16615038762525236,11.510874346932939,false,false,in_progress
195,1170,0.741114224289585,0.2947477800124618,-0.2149137766110856,0.24224389215387376,-0.1147522199875381,0.21491377661108543,0.24224389215387376,0,,false,0,0,1.8477000000000008,0.8775,-0.02,false,1,FAST_STRAIGHT,0.4099999964237213,0.4099999964237213,0.2366710196021688,-0.026336143984136674,-0.023093965688619766,-0.01,0.0,0.0,0.0,0.0,0.0,0.17724090992941235,11.688115256862352,false,false,in_progress
196,1176,0.7865516361812313,0.30471118122596375,-0.21662575020327107,0.20074208703085855,-0.10478881877403623,0.21662575020327082,0.20074208703085855,0,,false,0,0,1.8477000000000008,0.8775,-0.02,false,1,SLOW_STRAIGHT,0.17000000178813934,0.17000000178813934,0.196050393886904,-0.021961393080115615,-0.023463357825564943,-0.01,0.0,0.0,0.0,0.0,0.0,0.14062564298122346,11.828740899843575,false,false,in_progress
197,1182,0.817161994787668,0.3114604146299671,-0.21735120377079029,0.13506852594058044,-0.09803958537003293,0.21735120377079034,0.13506852594058044,0,,false,1,0,1.8477000000000008,0.8775,-0.02,false,1,SLOW_STRAIGHT,0.17000000178813934,0.17000000178813934,0.13189064324561436,-0.01922352059905595,-0.023620772890305813,-0.01,0.0,0.0,0.0,0.0,0.0,0.0790463497562526,11.907787249599828,false,false,in_progress
198,1188,0.8406605505171763,0.31665403935882885,-0.21765861673617048,0.11307458314987592,-0.09284596064117112,0.21765861673617073,0.11307458314987592,0,,false,1,0,1.8477000000000008,0.8775,-0.02,false,1,SLOW_STRAIGHT,0.17000000178813934,0.17000000178813934,0.11040667125320805,-0.017240744814763793,-0.02368763671975163,-0.01,0.0,0.0,0.0,0.0,0.0,0.05947828971869263,11.96726553931852,false,false,in_progress
199,1194,0.8617775409618998,0.32132594690853833,-0.21778888383459702,0.10570885620400229,-0.08817405309146165,0.21778888383459713,0.10570885620400229,0,,false,1,0,1.8477000000000008,0.8775,-0.02,false,1,SLOW_STRAIGHT,0.17000000178813934,0.17000000178813934,0.10321175872591908,-0.015549327277151795,-0.02371599896095982,-0.01,0.0,0.0,0.0,0.0,0.0,0.05394643248780746,12.021211971806327,false,false,in_progress
200,1200,0.8820969193613647,0.3258232697056205,-0.21784408487958692,0.1032420891522478,-0.0836767302943795,0.217844084879587,0.1032420891522478,2,,false,1,0,1.8477000000000008,0.8775,-0.02,false,1,SLOW_STRAIGHT,0.17000000178813934,0.17000000178813934,0.10080203108688507,-0.014003590385516655,-0.023728022658512354,-0.01,0.0,0.0,0.0,0.0,0.0,0.05307041804285605,12.074282389849182,false,false,in_progress
201,1206,0.9021491519273281,0.33026224698900375,-0.21786747647581337,0.10241597385754937,-0.07923775301099623,0.21786747647581362,0.10241597385754937,2,,false,1,0,1.8477000000000008,0.8775,-0.02,false,1,SLOW_STRAIGHT,0.17000000178813934,0.17000000178813934,0.0999949226847601,-0.012557243004463283,-0.0237331186529696,-0.01,0.0,0.0,0.0,0.0,0.0,0.053704561027327215,12.12798695087651,false,false,in_progress
202,1212,0.9221119043656782,0.33468174555469643,-0.21787738872972312,0.10213930951682697,-0.07481825444530354,0.21787738872972331,0.10213930951682697,2,,false,1,0,1.8477000000000008,0.8775,-0.02,false,1,SLOW_STRAIGHT,0.17000000178813934,0.17000000178813934,0.09972457968056397,-0.011195542396484367,-0.023735278259841484,-0.01,0.0,0.0,0.0,0.0,0.0,0.05479375902423813,12.182780709900747,false,false,in_progress
203,1218,0.9420446840720121,0.3390947479155413,-0.21788158907486493,0.10204665518889405,-0.07040525208445869,0.2178815890748648,0.10204665518889405,2,,false,1,0,1.8477000000000008,0.8775,-0.02,false,1,SLOW_STRAIGHT,0.17000000178813934,0.17000000178813934,0.09963402319016448,-0.00991379904215235,-0.02373619342889412,-0.01,0.0,0.0,0.0,0.0,0.0,0.05598403071911801,12.238764740619866,false,false,in_progress
204,1224,0.9619674233800227,0.34350558641257245,-0.21788336898279215,0.10201562544193872,-0.06599441358742753,0.21788336898279195,0.10201562544193872,2,,false,1,0,1.8477000000000008,0.8775,-0.02,false,1,SLOW_STRAIGHT,0.17000000178813934,0.17000000178813934,0.09960368781169003,-0.008710525249496878,-0.023736581239645733,-0.01,0.0,0.0,0.0,0.0,0.0,0.057156581322547424,12.295921321942414,false,false,in_progress
205,1230,0.9818867990756902,0.34791570521895676,-0.21788412322372297,0.10200523364246633,-0.061584294781043214,0.2178841232237229,0.10200523364246633,2,,false,1,0,1.8477000000000008,0.8775,-0.02,false,1,SLOW_STRAIGHT,0.17000000178813934,0.17000000178813934,0.09959352507282127,-0.007585250727356853,-0.02373674557648523,-0.01,0.0,0.0,0.0,0.0,0.0,0.05827152876897918,12.354192850711392,false,false,in_progress
206,1236,1.0018050478361646,0.3523255851172158,-0.21788444283541358,0.10200175344985114,-0.057174414882784186,0.21788444283541375,0.10200175344985114,2,,false,1,0,1.8477000000000008,0.8775,-0.02,false,1,SLOW_STRAIGHT,0.17000000178813934,0.17000000178813934,0.09959012011519432,-0.0065378274343774676,-0.02373681521484934,-0.01,0.0,0.0,0.0,0.0,0.0,0.05931547746596751,12.41350832817736,false,false,in_progress
207,1242,1.0217274323546568,0.3567147772265644,-0.21057457840844895,0.10200049164567951,-0.052785222773435614,0.21057457840844893,0.10200049164567951,2,,false,1,0,1.8477000000000008,0.8775,-0.02,false,1,SLOW_LEFT,0.09350000321865082,0.24650000035762787,0.09974740041211884,-0.005572559486482452,-0.022170826535948002,-0.01,0.0,0.0,0.0,0.0,0.0,0.06200401438968838,12.475512342567047,false,false,in_progress
208,1248,1.0417806978248108,0.36044262265639126,-0.14963028056846556,0.10199947518249419,-0.04905737734360871,0.1496302805684654,0.10199947518249419,2,,false,1,0,1.8477000000000008,0.8775,-0.02,false,1,SLOW_LEFT,0.09350000321865082,0.24650000035762787,0.10085975962148282,-0.004813252543666427,-0.011194610431498836,-0.01,0.0,0.0,0.0,0.0,0.0,0.07485189664631757,12.550364239213364,false,false,in_progress
209,1254,1.0620592291675708,0.3626054816925681,-0.06499059749266299,0.1019994765755282,-0.046894518307431854,0.06499059749266364,0.1019994765755282,2,,false,1,0,1.8477000000000008,0.8775,-0.02,false,1,SLOW_STRAIGHT,0.17000000178813934,0.17000000178813934,0.10178414082526309,-0.004398191694572123,-0.002111888881226709,-0.01,0.0,0.0,0.0,0.0,0.0,0.08527406024946427,12.635638299462828,false,false,in_progress
210,1260,1.082441371359383,0.3634188722021463,-0.020846651680707817,0.10199991711475707,-0.04608112779785373,0.0208466516807093,0.10199991711475707,2,,false,1,0,1.8477000000000008,0.8775,-0.02,false,1,SLOW_STRAIGHT,0.17000000178813934,0.17000000178813934,0.10197775420821863,-0.004246940678244255,-0.0002172914431484099,-0.01,0.0,0.0,0.0,0.0,0.0,0.08751352208682596,12.723151821549655,false,false,in_progress
211,1266,1.1051066628918302,0.3636361921725997,-0.002140531960266001,0.14599998022649374,-0.045863807827400294,0.0021405319602470396,0.14599998022649374,2,,false,1,0,1.8477000000000008,0.8775,-0.02,false,1,FAST_STRAIGHT,0.4099999964237213,0.4099999964237213,0.14599964574964044,-0.004206977736857409,-2.290938536419517e-6,-0.01,0.0,0.0,0.0,0.0,0.0,0.1317903770742466,12.8549421986239,false,false,in_progress
212,1272,1.1432214085763923,0.3635383037651476,0.0057862382583748605,0.21251019628604556,-0.04596169623485241,-0.005786238258382354,0.21251019628604556,2,,false,1,0,1.8477000000000008,0.8775,-0.02,false,1,FAST_STRAIGHT,0.4099999964237213,0.4099999964237213,0.21250663881650678,-0.004224955041569693,-1.6740276591383825e-5,-0.01,0.0,0.0,0.0,0.0,0.0,0.1982649434983457,13.053207142122247,false,false,in_progress
213,1278,1.1887076764926665,0.36318712568179956,0.009145229168203576,0.23478433204171056,-0.04677173591241977,-0.06043490930591121,0.23478433204171056,2,,false,1,0,1.8477000000000008,0.8775,-0.02,false,1,FAST_STRAIGHT,0.4099999964237213,0.4099999964237213,0.23435570193008115,-0.0043751905605222755,-0.0018261891314068565,-0.01,0.0,0.0,0.0,0.0,0.0,0.218154322238152,13.2713614643604,false,false,in_progress
214,1284,1.236662034199978,0.3627095842202417,0.010568610901381465,0.24224389427787588,-0.05323203382681648,-0.2179456904290112,0.24224389427787588,2,,false,1,0,1.8477000000000008,0.8775,-0.02,false,1,FAST_STRAIGHT,0.4099999964237213,0.4099999964237213,0.2365133002800649,-0.005667298850678668,-0.023750161988289196,-0.01,0.0,0.0,0.0,0.0,0.0,0.19709583944109701,13.468457303801497,false,false,in_progress
215,1290,1.2831766124440123,0.3622448077777418,0.0038617730032995757,0.20074190331824532,-0.06729791637691226,-0.3933598623454849,0.20074190331824532,2,,false,1,0,1.8477000000000008,0.8775,-0.02,false,1,SLOW_RIGHT,0.24650000035762787,0.09350000321865082,0.1854105337415551,-0.009058019097347752,-0.07736599065222942,-0.01,0.0,0.0,0.0,0.0,0.0,0.08898652399197796,13.557443827793474,false,false,in_progress
216,1296,1.3145104758433808,0.36290079215410254,-0.05682699066916891,0.13506757360495614,-0.08049355852574858,-0.4652962897729973,0.13506757360495614,2,,false,1,0,1.8477000000000008,0.8775,-0.02,false,1,SLOW_RIGHT,0.24650000035762787,0.09350000321865082,0.12070835930821285,-0.012958425928276222,-0.10825031863825854,-0.01,0.0,0.0,0.0,0.0,0.0,-0.010500385258321912,13.546943442535152,false,false,in_progress
217,1302,1.3384475310018906,0.3653015228719503,-0.14866839029462603,0.11307329530186906,-0.09137138685512566,-0.4703144719197073,0.11307329530186906,2,,false,1,0,1.8477000000000008,0.8775,-0.02,false,1,SLOW_RIGHT,0.24650000035762787,0.09350000321865082,0.1007964554474201,-0.016697460671658063,-0.11059785124855659,-0.01,0.0,0.0,0.0,0.0,0.0,-0.03649885647279456,13.510444586062357,false,false,in_progress
218,1308,1.3596342434412705,0.36959638578728127,-0.25371080598299534,0.1057074249001252,-0.10099712976133793,-0.4498393676113768,0.1057074249001252,2,,false,1,0,1.8477000000000008,0.8775,-0.02,false,1,SLOW_RIGHT,0.24650000035762787,0.09350000321865082,0.09519132895094097,-0.020400840440057064,-0.10117772832650168,-0.01,0.0,0.0,0.0,0.0,0.0,-0.036387239815617776,13.47405734624674,false,false,in_progress
219,1314,1.3794523979736222,0.3759131566818421,-0.36434718891562107,0.10324059137053145,-0.10980530074278552,-0.4249572046137942,0.10324059137053145,0,,false,1,0,1.8477000000000008,0.8775,-0.02,false,1,SLOW_RIGHT,0.24650000035762787,0.09350000321865082,0.0940579991898325,-0.02411440814242715,-0.09029431287658508,-0.01,0.0,0.0,0.0,0.0,0.0,-0.03035072182917973,13.44370662441756,false,false,in_progress
220,1320,1.3981895794922263,0.3842956173683698,-0.4773540310144718,0.10241444504498122,-0.11790866472137297,-0.3898921221860534,0.10241444504498122,0,,false,1,0,1.8477000000000008,0.8775,-0.02,false,1,SLOW_RIGHT,0.24650000035762787,0.09350000321865082,0.09472824794647948,-0.027804906432754288,-0.07600793347137219,-0.01,0.0,0.0,0.0,0.0,0.0,-0.019084591957646994,13.424622032459913,false,false,in_progress
221,1326,1.415776628621582,0.39470169374526676,-0.5913653617728711,0.10213776647082906,-0.1253001191156036,-0.35284040994020827,0.10213776647082906,0,,false,1,0,1.8477000000000008,0.8775,-0.02,false,1,SLOW_RIGHT,0.24650000035762787,0.09350000321865082,0.09584556471224089,-0.0314002397007689,-0.062248177443387114,-0.01,0.0,0.0,0.0,0.0,0.0,-0.007802852431915126,13.416819180027998,false,false,in_progress
222,1332,1.4320379927992728,0.407026613291787,-0.7058023473923781,0.10204510573509447,-0.1319364144366188,-0.31351502221980404,0.10204510573509447,0,,false,1,0,1.8477000000000008,0.8775,-0.02,false,1,SLOW_RIGHT,0.24650000035762787,0.09350000321865082,0.09707095797533585,-0.034814434908782464,-0.04914583457874211,-0.01,0.0,0.0,0.0,0.0,0.0,0.0031106884878112796,13.41992986851581,false,false,in_progress
223,1338,1.4467766843140477,0.42112222849344993,-0.8204197054422381,0.1020140731458869,-0.13776021029397362,-0.2643006604860177,0.1020140731458869,0,,false,1,0,1.8477000000000008,0.8775,-0.02,false,1,SLOW_RIGHT,0.24650000035762787,0.09350000321865082,0.09847167815515775,-0.03795575108047967,-0.0349274195666726,-0.01,0.0,0.0,0.0,0.0,0.0,0.015588507508005488,13.435518376023815,false,false,in_progress
224,1344,1.459803688560371,0.4368089027472224,-0.9351134968107422,0.10200368009954858,-0.14270847180046464,-0.21928952111567096,0.10200368009954858,0,,false,2,0,1.8477000000000008,0.8775,-0.02,false,1,SLOW_RIGHT,0.24650000035762787,0.09350000321865082,0.09956092152552919,-0.04073141584724802,-0.02404394703557015,-0.01,0.0,0.0,0.0,0.0,0.0,0.024785558642711016,13.460303934666525,false,false,in_progress
225,1350,1.4709489247317404,0.4538825987570543,-1.0498396770104412,0.10200019936439693,-0.1467103866075642,-0.17068768027625422,0.10200019936439693,0,,false,2,0,1.8477000000000008,0.8775,-0.02,false,1,SLOW_RIGHT,0.24650000035762787,0.09350000321865082,0.10051795189935542,-0.0430478750770819,-0.014567142099044392,-0.01,0.0,0.0,0.0,0.0,0.0,0.03290293472322912,13.493206869389754,false,false,in_progress
226,1356,1.4800660688337026,0.4721196280542843,-1.1645795820673723,0.10199903362029655,-0.14969375091517673,-0.11824749714224866,0.10199903362029655,0,,false,2,0,1.8477000000000008,0.8775,-0.02,false,1,SLOW_RIGHT,0.24650000035762787,0.09350000321865082,0.10128676489714178,-0.04481643812610995,-0.006991235290203053,-0.01,0.0,0.0,0.0,0.0,0.0,0.039479091480828774,13.532685960870582,false,false,in_progress
227,1362,1.4870352283021158,0.49128044899977596,-1.2793253030706992,0.10199864319252185,-0.1515837005692074,-0.061858254149062916,0.10199864319252185,0,,false,2,0,1.8477000000000008,0.8775,-0.02,false,1,SLOW_RIGHT,0.24650000035762787,0.09350000321865082,0.10180355938280693,-0.04595523655651025,-0.0019132218031850297,-0.01,0.0,0.0,0.0,0.0,0.0,0.04393510102311164,13.576621061893693,false,false,in_progress
228,1368,1.491764719063779,0.5111131587838627,-1.3940734885974746,0.10199851242955106,-0.1523065779698978,-0.006754027553087994,0.10199851242955106,0,,false,2,0,1.8477000000000008,0.8775,-0.02,false,1,SLOW_RIGHT,0.24650000035762787,0.09350000321865082,0.10199618601102634,-0.046394587385801114,-2.2808444093935897e-5,-0.01,0.0,0.0,0.0,0.0,0.0,0.045578790181131285,13.622199852074825,false,false,in_progress
229,1374,1.4941923165911168,0.531356938858879,-1.5088227184729104,0.10199846863326908,-0.1517840799183491,0.05780044279049979,0.10199846863326908,0,,false,2,0,1.8477000000000008,0.8775,-0.02,false,1,SLOW_RIGHT,0.24650000035762787,0.09350000321865082,0.10182813317141792,-0.046076813833319574,-0.0016704455933889196,-0.01,0.0,0.0,0.0,0.0,0.0,0.044080873744709426,13.666280725819535,false,false,in_progress
230,1380,1.4943071606396,0.5517463553295499,-1.6162623910306873,0.10199913146067166,-0.1499637122688361,0.11871006764006023,0.10199913146067166,0,,false,2,0,1.8477000000000008,0.8775,-0.02,false,1,SLOW_STRAIGHT,0.17000000178813934,0.17000000178813934,0.10128128508235601,-0.04497822999490052,-0.007046040079553837,-0.01,0.0,0.0,0.0,0.0,0.0,0.03925701500790165,13.705537740827436,false,false,in_progress
231,1386,1.4927571073590231,0.5720849361463722,-1.6700678957502086,0.10199984606610615,-0.14742746043038366,0.125317781603002,0.10199984606610615,0,,false,2,0,1.8477000000000008,0.8775,-0.02,false,1,SLOW_STRAIGHT,0.17000000178813934,0.17000000178813934,0.10119996304832095,-0.04346971217790468,-0.007852273192948853,-0.01,0.0,0.0,0.0,0.0,0.0,0.03987797767746742,13.745415718504903,false,false,in_progress
232,1392,1.4904723040632701,0.5923561429242767,-1.6928681279086486,0.10199997362288701,-0.14497230406327,0.12207180111375242,0.10199997362288701,0,,false,2,0,1.8477000000000008,0.8775,-0.02,false,1,SLOW_STRAIGHT,0.17000000178813934,0.17000000178813934,0.1012409393301464,-0.04203393789082642,-0.007450762313577763,-0.01,0.0,0.0,0.0,0.0,0.0,0.041756239125742216,13.787171957630646,false,false,in_progress
233,1398,1.4875814409681587,0.6148376161321503,-1.7025297896510416,0.1459999930985082,-0.14208144096815878,0.13173346285614543,0.1459999930985082,0,,false,2,0,1.8477000000000008,0.8775,-0.02,false,1,FAST_STRAIGHT,0.4099999964237213,0.4099999964237213,0.14473500361910197,-0.04037427173517678,-0.008676852618035724,-0.01,0.0,0.0,0.0,0.0,0.0,0.08568387926588948,13.872855836896536,false,false,in_progress
234,1404,1.4824830571910117,0.6526100291220789,-1.7066239456655834,0.21251019912794003,-0.136983057191012,0.13582761887068664,0.21251019912794003,0,,false,2,0,1.8477000000000008,0.8775,-0.02,false,1,FAST_STRAIGHT,0.4099999964237213,0.4099999964237213,0.21055289569474506,-0.03752871591479213,-0.009224571024040255,-0.01,0.0,0.0,0.0,0.0,0.0,0.15379960875591267,14.026655445652448,false,false,in_progress
235,1410,1.4762785404547707,0.6976725328880569,-1.708358855655017,0.23478433228068732,-0.13077854045477055,0.1375625288601202,0.23478433228068732,0,,false,2,0,1.8477000000000008,0.8775,-0.02,false,1,FAST_STRAIGHT,0.4099999964237213,0.4099999964237213,0.23256636851000145,-0.034206053286960116,-0.0094617246731957,-0.01,0.0,0.0,0.0,0.0,0.0,0.17889859054984564,14.205554036202294,false,false,in_progress
236,1416,1.4696823378452955,0.7451734681752156,-1.709094028584614,0.24224389420291725,-0.12418233784529553,0.13829770178971712,0.24224389420291725,0,,false,2,0,1.8477000000000008,0.8775,-0.02,false,1,FAST_STRAIGHT,0.4099999964237213,0.4099999964237213,0.23993097502366936,-0.030842506065446237,-0.009563127160158762,-0.01,0.0,0.0,0.0,0.0,0.0,0.18952534179806438,14.395079378000359,false,false,in_progress
237,1422,1.462948587762519,0.793490127400429,-1.709405560156686,0.24474208635192155,-0.1174485877625191,0.13860923336178957,0.24474208635192155,0,,false,2,0,1.8477000000000008,0.8775,-0.02,false,1,FAST_STRAIGHT,0.4099999964237213,0.4099999964237213,0.2423947920224733,-0.0275883415348203,-0.009606259786571519,-0.01,0.0,0.0,0.0,0.0,0.0,0.1952001907010815,14.59027956870144,false,false,in_progress
238,1428,1.456166445791294,0.8420796433557979,-1.7095375725261446,0.24557872583922474,-0.11066644579129425,0.13874124573124794,0.24557872583922474,0,,false,2,0,1.8477000000000008,0.8775,-0.02,false,1,FAST_STRAIGHT,0.4099999964237213,0.4099999964237213,0.24321892601639286,-0.02449412444815494,-0.009624566633529261,-0.01,0.0,0.0,0.0,0.0,0.0,0.19910023493470866,14.78937980363615,false,false,in_progress
239,1434,1.4493671640771426,0.8907604076127356,-1.7095935131345845,0.2458589147091301,-0.10386716407714269,0.1387971863396881,0.2458589147091301,2,,false,0,0,1.8477000000000008,0.8775,-0.02,false,1,FAST_STRAIGHT,0.4099999964237213,0.4099999964237213,0.24349452007039743,-0.021576775546856164,-0.00963232946790705,-0.01,0.0,0.0,0.0,0.0,0.0,0.20228541505563422,14.991665218691784,false,false,in_progress
240,1440,1.442561754270526,0.9394716764402304,-1.7096172181228784,0.24595274939445597,-0.0970617542705261,0.13882089132798153,0.24595274939445597,2,,false,0,0,1.8477000000000008,0.8775,-0.02,false,1,FAST_STRAIGHT,0.4099999964237213,0.4099999964237213,0.24358664565631533,-0.018841968284143983,-0.009635619934547628,-0.01,0.0,0.0,0.0,0.0,0.0,0.20510905743762373,15.196774276129407,false,false,in_progress
241,1446,1.4357541288148798,0.9881931383444669,-1.7096272631775475,0.2459841744406649,-0.09025412881487993,0.1388309363826508,0.2459841744406649,2,,false,0,0,1.8477000000000008,0.8775,-0.02,false,1,FAST_STRAIGHT,0.4099999964237213,0.4099999964237213,0.2436174264611206,-0.016291615536265878,-0.009637014448441816,-0.01,0.0,0.0,0.0,0.0,0.0,0.20768879647641292,15.40446307260582,false,false,in_progress
242,1452,1.4289456922696975,1.0369180042348143,-1.7096315197973804,0.24599469862505124,-0.08344569226969756,0.13883519300248373,0.24599469862505124,2,,false,0,0,1.8477000000000008,0.8775,-0.02,false,1,FAST_STRAIGHT,0.4099999964237213,0.4099999964237213,0.24362770448021429,-0.013926367116738126,-0.009637605408018455,-0.01,0.0,0.0,0.0,0.0,0.0,0.21006373195545772,15.614526804561278,false,false,in_progress
243,1458,1.4224506415942673,1.0833991500902624,-1.7096333235518644,0.20199822413657553,-0.07695064159426734,0.13883699675696812,0.20199822413657553,2,,false,0,0,1.8477000000000008,0.8775,-0.02,false,1,SLOW_STRAIGHT,0.17000000178813934,0.17000000178813934,0.20005451957572257,-0.011842802483538774,-0.009637855834247188,-0.01,0.0,0.0,0.0,0.0,0.0,0.16857386125793658,15.783100665819214,false,false,in_progress
244,1464,1.418093398223783,1.1145810260564497,-1.7096340878978398,0.1354892036485533,-0.07259339822378319,0.13883776110294352,0.1354892036485533,2,,false,0,0,1.8477000000000008,0.8775,-0.02,false,1,SLOW_STRAIGHT,0.17000000178813934,0.17000000178813934,0.1341854601169953,-0.010539602931353536,-0.009637961954039008,-0.01,0.0,0.0,0.0,0.0,0.0,0.10400789523160277,15.887108561050816,false,false,in_progress
245,1470,1.4147564422553929,1.1384612947999424,-1.7096344117915712,0.11321546725611246,-0.06925644225539296,0.1388380849966744,0.11321546725611246,2,,false,0,0,1.8477000000000008,0.8775,-0.02,false,1,SLOW_STRAIGHT,0.17000000178813934,0.17000000178813934,0.11212604745943935,-0.009592909587749159,-0.009638006922771895,-0.01,0.0,0.0,0.0,0.0,0.0,0.0828951309489183,15.970003691999734,false,false,in_progress
246,1476,1.4117611792920082,1.1598962701724003,-1.7096345490424398,0.10575603800517008,-0.06626117929200825,0.1388382222475435,0.10575603800517008,2,,false,0,0,1.8477000000000008,0.8775,-0.02,false,1,SLOW_STRAIGHT,0.17000000178813934,0.17000000178813934,0.10473839481879178,-0.008781087762335327,-0.009638025978429141,-0.01,0.0,0.0,0.0,0.0,0.0,0.07631928107802732,16.04632297307776,false,false,in_progress
247,1482,1.4088803486017252,1.1805123217393054,-1.70963458427063,0.10325789024184738,-0.063516576022779,0.11279204482804242,0.10325789024184738,2,,false,0,0,1.8477000000000008,0.8775,-0.02,false,1,SLOW_STRAIGHT,0.17000000178813934,0.17000000178813934,0.10260176051133116,-0.00806871085931493,-0.006361022688245566,-0.01,0.0,0.0,0.0,0.0,0.0,0.07817202696377067,16.12449500004153,false,false,in_progress
248,1488,1.4060378415041508,1.200854117444393,-1.70963458427063,0.10242126561045428,-0.06176998788027975,0.05657191600273822,0.10242126561045428,2,,false,0,0,1.8477000000000008,0.8775,-0.02,false,1,SLOW_STRAIGHT,0.17000000178813934,0.17000000178813934,0.1022574157448944,-0.007631062805459814,-0.0016001908401104344,-0.01,0.0,0.0,0.0,0.0,0.0,0.08302616209932415,16.207521162140853,false,false,in_progress
249,1494,1.4028944789697484,1.2233489209072963,-1.70963458427063,0.146141080730688,-0.06128117131025806,-0.01567642402139157,0.146141080730688,2,,false,0,0,1.8477000000000008,0.8775,-0.02,false,1,FAST_STRAIGHT,0.4099999964237213,0.4099999964237213,0.1461231239934009,-0.007510763914314391,-0.00012287513504923134,-0.01,0.0,0.0,0.0,0.0,0.0,0.12848948494403728,16.33601064708489,false,false,in_progress
250,1500,1.397617483708825,1.261112611849713,-1.70963458427063,0.21255744855605968,-0.0643597810310247,-0.18604217715444413,0.21255744855605968,2,,false,0,0,1.8477000000000008,0.8775,-0.02,false,1,FAST_STRAIGHT,0.4099999964237213,0.4099999964237213,0.20888955977239165,-0.008284362828722894,-0.017305845840182785,-0.01,0.0,0.0,0.0,0.0,0.0,0.173299351103486,16.509309998188378,false,true,timeout
251,1506,1.3915954745821533,1.3039172242427808,-1.7169445845909017,0.19079997661469195,-0.07498048306330748,-0.33281028659181294,0.19079997661469195,2,,false,0,0,1.8477000000000008,0.8775,-0.02,false,1,SLOW_RIGHT,0.24650000035762787,0.09350000321865082,0.18033039174380747,-0.011244145680813881,-0.05538134343066233,-0.01,0.0,0.0,0.0,0.0,0.0,0.10370490263233124,16.61301490082071,false,true,timeout
252,1512,1.3864436939897815,1.3337139249187995,-1.7778889406170881,0.13173806047422723,-0.08598471549332153,-0.40430194863988905,0.13173806047422723,2,,false,0,0,1.8477000000000008,0.8775,-0.02,false,1,SLOW_RIGHT,0.24650000035762787,0.09350000321865082,0.12111697161555836,-0.014786742596934894,-0.08173003283700574,-0.01,0.0,0.0,0.0,0.0,0.0,0.014600196181617725,16.627615097002327,false,true,timeout
253,1518,1.3805741863380205,1.3566634005264215,-1.8698386482127625,0.11195825242215397,-0.09539421814795275,-0.4122729194305488,0.11195825242215397,2,,false,0,0,1.8477000000000008,0.8775,-0.02,false,1,SLOW_RIGHT,0.24650000035762787,0.09350000321865082,0.10257754449339815,-0.018200113712118396,-0.08498448004789388,-0.01,0.0,0.0,0.0,0.0,0.0,-0.010607049266614132,16.617008047735712,false,true,timeout
254,1524,1.3731947436522063,1.3768510155760454,-1.9749269597045154,0.10533399991037992,-0.10381492491744179,-0.39298574409022335,0.10533399991037992,0,,false,0,0,1.8477000000000008,0.8775,-0.02,false,1,SLOW_RIGHT,0.24650000035762787,0.09350000321865082,0.09730436735678277,-0.021555077271228153,-0.07721889752907327,-0.01,0.0,0.0,0.0,0.0,0.0,-0.01146960744351865,16.605538440292193,false,true,timeout
255,1530,1.363997262056228,1.3954614313323892,-2.0855827911113765,0.10311553214038358,-0.11150674844747063,-0.3679592725681918,0.10311553214038358,0,,false,0,0,1.8477000000000008,0.8775,-0.02,false,1,SLOW_RIGHT,0.24650000035762787,0.09350000321865082,0.0962133251196968,-0.02486750989865499,-0.06769701313445642,-0.01,0.0,0.0,0.0,0.0,0.0,-0.006351197913414616,16.59918724237878,false,true,timeout
256,1536,1.3529085869918347,1.4127188997985665,-2.198597874555235,0.10237256294702776,-0.11851805074507704,-0.3316002165724777,0.10237256294702776,0,,false,0,0,1.8477000000000008,0.8775,-0.02,false,1,SLOW_RIGHT,0.24650000035762787,0.09350000321865082,0.09679557121719697,-0.028093056704825314,-0.05497935181545705,-0.01,0.0,0.0,0.0,0.0,0.0,0.0037231626969145993,16.602910405075693,false,true,timeout
257,1542,1.3399869671404971,1.4285439690217434,-2.3126126976064847,0.10212374022988638,-0.1248101934545224,-0.29223353377637407,0.10212374022988638,0,,false,0,0,1.8477000000000008,0.8775,-0.02,false,1,SLOW_RIGHT,0.24650000035762787,0.09350000321865082,0.09779397978554397,-0.031155168780310615,-0.04270021913171358,-0.01,0.0,0.0,0.0,0.0,0.0,0.013938591873519765,16.616848996949212,false,true,timeout
258,1548,1.325365046876604,1.4427732216603226,-2.427051163094793,0.10204040837000726,-0.13032244401231075,-0.2497215490887092,0.10204040837000726,0,,false,0,0,1.8477000000000008,0.8775,-0.02,false,1,SLOW_RIGHT,0.24650000035762787,0.09350000321865082,0.09887524490240066,-0.033967878826683735,-0.031180426039632298,-0.01,0.0,0.0,0.0,0.0,0.0,0.02372694003608463,16.640575936985297,false,true,timeout
259,1554,1.3092199527704822,1.455232358887189,-2.54166914824317,0.10201250000544633,-0.13498481366451462,-0.21042541600443826,0.10201250000544633,0,,false,0,0,1.8477000000000008,0.8775,-0.02,false,1,SLOW_RIGHT,0.24650000035762787,0.09350000321865082,0.09976232297499495,-0.03644179984008746,-0.02213942785032045,-0.01,0.0,0.0,0.0,0.0,0.0,0.03118109528458704,16.671757032269884,false,true,timeout
260,1560,1.2917580661021206,1.4657608912223907,-2.6563632053464135,0.10200315325698114,-0.1387204221968372,-0.16034901361320272,0.10200315325698114,0,,false,0,0,1.8477000000000008,0.8775,-0.02,false,1,SLOW_RIGHT,0.24650000035762787,0.09350000321865082,0.1006946179465014,-0.03848671106893752,-0.012855903083363537,-0.01,0.0,0.0,0.0,0.0,0.0,0.03935200379420035,16.711109036064084,false,true,timeout
261,1566,1.273206780743499,1.4742210812461893,-2.7710894981519467,0.10200002292545432,-0.14144765609658516,-0.10635194353235516,0.10200002292545432,0,,false,0,0,1.8477000000000008,0.8775,-0.02,false,1,SLOW_RIGHT,0.24650000035762787,0.09350000321865082,0.10142371877459623,-0.04001487883043565,-0.00565536794655463,-0.01,0.0,0.0,0.0,0.0,0.0,0.04575347199760595,16.75686250806169,false,true,timeout
262,1572,1.2538092527734077,1.480501739280061,-2.8858294509259133,0.10199897453106499,-0.14308618158085115,-0.0538468779516447,0.10199897453106499,0,,false,0,0,1.8477000000000008,0.8775,-0.02,false,1,SLOW_RIGHT,0.24650000035762787,0.09350000321865082,0.10185113794423471,-0.040947310718776615,-0.0014497431325696602,-0.01,0.0,0.0,0.0,0.0,0.0,0.049454084092888435,16.80631659215458,false,true,timeout
263,1578,1.233820310774028,1.4845202183010708,-3.000575192149466,0.10199862340358654,-0.14355336664694104,0.0084218762908077,0.10199862340358654,0,,false,0,0,1.8477000000000008,0.8775,-0.02,false,1,SLOW_RIGHT,0.24650000035762787,0.09350000321865082,0.10199500614577349,-0.04121513815134217,-3.546400012883444e-5,-0.01,0.0,0.0,0.0,0.0,0.0,0.05074440399430248,16.85706099614888,false,true,timeout
264,1584,1.213503609354993,1.4862447027956904,-3.108013386381312,0.10199918329221443,-0.14278898874864074,0.06248388659012364,0.10199918329221443,0,,false,0,0,1.8477000000000008,0.8775,-0.02,false,1,SLOW_STRAIGHT,0.17000000178813934,0.17000000178813934,0.10180013362032408,-0.0407773906157189,-0.0019521180417037165,-0.01,0.0,0.0,0.0,0.0,0.0,0.04907062496290146,16.906131621111783,false,true,timeout
265,1590,1.193106132159274,1.4863054930196844,3.1213670425234747,0.10199986342133512,-0.14136559072564273,0.07151529120402692,0.10199986342133512,0,,false,0,0,1.8477000000000008,0.8775,-0.02,false,1,SLOW_STRAIGHT,0.17000000178813934,0.17000000178813934,0.10173913864004577,-0.03996846048241985,-0.0025572184379983845,-0.01,0.0,0.0,0.0,0.0,0.0,0.04921345971962753,16.95534508083141,false,true,timeout
266,1596,1.1727178038520376,1.4856285158725737,3.0985670758227264,0.10199997943455943,-0.1401360395221795,0.04891941914732738,0.10199997943455943,0,,false,0,0,1.8477000000000008,0.8775,-0.02,false,1,SLOW_STRAIGHT,0.17000000178813934,0.17000000178813934,0.1018779552088024,-0.03927621914592372,-0.0011965547848559503,-0.01,0.0,0.0,0.0,0.0,0.0,0.051405181278022724,17.00675026210943,false,true,timeout
267,1602,1.1523418895848392,1.4846390979606752,3.088905526568768,0.10199999821860725,-0.13913909796067525,0.052687127021024814,0.10199999821860725,0,,false,0,0,1.8477000000000008,0.8775,-0.02,false,1,SLOW_STRAIGHT,0.17000000178813934,0.17000000178813934,0.10185845836668421,-0.03871937716262077,-0.0013879666768648016,-0.01,0.0,0.0,0.0,0.0,0.0,0.05175111452719864,17.05850137663663,false,true,timeout
268,1608,1.1319727677710232,1.4835173497007152,3.084811418221513,0.10200000090571433,-0.13801734970071533,0.056781235368281016,0.10200000090571433,0,,false,0,0,1.8477000000000008,0.8775,-0.02,false,1,SLOW_STRAIGHT,0.17000000178813934,0.17000000178813934,0.10183561553454633,-0.03809757763681909,-0.0016120543449740636,-0.01,0.0,0.0,0.0,0.0,0.0,0.05212598355275317,17.110627360189383,false,true,timeout
269,1614,1.111606799230473,1.4823395406907107,3.0830765284312247,0.10200000115852904,-0.1368395406907108,0.058516125158568105,0.10200000115852904,0,,false,0,0,1.8477000000000008,0.8775,-0.02,false,1,SLOW_STRAIGHT,0.17000000178813934,0.17000000178813934,0.10182541999880927,-0.0374501197928894,-0.0017120684517866035,-0.01,0.0,0.0,0.0,0.0,0.0,0.05266323175413327,17.163290591943518,false,true,timeout
270,1620,1.0912422162532731,1.4811379785954808,3.082341364061072,0.10200000112699803,-0.13563797859548088,0.059251289528722,0.10200000112699803,0,,false,0,0,1.8477000000000008,0.8775,-0.02,false,1,SLOW_STRAIGHT,0.17000000178813934,0.17000000178813934,0.10182100701980763,-0.036795322474936255,-0.001755357655408221,-0.01,0.0,0.0,0.0,0.0,0.0,0.05327032688946314,17.216560918832982,false,true,timeout
271,1626,1.070878229271805,1.4799263515840055,3.082029836116088,0.10200000109557177,-0.13442635158400562,0.05956281747370551,0.10200000109557177,0,,false,0,0,1.8477000000000008,0.8775,-0.02,false,1,SLOW_STRAIGHT,0.17000000178813934,0.17000000178813934,0.10181912038893408,-0.03614088800037338,-0.0017738646127029793,-0.01,0.0,0.0,0.0,0.0,0.0,0.05390436777585771,17.27046528660884,false,true,timeout
272,1632,1.0505144964352153,1.4787104596306777,3.081897825283618,0.1020000010812999,-0.1332104596306778,0.05969482830617609,0.1020000010812999,0,,false,0,0,1.8477000000000008,0.8775,-0.02,false,1,SLOW_STRAIGHT,0.17000000178813934,0.17000000178813934,0.10181831794204206,-0.03549005311003287,-0.001781736263251921,-0.01,0.0,0.0,0.0,0.0,0.0,0.054546528568757253,17.325011815177596,false,true,timeout
273,1638,1.0301508715784808,1.4774927604134243,3.0818418853264813,0.10200000107584786,-0.13199276041342412,0.05975076826331131,0.10200000107584786,0,,false,0,0,1.8477000000000008,0.8775,-0.02,false,1,SLOW_STRAIGHT,0.17000000178813934,0.17000000178813934,0.10181797736827854,-0.03484417760311116,-0.0017850771540279652,-0.01,0.0,0.0,0.0,0.0,0.0,0.055188722611139406,17.380200537788735,false,true,timeout
274,1644,1.0097872925296547,1.4762742953659975,3.081818180614179,0.10200000107390027,-0.1307742953659976,0.05977447297561359,0.10200000107390027,0,,false,0,0,1.8477000000000008,0.8775,-0.02,false,1,SLOW_STRAIGHT,0.17000000178813934,0.17000000178813934,0.10181783295344793,-0.03420383265694637,-0.0017864938097561798,-0.01,0.0,0.0,0.0,0.0,0.0,0.05582750648674537,17.43602804427548,false,true,timeout
275,1650,0.9894237329011782,1.4750555057969985,3.081808135676462,0.1020000010732312,-0.1295555057969986,0.05978451791333091,0.1020000010732312,0,,false,0,0,1.8477000000000008,0.8775,-0.02,false,1,SLOW_STRAIGHT,0.17000000178813934,0.17000000178813934,0.10181777174015927,-0.03356925816463227,-0.0017870942910646925,-0.01,0.0,0.0,0.0,0.0,0.0,0.05646141928446231,17.492489463559945,false,true,timeout
276,1656,0.9690601815037726,1.473836578711025,3.081803879106188,0.10200000107299981,-0.1283365787110251,0.05978877448360573,0.10200000107299981,0,,false,0,0,1.8477000000000008,0.8775,-0.02,false,1,SLOW_STRAIGHT,0.17000000178813934,0.17000000178813934,0.101817745797811,-0.032940554870502285,-0.0017873487771257316,-0.01,0.0,0.0,0.0,0.0,0.0,0.05708984215018297,17.54957930571013,false,true,timeout
277,1662,0.9486966335946687,1.4726175933506598,3.0818020753727047,0.10200000107292403,-0.12711759335065986,0.05979057821708867,0.10200000107292403,0,,false,0,0,1.8477000000000008,0.8775,-0.02,false,1,SLOW_STRAIGHT,0.17000000178813934,0.17000000178813934,0.10181773480413457,-0.03231776507852745,-0.001787456621766899,-0.01,0.0,0.0,0.0,0.0,0.0,0.05771251310384023,17.60729181881397,false,true,timeout
278,1668,0.9283330871638715,1.47139858329506,3.0818013110356284,0.1020000010728967,-0.1258985832950601,0.05979134255416537,0.1020000010728967,0,,false,0,0,1.8477000000000008,0.8775,-0.02,false,1,SLOW_STRAIGHT,0.17000000178813934,0.17000000178813934,0.10181773014543848,-0.03170090655140637,-0.0017875023222147734,-0.01,0.0,0.0,0.0,0.0,0.0,0.058329321271817315,17.665621140085786,false,true,timeout
279,1674,0.9079695413592017,1.470179562780096,3.081800987145668,0.10200000107288719,-0.12467956278009606,0.05979166644412506,0.10200000107288719,0,,false,0,0,1.8477000000000008,0.8775,-0.02,false,1,SLOW_STRAIGHT,0.17000000178813934,0.17000000178813934,0.10181772817128719,-0.03108998675007183,-0.0017875216880827555,-0.01,0.0,0.0,0.0,0.0,0.0,0.05894021973313259,17.724561359818917,false,true,timeout
280,1680,0.8876059958198923,1.4689605378323543,3.081800849896397,0.10200000107288351,-0.12346053783235433,0.05979180369339685,0.10200000107288351,0,,false,0,0,1.8477000000000008,0.8775,-0.02,false,1,SLOW_STRAIGHT,0.17000000178813934,0.17000000178813934,0.10181772733473221,-0.030485008803708392,-0.0017875298944548526,-0.01,0.0,0.0,0.0,0.0,0.0,0.05954518863656897,17.784106548455487,false,true,timeout
281,1686,0.8672424503858653,1.467741511125895,3.0818008146686173,0.10200000107288514,-0.12224151112589499,0.05979183892117546,0.10200000107288514,2,,false,0,0,1.8477000000000008,0.8775,-0.02,false,1,SLOW_STRAIGHT,0.17000000178813934,0.17000000178813934,0.10181772712001586,-0.029885974084684616,-0.0017875320007878965,-0.01,0.0,0.0,0.0,0.0,0.0,0.060144221034543345,17.84425076949003,false,true,timeout
282,1692,0.8468789049618624,1.46652248425199,3.0818008146686173,0.10200000107288221,-0.12102248425199003,0.05979183892117546,0.10200000107288221,2,,false,0,0,1.8477000000000008,0.8775,-0.02,false,1,SLOW_STRAIGHT,0.17000000178813934,0.17000000178813934,0.10181772712001293,-0.029292883389046346,-0.0017875320007878965,-0.01,0.0,0.0,0.0,0.0,0.0,0.06073731173017869,17.90498808122021,false,true,timeout
283,1698,0.8265153595378598,1.465303457378085,3.0818008146686173,0.1020000010728818,-0.11980345737808507,0.05979183892117546,0.1020000010728818,2,,false,0,0,1.8477000000000008,0.8775,-0.02,false,1,SLOW_STRAIGHT,0.17000000178813934,0.17000000178813934,0.10181772712001252,-0.02870573679948529,-0.0017875320007878965,-0.01,0.0,0.0,0.0,0.0,0.0,0.06132445831973934,17.96631253953995,false,true,timeout
284,1704,0.8061518141138573,1.46408443050418,3.0818008146686173,0.10200000107288221,-0.1185844305041801,0.05979183892117546,0.10200000107288221,2,,false,0,0,1.8477000000000008,0.8775,-0.02,false,1,SLOW_STRAIGHT,0.17000000178813934,0.17000000178813934,0.10181772712001293,-0.028124534316001443,-0.0017875320007878965,-0.01,0.0,0.0,0.0,0.0,0.0,0.06190566080322359,18.028218200343172,false,true,timeout
285,1710,0.7857882686898547,1.462865403630275,3.0818008146686173,0.1020000010728818,-0.11736540363027514,0.05979183892117546,0.1020000010728818,2,,false,0,0,1.8477000000000008,0.8775,-0.02,false,1,SLOW_STRAIGHT,0.17000000178813934,0.17000000178813934,0.10181772712001252,-0.027549275938594804,-0.0017875320007878965,-0.01,0.0,0.0,0.0,0.0,0.0,0.06248091918062983,18.0906991195238,false,true,timeout
286,1716,0.7654247232658522,1.46164637675637,3.0818008146686173,0.10200000107288221,-0.11614637675637018,0.05979183892117546,0.10200000107288221,2,,false,0,0,1.8477000000000008,0.8775,-0.02,false,1,SLOW_STRAIGHT,0.17000000178813934,0.17000000178813934,0.10181772712001293,-0.026979961667265375,-0.0017875320007878965,-0.01,0.0,0.0,0.0,0.0,0.0,0.06305023345195966,18.153749352975762,false,true,timeout
287,1722,0.7450611778418497,1.4604273498824651,3.0818008146686173,0.1020000010728818,-0.11492734988246522,0.05979183892117546,0.1020000010728818,2,,false,0,0,1.8477000000000008,0.8775,-0.02,false,1,SLOW_STRAIGHT,0.17000000178813934,0.17000000178813934,0.10181772712001252,-0.02641659150201316,-0.0017875320007878965,-0.01,0.0,0.0,0.0,0.0,0.0,0.06361360361721148,18.217362956592975,false,true,timeout
288,1728,0.7246976324178471,1.4592083230085602,3.0818008146686173,0.10200000107288221,-0.11370832300856026,0.05979183892117546,0.10200000107288221,2,,false,0,0,1.8477000000000008,0.8775,-0.02,false,1,SLOW_STRAIGHT,0.17000000178813934,0.17000000178813934,0.10181772712001293,-0.02585916544283815,-0.0017875320007878965,-0.01,0.0,0.0,0.0,0.0,0.0,0.06417102967638688,18.281533986269363,false,true,timeout
289,1734,0.7020714709099947,1.4578538487086736,3.0818008146686173,0.14600000008940586,-0.11235384870867371,0.05979183892117546,0.14600000008940586,2,,false,0,0,1.8477000000000008,0.8775,-0.02,false,1,FAST_STRAIGHT,0.4099999964237213,0.4099999964237213,0.145739098159452,-0.025246774639303082,-0.0017875320007878965,-0.01,0.0,0.0,0.0,0.0,0.0,0.10870479151936102,18.390238777788724,false,true,timeout
290,1740,0.6640246162394585,1.4555762424596033,3.0818008146686173,0.2125102009347511,-0.11007624245960335,0.05979183892117546,0.2125102009347511,2,,false,0,0,1.8477000000000008,0.8775,-0.02,false,1,FAST_STRAIGHT,0.4099999964237213,0.4099999964237213,0.21213044530786884,-0.024233558308050764,-0.0017875320007878965,-0.01,0.0,0.0,0.0,0.0,0.0,0.17610935499903016,18.566348132787756,false,true,timeout
291,1746,0.6186182583490347,1.4528580728402143,3.0818008146686173,0.23478433262646164,-0.10735807284021437,0.05979183892117546,0.23478433262646164,2,,false,0,0,1.8477000000000008,0.8775,-0.02,false,1,FAST_STRAIGHT,0.4099999964237213,0.4099999964237213,0.2343647731369571,-0.023051511607929547,-0.0017875320007878965,-0.01,0.0,0.0,0.0,0.0,0.0,0.19952572952823966,18.765873862315996,false,true,timeout
292,1752,0.5707472177208981,1.4499923594395066,3.0818008146686173,0.24224389426232545,-0.10471998572320197,0.02546189739753379,0.24224389426232545,2,,false,0,0,1.8477000000000008,0.8775,-0.02,false,1,FAST_STRAIGHT,0.4099999964237213,0.4099999964237213,0.24216537415072936,-0.02193255081973525,-0.000324154109541269,-0.01,0.0,0.0,0.0,0.0,0.0,0.20990866922145285,18.975782531537448,false,true,timeout
293,1758,0.524313375914592,1.4472126813509445,3.0818008146686173,0.20074208734457705,-0.1062006583861787,-0.09472284257595046,0.20074208734457705,2,,false,0,0,1.8477000000000008,0.8775,-0.02,false,1,SLOW_STRAIGHT,0.17000000178813934,0.17000000178813934,0.19984218965222877,-0.022557159683315658,-0.004486208452834146,-0.01,0.0,0.0,0.0,0.0,0.0,0.16279882151607897,19.138581353053528,false,true,timeout
294,1764,0.4930255468473716,1.4453114238075881,3.0744908148051096,0.13506839846482258,-0.11063194485247663,-0.1853781262258816,0.13506839846482258,2,,false,0,0,1.8477000000000008,0.8775,-0.02,false,1,SLOW_RIGHT,0.24650000035762787,0.09350000321865082,0.13275422099103068,-0.02447885444368286,-0.017182524841509447,-0.01,0.0,0.0,0.0,0.0,0.0,0.08109284170583837,19.219674194759367,false,true,timeout
295,1770,0.4690678439461491,1.4430751467451164,3.0135464595732495,0.11307378228770855,-0.1153681462764187,-0.20312323411414188,0.11307378228770855,2,,false,0,0,1.8477000000000008,0.8775,-0.02,false,1,SLOW_RIGHT,0.24650000035762787,0.09350000321865082,0.11074913321850675,-0.026619618350514282,-0.020629524118494245,-0.01,0.0,0.0,0.0,0.0,0.0,0.05349999074949822,19.273174185508864,false,true,timeout
296,1776,0.4477669117261631,1.439374794324566,2.921596752314173,0.10570765044762111,-0.11960355618260927,-0.18961919671257896,0.10570765044762111,2,,false,0,0,1.8477000000000008,0.8775,-0.02,false,1,SLOW_RIGHT,0.24650000035762787,0.09350000321865082,0.10381295518932339,-0.028610021303053148,-0.01797771988096186,-0.01,0.0,0.0,0.0,0.0,0.0,0.04722521400530837,19.320399399514173,false,true,timeout
297,1782,0.42772844182062425,1.4337923821539298,2.8165084409650545,0.10324069043896164,-0.12319368491323163,-0.1609917482419013,0.10324069043896164,2,,false,0,0,1.8477000000000008,0.8775,-0.02,false,1,SLOW_RIGHT,0.24650000035762787,0.09350000321865082,0.10190566383938172,-0.03035336800500119,-0.012959171500991865,-0.01,0.0,0.0,0.0,0.0,0.0,0.04859312433338867,19.368992523847563,false,true,timeout
298,1788,0.40866606329744587,1.4261771589115069,2.7058526096186353,0.10241448770896219,-0.12609611078932448,-0.12314457806937106,0.10241448770896219,2,,false,0,0,1.8477000000000008,0.8775,-0.02,false,1,SLOW_RIGHT,0.24650000035762787,0.09350000321865082,0.10163893182461448,-0.03180045831238719,-0.0075822935539417114,-0.01,0.0,0.0,0.0,0.0,0.0,0.052256179958285576,19.421248703805848,false,true,timeout
299,1794,0.39065568710889464,1.4165218565602073,2.5928375262003893,0.10213778468353354,-0.12829685218175835,-0.09310574230622264,0.10213778468353354,2,,false,0,0,1.8477000000000008,0.8775,-0.02,false,1,SLOW_RIGHT,0.24650000035762787,0.09350000321865082,0.10169540454567065,-0.0329201645594959,-0.004334339625196368,-0.01,0.0,0.0,0.0,0.0,0.0,0.054440900360978366,19.475689604166828,false,true,timeout
300,1800,0.373881218206074,1.4049047953213596,2.4788227031599925,0.1020451134785349,-0.12979784203168634,-0.05631931804782273,0.1020451134785349,2,,false,0,0,1.8477000000000008,0.8775,-0.02,false,1,SLOW_RIGHT,0.24650000035762787,0.09350000321865082,0.10188331955923285,-0.0336949595921652,-0.0015859327926859056,-0.01,0.0,0.0,0.0,0.0,0.0,0.05660242717438175,19.53229203134121,false,true,timeout
301,1806,0.35854839610901246,1.3914578117278962,2.3643842376762834,0.10201407643207468,-0.13059781737749476,-0.019907961086331798,0.10201407643207468,2,,false,0,0,1.8477000000000008,0.8775,-0.02,false,1,SLOW_RIGHT,0.24650000035762787,0.09350000321865082,0.10199386163764702,-0.03411157980753095,-0.00019816345730745057,-0.01,0.0,0.0,0.0,0.0,0.0,0.05768411837280862,19.58997614971402,false,true,timeout
302,1812,0.3448390275450622,1.3763625741841636,2.2570762523931616,0.1020043584213015,-0.1307143047173049,0.0017706643119858958,0.1020043584213015,0,,false,0,0,1.8477000000000008,0.8775,-0.02,false,1,SLOW_STRAIGHT,0.17000000178813934,0.17000000178813934,0.1020041985166535,-0.03417245891545688,-1.5676260528702428e-6,-0.01,0.0,0.0,0.0,0.0,0.0,0.05783017197514375,19.647806321689163,false,true,timeout
303,1818,0.33240178644226087,1.3601947233311642,2.2033265505222537,0.10200159629454818,-0.13079002501345732,-0.021135661265273904,0.10200159629454818,0,,false,0,0,1.8477000000000008,0.8775,-0.02,false,1,SLOW_STRAIGHT,0.17000000178813934,0.17000000178813934,0.10197881426108059,-0.03421206128604158,-0.00022335808856019983,-0.01,0.0,0.0,0.0,0.0,0.0,0.05754339488647881,19.705349716575643,false,true,timeout
304,1824,0.3205558310226399,1.3435867902405774,2.1805499649759983,0.10200055972088566,-0.13172143221616542,-0.07300721597416913,0.10200055972088566,0,,false,0,0,1.8477000000000008,0.8775,-0.02,false,1,SLOW_STRAIGHT,0.17000000178813934,0.17000000178813934,0.10172884621588066,-0.03470107141015572,-0.0026650267921494884,-0.01,0.0,0.0,0.0,0.0,0.0,0.054362748013575456,19.759712464589217,false,true,timeout
305,1830,0.3089828620737136,1.3267873460207784,2.1635883236879296,0.1020000520722042,-0.1338597506535655,-0.12797205548674195,0.1020000520722042,0,,false,0,0,1.8477000000000008,0.8775,-0.02,false,1,SLOW_RIGHT,0.24650000035762787,0.09350000321865082,0.10116597168282503,-0.03583686569006946,-0.00818842349275088,-0.01,0.0,0.0,0.0,0.0,0.0,0.04714068250000469,19.80685314708922,false,true,timeout
306,1836,0.29808490290911854,1.3095465410768228,2.098554058579322,0.10199929227581664,-0.13666552784513897,-0.13825964244224043,0.10199929227581664,0,,false,0,0,1.8477000000000008,0.8775,-0.02,false,1,SLOW_RIGHT,0.24650000035762787,0.09350000321865082,0.10102594887213122,-0.03735493300238091,-0.009557864364128085,-0.01,0.0,0.0,0.0,0.0,0.0,0.04411315150562222,19.850966298594845,false,true,timeout
307,1842,0.28862533591448886,1.2914807998155045,2.004871240643503,0.10199883192508213,-0.13921358578034357,-0.10919447921843009,0.10199883192508213,0,,false,0,0,1.8477000000000008,0.8775,-0.02,false,1,SLOW_RIGHT,0.24650000035762787,0.09350000321865082,0.10139134770813654,-0.038760844931642155,-0.005961717145892081,-0.01,0.0,0.0,0.0,0.0,0.0,0.046668785630602304,19.897635084225445,false,true,timeout
308,1848,0.2810284574320551,1.2725583630723132,1.8990485188285406,0.1019986138052981,-0.14103806848288428,-0.06995642390577558,0.1019986138052981,0,,false,0,0,1.8477000000000008,0.8775,-0.02,false,1,SLOW_RIGHT,0.24650000035762787,0.09350000321865082,0.1017491300043767,-0.03978347352276551,-0.002446950622842285,-0.01,0.0,0.0,0.0,0.0,0.0,0.0495187058587689,19.947153790084215,false,true,timeout
309,1854,0.27553043944530653,1.2529240902915586,1.7880814790061839,0.10199851784257068,-0.14189745577234722,-0.015368827499041985,0.10199851784257068,0,,false,0,0,1.8477000000000008,0.8775,-0.02,false,1,SLOW_RIGHT,0.24650000035762787,0.09350000321865082,0.10198647201092642,-0.04026977590933047,-0.00011810042934765455,-0.01,0.0,0.0,0.0,0.0,0.0,0.05159859567224829,19.998752385756465,false,true,timeout
310,1860,0.2722445908771906,1.232800556044316,1.6822445199946712,0.10199914690617289,-0.14165776443185515,0.03295355247224293,0.10199914690617289,0,,false,0,0,1.8477000000000008,0.8775,-0.02,false,1,SLOW_STRAIGHT,0.17000000178813934,0.17000000178813934,0.10194376961335284,-0.04013384444766194,-0.000542968310270434,-0.01,0.0,0.0,0.0,0.0,0.0,0.05126695685542047,20.050019342611886,false,true,timeout
311,1866,0.2705894101985843,1.2124701999714262,1.6291181695945596,0.10199984782151808,-0.14086421201294114,0.037741310998942956,0.10199984782151808,0,,false,0,0,1.8477000000000008,0.8775,-0.02,false,1,SLOW_STRAIGHT,0.17000000178813934,0.17000000178813934,0.10192721181809561,-0.03968545245205366,-0.0007122032779594663,-0.01,0.0,0.0,0.0,0.0,0.0,0.051529556088082476,20.101548898699967,false,true,timeout
312,1872,0.2696611623645426,1.1920917568359921,1.606605730966441,0.1019999735971476,-0.14035194369192414,0.011190722101918406,0.1019999735971476,0,,false,0,0,1.8477000000000008,0.8775,-0.02,false,1,SLOW_STRAIGHT,0.17000000178813934,0.17000000178813934,0.10199358682013453,-0.03939733619620209,-6.261613058118256e-5,-0.01,0.0,0.0,0.0,0.0,0.0,0.05253363449335125,20.154082533193318,false,true,timeout
313,1878,0.26904142289304295,1.1717012491466245,1.5970660225323428,0.10199999615359118,-0.14046096661477636,-0.0243127510731513,0.10199999615359118,0,,false,0,0,1.8477000000000008,0.8775,-0.02,false,1,SLOW_STRAIGHT,0.17000000178813934,0.17000000178813934,0.1019698510365929,-0.03945856628471464,-0.0002955549323725099,-0.01,0.0,0.0,0.0,0.0,0.0,0.05221572981950574,20.206298263012823,false,true,timeout
314,1884,0.2685735596003462,1.1513066966492078,1.585713544707811,0.10199988539568702,-0.1409264403996538,-0.01491721791291796,0.10199988539568702,0,,false,0,0,1.8477000000000008,0.8775,-0.02,false,1,SLOW_RIGHT,0.24650000035762787,0.09350000321865082,0.10198853692597876,-0.03972052320743435,-0.00011126169513074023,-0.01,0.0,0.0,0.0,0.0,0.0,0.05215675202341367,20.258455015036237,false,true,timeout
315,1890,0.2688142091904427,1.1309110078045796,1.530366178068888,0.10199969606335556,-0.14068579080955723,0.040430148726008655,0.10199969606335556,0,,false,0,0,1.8477000000000008,0.8775,-0.02,false,1,SLOW_STRAIGHT,0.17000000178813934,0.17000000178813934,0.10191634322348882,-0.039584983471421,-0.0008172984630035896,-0.01,0.0,0.0,0.0,0.0,0.0,0.05151406128906423,20.309969076325302,false,true,timeout
316,1896,0.2700063848618154,1.1105467225043273,1.4986349327547877,0.10199994630391744,-0.13949361513818465,0.0721613940401088,0.10199994630391744,0,,false,0,0,1.8477000000000008,0.8775,-0.02,false,1,SLOW_STRAIGHT,0.17000000178813934,0.17000000178813934,0.1017344910587966,-0.038916937328639954,-0.0026036333949059245,-0.01,0.0,0.0,0.0,0.0,0.0,0.05021392033525073,20.36018299666055,false,true,timeout
317,1902,0.27163273322461823,1.0902118070934053,1.4851887293670625,0.10199999123839239,-0.13786726677538175,0.08560759742783434,0.10199999123839239,0,,false,0,0,1.8477000000000008,0.8775,-0.02,false,1,SLOW_STRAIGHT,0.17000000178813934,0.17000000178813934,0.10162645778150729,-0.03801476649622856,-0.003664330368683075,-0.01,0.0,0.0,0.0,0.0,0.0,0.049947360916595664,20.410130357577145,false,true,timeout
318,1908,0.2734428457519103,1.0698922995849702,1.4794908633125041,0.10199999930699757,-0.13605715424808967,0.091305463482393,0.10199999930699757,0,,false,0,0,1.8477000000000008,0.8775,-0.02,false,1,SLOW_STRAIGHT,0.17000000178813934,0.17000000178813934,0.1015751235336009,-0.03702309844417693,-0.004168343830867301,-0.01,0.0,0.0,0.0,0.0,0.0,0.050383681258556676,20.4605140388357,false,true,timeout
319,1914,0.2753307829775639,1.0495798526277653,1.4770763767366635,0.10200000075581159,-0.13416921702243606,0.09371995005823323,0.10200000075581159,0,,false,0,0,1.8477000000000008,0.8775,-0.02,false,1,SLOW_STRAIGHT,0.17000000178813934,0.17000000178813934,0.1015523736571866,-0.03600275759282709,-0.004391714519458865,-0.01,0.0,0.0,0.0,0.0,0.0,0.051157901544900644,20.5116719403806,false,true,timeout
320,1920,0.2772516898818506,1.0292704929767267,1.4760532313399317,0.1020000010159551,-0.13224831011814941,0.09474309545496457,0.1020000010159551,0,,false,0,0,1.8477000000000008,0.8775,-0.02,false,1,SLOW_STRAIGHT,0.17000000178813934,0.17000000178813934,0.10154255438383755,-0.03497923105821244,-0.004488127068194263,-0.01,0.0,0.0,0.0,0.0,0.0,0.05207519625743085,20.56374713663803,false,true,timeout
321,1926,0.27918656616802084,1.0089624587033077,1.4756196706345925,0.1020000010626642,-0.13031343383197908,0.09517665616030375,0.1020000010626642,0,,false,0,0,1.8477000000000008,0.8775,-0.02,false,1,SLOW_STRAIGHT,0.17000000178813934,0.17000000178813934,0.10153836130997267,-0.03396318207416318,-0.004529297938928344,-0.01,0.0,0.0,0.0,0.0,0.0,0.053045881296881155,20.616793017934913,false,true,timeout
322,1932,0.28134314318951437,0.9863986168475873,1.475435948080775,0.14600000008678038,-0.12815685681048566,0.0953603787141221,0.14600000008678038,0,,false,0,0,1.8477000000000008,0.8775,-0.02,false,1,FAST_STRAIGHT,0.4099999964237213,0.4099999964237213,0.14533667005314307,-0.03284835989508665,-0.004546800914250396,-0.01,0.0,0.0,0.0,0.0,0.0,0.09794150924380603,20.71473452717872,false,true,timeout
323,1938,0.28497404931160664,0.9484569885143594,1.4753580951380025,0.21251020093406375,-0.12452595068839334,0.09543823165689452,0.21251020093406375,0,,false,0,0,1.8477000000000008,0.8775,-0.02,false,1,FAST_STRAIGHT,0.4099999964237213,0.4099999964237213,0.21154311540921186,-0.031013424789696337,-0.004554228030897532,-0.01,0.0,0.0,0.0,0.0,0.0,0.16597546258861798,20.88070998976734,false,true,timeout
324,1944,0.28930958244063126,0.9031764304871486,1.4753251047371376,0.23478433262632378,-0.12019041755936871,0.09547122205775886,0.23478433262632378,0,,false,0,0,1.8477000000000008,0.8775,-0.02,false,1,FAST_STRAIGHT,0.4099999964237213,0.4099999964237213,0.23371514436646817,-0.028891472946190815,-0.004557377120600951,-0.01,0.0,0.0,0.0,0.0,0.0,0.1902662942996764,21.070976284067015,false,true,timeout
325,1950,0.29388149985761153,0.8554381186693748,1.475311124963086,0.24224389426230208,-0.11561850014238845,0.09548520183181074,0.24224389426230208,2,,false,0,0,1.8477000000000008,0.8775,-0.02,false,1,FAST_STRAIGHT,0.4099999964237213,0.4099999964237213,0.24114041293385022,-0.026735275150350953,-0.004558711884430816,-0.01,0.0,0.0,0.0,0.0,0.0,0.19984642589906843,21.270822709966083,false,true,timeout
326,1956,0.29853270372372065,0.8068767217536941,1.4753052009949796,0.2447420863610973,-0.11096729627627933,0.09549112579991748,0.2447420863610973,2,,false,0,0,1.8477000000000008,0.8775,-0.02,false,1,FAST_STRAIGHT,0.4099999964237213,0.4099999964237213,0.24362708691216936,-0.02462748168573511,-0.004559277553267832,-0.01,0.0,0.0,0.0,0.0,0.0,0.20444032767316642,21.475263037639248,false,true,timeout
327,1962,0.3032105049520134,0.7580396795665572,1.475302690697031,0.24557872584033985,-0.10628949504798657,0.09549363609786504,0.24557872584033985,2,,false,0,0,1.8477000000000008,0.8775,-0.02,false,1,FAST_STRAIGHT,0.4099999964237213,0.4099999964237213,0.24445985603816095,-0.022594913515111923,-0.004559517267595737,-0.01,0.0,0.0,0.0,0.0,0.0,0.20730542525545329,21.6825684628947,false,true,timeout
328,1968,0.3078972314279667,0.709110326045189,1.4753016269512986,0.2458589147091479,-0.10160276857203326,0.09549469984359746,0.2458589147091479,2,,false,0,0,1.8477000000000008,0.8775,-0.02,false,1,FAST_STRAIGHT,0.4099999964237213,0.4099999964237213,0.24473874341472537,-0.0206462451630043,-0.004559618849109387,-0.01,0.0,0.0,0.0,0.0,0.0,0.20953287940261167,21.892101342297313,false,true,timeout
329,1974,0.31258695438463047,0.6601500583568054,1.4753011761860884,0.2459527493943996,-0.09691304561536951,0.09549515060880806,0.2459527493943996,2,,false,0,0,1.8477000000000008,0.8775,-0.02,false,1,FAST_STRAIGHT,0.4099999964237213,0.4099999964237213,0.24483214000347137,-0.018784276820893384,-0.0045596618948994675,-0.01,0.0,0.0,0.0,0.0,0.0,0.21148820128767848,22.10358954358499,false,true,timeout
330,1980,0.3172776839780972,0.6111794378754392,1.4753009851730776,0.24598417444063372,-0.09222231602190278,0.09549534162181846,0.24598417444063372,2,,false,0,0,1.8477000000000008,0.8775,-0.02,false,1,FAST_STRAIGHT,0.4099999964237213,0.4099999964237213,0.244863417390837,-0.017009911144887414,-0.004559680135733906,-0.01,0.0,0.0,0.0,0.0,0.0,0.21329382611021566,22.31688336969521,false,true,timeout
331,1986,0.3219687520315226,0.5622053503929414,1.4753009133880504,0.24599469862503162,-0.08814852064786374,0.039882713802824064,0.24599469862503162,2,,false,0,0,1.8477000000000008,0.8775,-0.02,false,1,FAST_STRAIGHT,0.4099999964237213,0.4099999964237213,0.2457990811771409,-0.01554032338481372,-0.0007953154301389866,-0.01,0.0,0.0,0.0,0.0,0.0,0.21946344236218815,22.536346812057396,false,true,timeout
332,1992,0.32665993253599507,0.5132301017327141,1.4753009133880504,0.2459982231530953,-0.08956976545346938,-0.1064209113053879,0.2459982231530953,2,,false,0,0,1.8477000000000008,0.8775,-0.02,false,1,FAST_STRAIGHT,0.4099999964237213,0.4099999964237213,0.24460652194991162,-0.016045485766779034,-0.0056627051815346195,-0.01,0.0,0.0,0.0,0.0,0.0,0.21289833100159797,22.749245143058992,false,true,timeout
333,1998,0.3311350228687909,0.466510803335072,1.4753009133880504,0.2019994044938863,-0.0981774899309552,-0.26769870191401884,0.2019994044938863,2,,false,0,0,1.8477000000000008,0.8775,-0.02,false,1,SLOW_STRAIGHT,0.17000000178813934,0.17000000178813934,0.1948046245126901,-0.01927763905828562,-0.035831297503225355,-0.01,0.0,0.0,0.0,0.0,0.0,0.1296956879511791,22.878940831010173,false,true,timeout
334,2004,0.3341652983545123,0.43517205126072844,1.4679909120239596,0.13548947103661113,-0.10826211622417033,-0.37615312961688147,0.13548947103661113,2,,false,0,0,1.8477000000000008,0.8775,-0.02,false,1,SLOW_RIGHT,0.24650000035762787,0.09350000321865082,0.12601667638784322,-0.023441371618671526,-0.07074558846028721,-0.01,0.0,0.0,0.0,0.0,0.0,0.021829716308884493,22.900770547319055,false,true,timeout
335,2010,0.3372611303126973,0.41126313349930843,1.4070465541825385,0.11321479777437034,-0.11757812381535085,-0.4025658800050329,0.11321479777437034,2,,false,0,0,1.8477000000000008,0.8775,-0.02,false,1,SLOW_RIGHT,0.24650000035762787,0.09350000321865082,0.10416426671995782,-0.02764923039987595,-0.08102964387211328,-0.01,0.0,0.0,0.0,0.0,0.0,-0.01451460755203141,22.886255939767025,false,true,timeout
336,2016,0.34172258964671826,0.3900925496906711,1.3150968458176533,0.10575487604458307,-0.12604143601699414,-0.3938223541905042,0.10575487604458307,2,,false,0,0,1.8477000000000008,0.8775,-0.02,false,1,SLOW_RIGHT,0.24650000035762787,0.09350000321865082,0.09765924425590412,-0.031772887186452055,-0.07754802333007547,-0.01,0.0,0.0,0.0,0.0,0.0,-0.021661666260623415,22.864594273506402,false,true,timeout
337,2022,0.3480182758889905,0.37026111871828093,1.2100085339999451,0.10325650616196227,-0.13374798549555636,-0.36608353803619553,0.10325650616196227,2,,false,0,0,1.8477000000000008,0.8775,-0.02,false,1,SLOW_RIGHT,0.24650000035762787,0.09350000321865082,0.09641436296063267,-0.03577704724823911,-0.06700857841054932,-0.01,0.0,0.0,0.0,0.0,0.0,-0.016371262698155753,22.848223010808248,false,true,timeout
338,2028,0.3563097889141202,0.35148111196602816,1.0993527024549599,0.10241978435748926,-0.14070715820836283,-0.32567275265990603,0.10241978435748926,2,,false,0,0,1.8477000000000008,0.8775,-0.02,false,1,SLOW_RIGHT,0.24650000035762787,0.09350000321865082,0.09703615969170538,-0.03959700874214649,-0.05303137091254016,-0.01,0.0,0.0,0.0,0.0,0.0,-0.005592219962981272,22.842630790845266,false,true,timeout
339,2034,0.366602126779018,0.3338263596535054,0.986337618952571,0.1021395585196688,-0.14688159812257395,-0.28278744535819983,0.1021395585196688,0,,false,0,0,1.8477000000000008,0.8775,-0.02,false,1,SLOW_RIGHT,0.24650000035762787,0.09350000321865082,0.09808271614778592,-0.04314840773408264,-0.03998436962610843,-0.01,0.0,0.0,0.0,0.0,0.0,0.004949938787594853,22.84758072963286,false,true,timeout
340,2040,0.3788106817969937,0.3174771051419836,0.8723227958765186,0.10204570753256365,-0.15223355251360737,-0.2457322407947018,0.10204570753256365,0,,false,0,0,1.8477000000000008,0.8775,-0.02,false,1,SLOW_RIGHT,0.24650000035762787,0.09350000321865082,0.09898019889093108,-0.046350109021826506,-0.030192167082992653,-0.01,0.0,0.0,0.0,0.0,0.0,0.012437922786111924,22.860018652418972,false,true,timeout
341,2046,0.39279646056535794,0.3026340098470266,0.7578843303777003,0.10201427537954769,-0.15671494605929576,-0.19899970833717293,0.10201427537954769,0,,false,0,0,1.8477000000000008,0.8775,-0.02,false,1,SLOW_RIGHT,0.24650000035762787,0.09350000321865082,0.10000100475823805,-0.04911914863673596,-0.019800441959139947,-0.01,0.0,0.0,0.0,0.0,0.0,0.021081414162362144,22.881100066581336,false,true,timeout
342,2052,0.4083843518803195,0.28948890702719976,0.6432663452248695,0.102003748120098,-0.16027867629892265,-0.15004156521882156,0.102003748120098,0,,false,0,0,1.8477000000000008,0.8775,-0.02,false,1,SLOW_RIGHT,0.24650000035762787,0.09350000321865082,0.100857722306095,-0.05137850815226966,-0.011256235646656941,-0.01,0.0,0.0,0.0,0.0,0.0,0.028222978507168393,22.909323045088506,false,true,timeout
343,2058,0.425372842983161,0.2782141960100517,0.5285722881197387,0.10200022226832592,-0.16287724527057268,-0.105365046726505,0.10200022226832592,0,,false,0,0,1.8477000000000008,0.8775,-0.02,false,1,SLOW_RIGHT,0.24650000035762787,0.09350000321865082,0.10143455320690961,-0.05305799405386058,-0.005550896535839291,-0.01,0.0,0.0,0.0,0.0,0.0,0.03282566261720974,22.942148707705716,false,true,timeout
344,2064,0.44353984410470476,0.2689582880414587,0.41384599531340555,0.10199904134328915,-0.16445894447111922,-0.0506518799925391,0.10199904134328915,0,,false,0,0,1.8477000000000008,0.8775,-0.02,false,1,SLOW_RIGHT,0.24650000035762787,0.09350000321865082,0.10186822428519085,-0.054093488833109354,-0.0012828064733892916,-0.01,0.0,0.0,0.0,0.0,0.0,0.036491928978692204,22.978640636684407,false,true,timeout
345,2070,0.46264691694740023,0.26184308674189194,0.2991060425391001,0.10199864580118585,-0.16487325484664367,0.025774392091077035,0.10199864580118585,0,,false,0,0,1.8477000000000008,0.8775,-0.02,false,1,SLOW_RIGHT,0.24650000035762787,0.09350000321865082,0.10196476784286922,-0.05436638032745262,-0.0003321596438322872,-0.01,0.0,0.0,0.0,0.0,0.0,0.03726622787158431,23.01590686455599,false,true,timeout
346,2076,0.4824429332166779,0.2569622844870323,0.1843603013154033,0.10199851331261162,-0.16434314679709047,0.056606922010438966,0.10199851331261162,0,,false,0,0,1.8477000000000008,0.8775,-0.02,false,1,SLOW_RIGHT,0.24650000035762787,0.09350000321865082,0.10183513780287581,-0.05401733979834006,-0.0016021718097479598,-0.01,0.0,0.0,0.0,0.0,0.0,0.03621562619478779,23.05212249075078,false,true,timeout
347,2082,0.5026658213896986,0.25435911337054185,0.07692210708349666,0.10199914642272588,-0.16255163568969136,0.11418987298911007,0.10199914642272588,0,,false,0,0,1.8477000000000008,0.8775,-0.02,false,1,SLOW_STRAIGHT,0.17000000178813934,0.17000000178813934,0.10133486858817657,-0.052846068530788284,-0.006519663546634545,-0.01,0.0,0.0,0.0,0.0,0.0,0.03196913651075374,23.084091627261532,false,true,timeout
348,2088,0.5230415041389805,0.2534145726394845,0.02311722880867106,0.10199985107373404,-0.1601706302582187,0.12128451686334511,0.10199985107373404,0,,false,0,0,1.8477000000000008,0.8775,-0.02,false,1,SLOW_STRAIGHT,0.17000000178813934,0.17000000178813934,0.10125056470554485,-0.051309261594630014,-0.0073549670153875224,-0.01,0.0,0.0,0.0,0.0,0.0,0.03258633609552731,23.11667796335706,false,true,timeout
349,2094,0.5434400162265961,0.2532075026253773,0.00031726210791207935,0.10199997529936561,-0.158089056830095,0.08651269360858616,0.10199997529936561,0,,false,0,0,1.8477000000000008,0.8775,-0.02,false,1,SLOW_STRAIGHT,0.17000000178813934,0.17000000178813934,0.10161850665040113,-0.04998429977885801,-0.003742223077706552,-0.01,0.0,0.0,0.0,0.0,0.0,0.03789198379383657,23.154569947150897,false,true,timeout
350,2100,0.5638396646735045,0.25331311781881216,-0.00934428714605105,0.10199999683374135,-0.15664083591024824,0.05208809409258471,0.10199999683374135,0,,false,0,0,1.8477000000000008,0.8775,-0.02,false,1,SLOW_STRAIGHT,0.17000000178813934,0.17000000178813934,0.10186165647382849,-0.04907270294932263,-0.0013565847730989792,-0.01,0.0,0.0,0.0,0.0,0.0,0.04143236875140687,23.196002315902305,false,true,timeout
351,2106,0.5842382611285137,0.2535512333940535,-0.013438395493307895,0.10200000044192326,-0.15594928788446288,0.015395340157607218,0.10200000044192326,0,,false,0,0,1.8477000000000008,0.8775,-0.02,false,1,SLOW_STRAIGHT,0.17000000178813934,0.17000000178813934,0.10198791283919349,-0.04864036078334216,-0.00011850824928421672,-0.01,0.0,0.0,0.0,0.0,0.0,0.04322904380656711,23.23923135970887,false,true,timeout
352,2112,0.6046361364451653,0.2538454936997039,-0.015173285283597229,0.10200000100320494,-0.15565450630029604,0.015173285283596122,0.10200000100320494,0,,false,0,0,1.8477000000000008,0.8775,-0.02,false,1,SLOW_STRAIGHT,0.17000000178813934,0.17000000178813934,0.10198825957045868,-0.048456650663177794,-0.00011511429314869733,-0.01,0.0,0.0,0.0,0.0,0.0,0.04341649461413218,23.282647854323002,false,true,timeout
353,2118,0.6250336567377691,0.2541635448186941,-0.015908449653750465,0.10200000107498086,-0.15533645518130584,0.015908449653747093,0.10200000107498086,0,,false,0,0,1.8477000000000008,0.8775,-0.02,false,1,SLOW_STRAIGHT,0.17000000178813934,0.17000000178813934,0.10198709432976054,-0.04825882861658768,-0.000126539385192903,-0.01,0.0,0.0,0.0,0.0,0.0,0.043601726327979956,23.326249580650984,false,true,timeout
354,2124,0.6454310177113015,0.2544916772256598,-0.0162199775987346,0.10200000107815282,-0.15500832277434018,0.016219977598733434,0.10200000107815282,0,,false,0,0,1.8477000000000008,0.8775,-0.02,false,1,SLOW_STRAIGHT,0.17000000178813934,0.17000000178813934,0.10198658390083423,-0.048055160258628056,-0.00013154383665170722,-0.01,0.0,0.0,0.0,0.0,0.0,0.04379987980555447,23.37004946045654,false,true,timeout
355,2130,0.6658283095792904,0.25482408158101477,-0.01635198843120437,0.10200000107546782,-0.15467591841898515,0.01635198843120314,0.10200000107546782,0,,false,0,0,1.8477000000000008,0.8775,-0.02,false,1,SLOW_STRAIGHT,0.17000000178813934,0.17000000178813934,0.10198636461537135,-0.0478492794775131,-0.00013369376282710066,-0.01,0.0,0.0,0.0,0.0,0.0,0.04400339137503115,23.41405285183157,false,true,timeout
356,2136,0.6862255718775456,0.2551582961817058,-0.016407928388341275,0.10200000107389631,-0.1543417038182941,0.016407928388344057,0.10200000107389631,0,,false,0,0,1.8477000000000008,0.8775,-0.02,false,1,SLOW_STRAIGHT,0.17000000178813934,0.17000000178813934,0.10198627115597289,-0.04764272307506804,-0.0001346100569985134,-0.01,0.0,0.0,0.0,0.0,0.0,0.04420893802390634,23.458261789855477,false,true,timeout
357,2142,0.7066228215942059,0.2554932778781682,-0.01643163310064354,0.10200000107324753,-0.1540067221218318,0.016431633100642048,0.10200000107324753,0,,false,0,0,1.8477000000000008,0.8775,-0.02,false,1,SLOW_STRAIGHT,0.17000000178813934,0.17000000178813934,0.10198623145603751,-0.04743614091742224,-0.0001349992831770577,-0.01,0.0,0.0,0.0,0.0,0.0,0.044415091255438216,23.502676881110915,false,true,timeout
358,2148,0.7270200659701819,0.25582858463289915,-0.016441678038360573,0.10200000107301109,-0.15367141536710083,0.01644167803836071,0.10200000107301109,0,,false,0,0,1.8477000000000008,0.8775,-0.02,false,1,SLOW_STRAIGHT,0.17000000178813934,0.17000000178813934,0.1019862146158307,-0.047229807801856066,-0.00013516438835855648,-0.01,0.0,0.0,0.0,0.0,0.0,0.044621242425616076,23.54729812353653,false,true,timeout
359,2154,0.7474173080813756,0.2561640291321017,-0.016445934608634555,0.1020000010729257,-0.1533359708678983,0.01644593460863443,0.1020000010729257,0,,false,0,0,1.8477000000000008,0.8775,-0.02,false,1,SLOW_STRAIGHT,0.17000000178813934,0.17000000178813934,0.10198620747665683,-0.04702383992400191,-0.00013523438257573986,-0.01,0.0,0.0,0.0,0.0,0.0,0.044827133170079185,23.592125256706613,false,true,timeout
360,2160,0.7678145492325469,0.2564995320021133,-0.01644773834211779,0.10200000107289771,-0.15300046799788664,0.01644773834212078,0.10200000107289771,0,,false,0,0,1.8477000000000008,0.8775,-0.02,false,1,SLOW_STRAIGHT,0.17000000178813934,0.17000000178813934,0.10198620445086283,-0.04681828641514466,-0.00013526404828543502,-0.01,0.0,0.0,0.0,0.0,0.0,0.04503265398743273,23.637157910694047,false,true,timeout
361,2166,0.7882117899768317,0.2568350596082212,-0.016448502679194156,0.10200000107288962,-0.1526649403917788,0.016448502679192924,0.10200000107288962,0,,false,0,0,1.8477000000000008,0.8775,-0.02,false,1,SLOW_STRAIGHT,0.17000000178813934,0.17000000178813934,0.10198620316857791,-0.04661316804965075,-0.0001352766201937084,-0.01,0.0,0.0,0.0,0.0,0.0,0.04523775849873345,23.68239566919278,false,true,timeout
362,2172,0.8086090305487756,0.25717059769100015,-0.01644882656915448,0.10200000107288625,-0.15232940230899983,0.01644882656915588,0.10200000107288625,0,,false,0,0,1.8477000000000008,0.8775,-0.02,false,1,SLOW_STRAIGHT,0.17000000178813934,0.17000000178813934,0.10198620262518818,-0.04640849361563425,-0.00013528194775108416,-0.01,0.0,0.0,0.0,0.0,0.0,0.04544242706180284,23.727838096254583,false,true,timeout
363,2178,0.829006271047678,0.2575061402138914,-0.016448963818425297,0.10200000107288358,-0.15199385978610858,0.016448963818427344,0.10200000107288358,0,,false,0,0,1.8477000000000008,0.8775,-0.02,false,1,SLOW_STRAIGHT,0.17000000178813934,0.17000000178813934,0.10198620239492082,-0.04620426682535847,-0.00013528420534996593,-0.01,0.0,0.0,0.0,0.0,0.0,0.04564665136421238,23.773484747618795,false,true,timeout
364,2184,0.8494035115176009,0.2578416844984106,-0.016448999046205233,0.10200000107288275,-0.15165831550158937,0.016448999046205864,0.10200000107288275,0,,false,0,0,1.8477000000000008,0.8775,-0.02,false,1,SLOW_STRAIGHT,0.17000000178813934,0.17000000178813934,0.10198620233581762,-0.04600048932155924,-0.00013528478481104073,-0.01,0.0,0.0,0.0,0.0,0.0,0.045850428229447335,23.81933517584824,false,true,timeout
365,2190,0.8698007519847644,0.25817722895065276,-0.016448999046205233,0.10200000107288275,-0.15132277104934722,0.016448999046205864,0.10200000107288275,0,,false,0,0,1.8477000000000008,0.8775,-0.02,false,1,SLOW_STRAIGHT,0.17000000178813934,0.17000000178813934,0.10198620233581762,-0.04579716207610631,-0.00013528478481104073,-0.01,0.0,0.0,0.0,0.0,0.0,0.04605375547490027,23.865388931323142,false,true,timeout
366,2196,0.8901979924519279,0.2585127734028949,-0.016448999046205233,0.10200000107288275,-0.15098722659710506,0.016448999046205864,0.10200000107288275,2,,false,0,0,1.8477000000000008,0.8775,-0.02,false,1,SLOW_STRAIGHT,0.17000000178813934,0.17000000178813934,0.10198620233581762,-0.0455942851909711,-0.00013528478481104073,-0.01,0.0,0.0,0.0,0.0,0.0,0.04625663236003548,23.911645563683177,false,true,timeout
367,2202,0.9105952329190914,0.25884831785513707,-0.016448999046205233,0.10200000107288275,-0.1506516821448629,0.016448999046205864,0.10200000107288275,2,,false,0,0,1.8477000000000008,0.8775,-0.02,false,1,SLOW_STRAIGHT,0.17000000178813934,0.17000000178813934,0.10198620233581762,-0.04539185866615361,-0.00013528478481104073,-0.01,0.0,0.0,0.0,0.0,0.0,0.046459058884852966,23.95810462256803,false,true,timeout
368,2208,0.9309924733862549,0.2591838623073792,-0.016448999046205233,0.10200000107288275,-0.15031613769262075,0.016448999046205864,0.10200000107288275,2,,false,0,0,1.8477000000000008,0.8775,-0.02,false,1,SLOW_STRAIGHT,0.17000000178813934,0.17000000178813934,0.10198620233581762,-0.045189882501653844,-0.00013528478481104073,-0.01,0.0,0.0,0.0,0.0,0.0,0.046661035049352734,24.004765657617384,false,true,timeout
369,2214,0.9513897138534184,0.2595194067596214,-0.016448999046205233,0.10200000107288275,-0.1499805932403786,0.016448999046205864,0.10200000107288275,2,,false,0,0,1.8477000000000008,0.8775,-0.02,false,1,SLOW_STRAIGHT,0.17000000178813934,0.17000000178813934,0.10198620233581762,-0.044988356697471796,-0.00013528478481104073,-0.01,0.0,0.0,0.0,0.0,0.0,0.04686256085353478,24.051628218470917,false,true,timeout
370,2220,0.9717869543205819,0.2598549512118635,-0.016448999046205233,0.10200000107288275,-0.1496450487881365,0.016448999046205864,0.10200000107288275,2,,false,0,0,1.8477000000000008,0.8775,-0.02,false,1,SLOW_STRAIGHT,0.17000000178813934,0.17000000178813934,0.10198620233581762,-0.04478728125360751,-0.00013528478481104073,-0.01,0.0,0.0,0.0,0.0,0.0,0.04706363629739907,24.098691854768315,false,true,timeout
371,2226,0.9921841947877454,0.2601904956641057,-0.016448999046205233,0.10200000107288275,-0.1493095043358943,0.016448999046205864,0.10200000107288275,2,,false,0,0,1.8477000000000008,0.8775,-0.02,false,1,SLOW_STRAIGHT,0.17000000178813934,0.17000000178813934,0.10198620233581762,-0.04458665617006088,-0.00013528478481104073,-0.01,0.0,0.0,0.0,0.0,0.0,0.0472642613809457,24.14595611614926,false,true,timeout
372,2232,1.012581435254909,0.26052604011634783,-0.016448999046205233,0.10200000107288275,-0.14897395988365214,0.016448999046205864,0.10200000107288275,2,,false,0,0,1.8477000000000008,0.8775,-0.02,false,1,SLOW_STRAIGHT,0.17000000178813934,0.17000000178813934,0.10198620233581762,-0.044386481446831993,-0.00013528478481104073,-0.01,0.0,0.0,0.0,0.0,0.0,0.047464436104174584,24.193420552253436,false,true,timeout
373,2238,1.0329786757220725,0.26086158456859,-0.016448999046205233,0.10200000107288275,-0.14863841543141,0.016448999046205864,0.10200000107288275,2,,false,0,0,1.8477000000000008,0.8775,-0.02,false,1,SLOW_STRAIGHT,0.17000000178813934,0.17000000178813934,0.10198620233581762,-0.044186757083920836,-0.00013528478481104073,-0.01,0.0,0.0,0.0,0.0,0.0,0.04766416046708574,24.24108471272052,false,true,timeout
374,2244,1.053375916189236,0.26119712902083214,-0.016448999046205233,0.10200000107288275,-0.14830287097916783,0.016448999046205864,0.10200000107288275,2,,false,0,0,1.8477000000000008,0.8775,-0.02,false,1,SLOW_STRAIGHT,0.17000000178813934,0.17000000178813934,0.10198620233581762,-0.043987483081327404,-0.00013528478481104073,-0.01,0.0,0.0,0.0,0.0,0.0,0.047863434469679174,24.2889481471902,false,true,timeout
375,2250,1.0737731566563995,0.2615326734730743,-0.016448999046205233,0.10200000107288275,-0.14796732652692568,0.016448999046205864,0.10200000107288275,2,,false,0,0,1.8477000000000008,0.8775,-0.02,false,1,SLOW_STRAIGHT,0.17000000178813934,0.17000000178813934,0.10198620233581762,-0.043788659439051685,-0.00013528478481104073,-0.01,0.0,0.0,0.0,0.0,0.0,0.04806225811195489,24.337010405302156,false,true,timeout
376,2256,1.094170397123563,0.26186821792531645,-0.016448999046205233,0.10200000107288275,-0.14763178207468353,0.016448999046205864,0.10200000107288275,2,,false,0,0,1.8477000000000008,0.8775,-0.02,false,1,SLOW_STRAIGHT,0.17000000178813934,0.17000000178813934,0.10198620233581762,-0.0435902861570937,-0.00013528478481104073,-0.01,0.0,0.0,0.0,0.0,0.0,0.04826063139391288,24.385271036696068,false,true,timeout
377,2262,1.1145676375907265,0.2622037623775586,-0.016448999046205233,0.10200000107288275,-0.14729623762244137,0.016448999046205864,0.10200000107288275,2,,false,0,0,1.8477000000000008,0.8775,-0.02,false,1,SLOW_STRAIGHT,0.17000000178813934,0.17000000178813934,0.10198620233581762,-0.043392363235453424,-0.00013528478481104073,-0.01,0.0,0.0,0.0,0.0,0.0,0.048458554315553154,24.43372959101162,false,true,timeout
378,2268,1.13496487805789,0.26253930682980076,-0.016448999046205233,0.10200000107288275,-0.14696069317019927,0.016448999046205864,0.10200000107288275,2,,false,0,0,1.8477000000000008,0.8775,-0.02,false,1,SLOW_STRAIGHT,0.17000000178813934,0.17000000178813934,0.10198620233581762,-0.04319489067413091,-0.00013528478481104073,-0.01,0.0,0.0,0.0,0.0,0.0,0.04865602687687567,24.482385617888497,false,true,timeout
379,2274,1.1553621185250535,0.2628748512820429,-0.016448999046205233,0.10200000107288275,-0.14662514871795707,0.016448999046205864,0.10200000107288275,2,,false,0,0,1.8477000000000008,0.8775,-0.02,false,1,SLOW_STRAIGHT,0.17000000178813934,0.17000000178813934,0.10198620233581762,-0.042997868473126054,-0.00013528478481104073,-0.01,0.0,0.0,0.0,0.0,0.0,0.048853049077880524,24.531238666966377,false,true,timeout
380,2280,1.175759358992217,0.26321039573428506,-0.016448999046205233,0.10200000107288275,-0.14632238531671357,0.006587385805068401,0.10200000107288275,2,,false,0,0,1.8477000000000008,0.8775,-0.02,false,1,SLOW_STRAIGHT,0.17000000178813934,0.17000000178813934,0.10199778800462327,-0.04282048088954559,-2.1696825872408334e-5,-0.01,0.0,0.0,0.0,0.0,0.0,0.049155610289205266,24.580394277255582,false,true,timeout
381,2286,1.1961565994593806,0.2635459401865272,-0.016448999046205233,0.10200000107288275,-0.14666788229388936,-0.039163700557819224,0.10200000107288275,2,,false,1,0,1.8477000000000008,0.8775,-0.02,false,1,SLOW_STRAIGHT,0.17000000178813934,0.17000000178813934,0.10192178750228433,-0.043022935393148366,-0.0007668977206912649,-0.01,0.0,0.0,0.0,0.0,0.0,0.04813195438844469,24.628526231644027,false,true,timeout
382,2292,1.2165534447128206,0.26390257790548,-0.023758998909514658,0.10199990477811609,-0.14792063672469546,-0.08168005330845277,0.10199990477811609,2,,false,1,0,1.8477000000000008,0.8775,-0.02,false,1,SLOW_RIGHT,0.24650000035762787,0.09350000321865082,0.10165984103729797,-0.04376102953807865,-0.0033358155542358428,-0.01,0.0,0.0,0.0,0.0,0.0,0.044562995944983474,24.67308922758901,false,true,timeout
383,2298,1.2369241617556752,0.2649328793646408,-0.08470335414102924,0.10199927864242625,-0.14950450503350587,-0.06981132735609809,0.10199927864242625,2,,false,1,0,1.8477000000000008,0.8775,-0.02,false,1,SLOW_RIGHT,0.24650000035762787,0.09350000321865082,0.10175082663712802,-0.044703194050627164,-0.0024368107136101447,-0.01,0.0,0.0,0.0,0.0,0.0,0.044610821872890706,24.7177000494619,false,true,timeout
384,2304,1.2571471978976199,0.2675585139672916,-0.17665306139995937,0.1019988376202273,-0.15056219804327503,-0.030724018127670245,0.1019988376202273,2,,false,1,0,1.8477000000000008,0.8775,-0.02,false,1,SLOW_RIGHT,0.24650000035762787,0.09350000321865082,0.10195069972595217,-0.04533795095924474,-0.0004719826449547049,-0.01,0.0,0.0,0.0,0.0,0.0,0.04614076612175272,24.763840815583652,false,true,timeout
385,2310,1.2770076321143493,0.2721779878691577,-0.28174137274901595,0.1019986191871136,-0.150742623378587,0.017590160843515397,0.1019986191871136,2,,false,1,0,1.8477000000000008,0.8775,-0.02,false,1,SLOW_RIGHT,0.24650000035762787,0.09350000321865082,0.10198283970592333,-0.04544667700611704,-0.00015470687925037114,-0.01,0.0,0.0,0.0,0.0,0.0,0.04638145582055591,24.810222271404207,false,true,timeout
386,2316,1.296259551883547,0.2788962725431645,-0.38508720423210224,0.10199917971810701,-0.14995998861871307,0.05391777610141894,0.10199917971810701,2,,false,1,0,1.8477000000000008,0.8775,-0.02,false,1,SLOW_STRAIGHT,0.17000000178813934,0.17000000178813934,0.10185095336948954,-0.04497599637304911,-0.0014535632898613718,-0.01,0.0,0.0,0.0,0.0,0.0,0.045421393706579063,24.855643665110787,false,true,timeout
387,2322,1.3149283012355546,0.2871148254331026,-0.4371579324188272,0.1019998535848562,-0.14885878901220181,0.04099075697269844,0.1019998535848562,2,,false,1,0,1.8477000000000008,0.8775,-0.02,false,1,SLOW_STRAIGHT,0.17000000178813934,0.17000000178813934,0.10191417335581475,-0.04431787813235843,-0.0008401210785974129,-0.01,0.0,0.0,0.0,0.0,0.0,0.04675617414485891,24.902399839255647,false,true,timeout
388,2328,1.3332996575953104,0.2959825499636741,-0.4592230482002911,0.10199997458897932,-0.1483999803246183,-0.00559689320601125,0.10199997458897932,2,,false,1,0,1.8477000000000008,0.8775,-0.02,false,1,SLOW_STRAIGHT,0.17000000178813934,0.17000000178813934,0.10199837700765617,-0.04404510832069419,-1.5662606779747446e-5,-0.01,0.0,0.0,0.0,0.0,0.0,0.04793760608018223,24.95033744533583,false,true,timeout
389,2334,1.3515281951957012,0.3051407697617181,-0.4758832021982491,0.10199985722339022,-0.1490320673405054,-0.053537658186194007,0.10199985722339022,2,,false,1,0,1.8477000000000008,0.8775,-0.02,false,1,SLOW_RIGHT,0.24650000035762787,0.09350000321865082,0.1018537120177323,-0.04442111419156987,-0.001433140422030873,-0.01,0.0,0.0,0.0,0.0,0.0,0.045999457404131555,24.996336902739962,false,true,timeout
390,2340,1.369379416917353,0.3150070979725068,-0.5407897112297936,0.10199922811292582,-0.15031381342578376,-0.06303674100762353,0.10199922811292582,2,,false,1,0,1.8477000000000008,0.8775,-0.02,false,1,SLOW_RIGHT,0.24650000035762787,0.09350000321865082,0.10179664157696684,-0.04518848501320266,-0.0019868153584311032,-0.01,0.0,0.0,0.0,0.0,0.0,0.04462134120533308,25.040958243945294,false,true,timeout
391,2346,1.3863679062366747,0.3262874213675788,-0.6344183921729043,0.10199881075338427,-0.15141471794599415,-0.045899497808213355,0.10199881075338427,2,,false,1,0,1.8477000000000008,0.8775,-0.02,false,1,SLOW_RIGHT,0.24650000035762787,0.09350000321865082,0.1018913859091493,-0.04585283362132993,-0.0010533819495230914,-0.01,0.0,0.0,0.0,0.0,0.0,0.04498517033829628,25.08594341428359,false,true,timeout
392,2352,1.402136677939294,0.33921479855039083,-0.7402181732867515,0.10199860682271733,-0.1519646613341834,-0.010038213307905509,0.10199860682271733,2,,false,1,0,1.8477000000000008,0.8775,-0.02,false,1,SLOW_RIGHT,0.24650000035762787,0.09350000321865082,0.10199346788401505,-0.04618651658882611,-5.038286320750563e-5,-0.01,0.0,0.0,0.0,0.0,0.0,0.04575656843198143,25.131699982715574,false,true,timeout
393,2358,1.4164088040579714,0.35377636872958673,-0.8511754919232554,0.10199851554507885,-0.15179829616168897,0.030635551723009437,0.10199851554507885,2,,false,1,0,1.8477000000000008,0.8775,-0.02,false,1,SLOW_RIGHT,0.24650000035762787,0.09350000321865082,0.10195065459663714,-0.04608544543518367,-0.00046926851468659327,-0.01,0.0,0.0,0.0,0.0,0.0,0.04539594064676688,25.17709592336234,false,true,timeout
394,2364,1.4289777162541033,0.36983176960071895,-0.9570083315552463,0.10199914613439896,-0.15087396128361386,0.05880978695613981,0.10199914613439896,0,,false,1,0,1.8477000000000008,0.8775,-0.02,false,1,SLOW_STRAIGHT,0.17000000178813934,0.17000000178813934,0.10182281029943667,-0.045525904386818826,-0.001729295520913276,-0.01,0.0,0.0,0.0,0.0,0.0,0.044567610391704565,25.221663533754047,false,true,timeout
395,2370,1.4402170411205386,0.38685353743801176,-1.010132936356837,0.10199984755432746,-0.1497989217745969,0.03561592403330548,0.10199984755432746,0,,false,1,0,1.8477000000000008,0.8775,-0.02,false,1,SLOW_STRAIGHT,0.17000000178813934,0.17000000178813934,0.1019351612930121,-0.04487943392966359,-0.0006342470223730933,-0.01,0.0,0.0,0.0,0.0,0.0,0.04642148034097541,25.26808501409502,false,true,timeout
396,2376,1.4508424132208364,0.4042674415461238,-1.032644635282731,0.10199997350609749,-0.14947882901327633,-0.008730831127728187,0.10199997350609749,0,,false,1,0,1.8477000000000008,0.8775,-0.02,false,1,SLOW_STRAIGHT,0.17000000178813934,0.17000000178813934,0.10199608593378111,-0.0446878406463606,-3.8113706090453724e-5,-0.01,0.0,0.0,0.0,0.0,0.0,0.04727013158133005,25.315355145676353,false,true,timeout
397,2382,1.4611849738878895,0.42185106546216145,-1.0494940301292626,0.10199985616271617,-0.15027731864859697,-0.06350257421871712,0.10199985616271617,0,,false,2,0,1.8477000000000008,0.8775,-0.02,false,1,SLOW_RIGHT,0.24650000035762787,0.09350000321865082,0.1017942641319203,-0.045166545000423906,-0.002016288466201838,-0.01,0.0,0.0,0.0,0.0,0.0,0.044611430665294556,25.359966576341648,false,true,timeout
398,2388,1.4708240842944806,0.4398259852943285,-1.114480730496319,0.10199922707261054,-0.15166961623948802,-0.06681750695639017,0.10199922707261054,0,,false,2,0,1.8477000000000008,0.8775,-0.02,false,1,SLOW_RIGHT,0.24650000035762787,0.09350000321865082,0.1017716199567193,-0.04600734498046714,-0.0022322896179336246,-0.01,0.0,0.0,0.0,0.0,0.0,0.04353198535831853,25.403498561699966,false,true,timeout
399,2394,1.4789701759311624,0.4585207823804289,-1.2081433927407161,0.10199881020645574,-0.15274568487705234,-0.03777249942400056,0.10199881020645574,0,,false,2,0,1.8477000000000008,0.8775,-0.02,false,1,SLOW_RIGHT,0.24650000035762787,0.09350000321865082,0.10192605485887796,-0.04666248849711955,-0.0007133808563680612,-0.01,0.0,0.0,0.0,0.0,0.0,0.04455018550539035,25.448048747205355,false,true,timeout
400,2400,1.4851974512586612,0.47793706882635845,-1.3139575735254228,0.1019986065719061,-0.15305010714659129,0.007312458636007608,0.1019986065719061,0,,false,2,0,1.8477000000000008,0.8775,-0.02,false,1,SLOW_RIGHT,0.24650000035762787,0.09350000321865082,0.10199587954669602,-0.04684867059516615,-2.673602565166112e-5,-0.01,0.0,0.0,0.0,0.0,0.0,0.04512047292587821,25.493169220131232,false,true,timeout
401,2406,1.48930136578419,0.49791023601179174,-1.4176109941991655,0.10199917560099145,-0.15237040332203536,0.05419174693189736,0.10199917560099145,0,,false,2,0,1.8477000000000008,0.8775,-0.02,false,1,SLOW_STRAIGHT,0.17000000178813934,0.17000000178813934,0.10184943944443368,-0.04643347961703945,-0.0014683727177654032,-0.01,0.0,0.0,0.0,0.0,0.0,0.04394758710962883,25.53711680724086,false,true,timeout
402,2412,1.4918140518388865,0.5181525865585517,-1.4698120641602674,0.10199985284555878,-0.1512188122788844,0.05353041886249666,0.10199985284555878,0,,false,2,0,1.8477000000000008,0.8775,-0.02,false,1,SLOW_STRAIGHT,0.17000000178813934,0.17000000178813934,0.10185374715736142,-0.04573425837407295,-0.0014327528717971692,-0.01,0.0,0.0,0.0,0.0,0.0,0.0446867359114913,25.58180354315235,false,true,timeout
403,2418,1.493615117372277,0.5384725115560172,-1.4919324126308628,0.10199997445622327,-0.15042311311985343,0.021869247186265144,0.10199997445622327,0,,false,2,0,1.8477000000000008,0.8775,-0.02,false,1,SLOW_STRAIGHT,0.17000000178813934,0.17000000178813934,0.10197558397184849,-0.04525422592133644,-0.00023913198624698294,-0.01,0.0,0.0,0.0,0.0,0.0,0.04648222606426506,25.628285769216614,false,true,timeout
404,2424,1.4951138372068609,0.5588173100878455,-1.5013059717710335,0.10199999629342785,-0.15032345192927296,-0.013877655419835686,0.10199999629342785,0,,false,2,0,1.8477000000000008,0.8775,-0.02,false,1,SLOW_STRAIGHT,0.17000000178813934,0.17000000178813934,0.10199017439610146,-0.04519428039986488,-9.629465997584739e-5,-0.01,0.0,0.0,0.0,0.0,0.0,0.04669959933626073,25.674985368552875,false,true,timeout
405,2430,1.496463270264689,0.5791725487062191,-1.51258804337051,0.10199988573824359,-0.15099649554627076,-0.048346670183251804,0.10199988573824359,0,,false,2,0,1.8477000000000008,0.8775,-0.02,false,1,SLOW_RIGHT,0.24650000035762787,0.09350000321865082,0.10188070166316308,-0.04559988333450993,-0.0011687002589040646,-0.01,0.0,0.0,0.0,0.0,0.0,0.04511211806974909,25.720097486622624,false,true,timeout
406,2436,1.4970847711206208,0.5995596584720233,-1.575215575039203,0.10199925738547141,-0.15158477112062085,0.004419248244310072,0.10199925738547141,0,,false,2,0,1.8477000000000008,0.8775,-0.02,false,1,SLOW_RIGHT,0.24650000035762787,0.09350000321865082,0.10199826137683665,-0.04595588567138202,-9.764877522418826e-6,-0.01,0.0,0.0,0.0,0.0,0.0,0.04603261082793221,25.766130097450556,false,true,timeout
407,2442,1.4961022029036144,0.6199293951139433,-1.6605685331278797,0.10199940264336993,-0.15060220290361426,0.089772206332983,0.10199940264336993,0,,false,2,0,1.8477000000000008,0.8775,-0.02,false,1,SLOW_STRAIGHT,0.17000000178813934,0.17000000178813934,0.10158866950430472,-0.0453620470388428,-0.0040295245149458364,-0.01,0.0,0.0,0.0,0.0,0.0,0.04219709795051608,25.808327195401073,false,true,timeout
408,2448,1.493760571640363,0.6401928812284061,-1.7050147312088382,0.10199989361488562,-0.1482605716403631,0.13421840441394128,0.10199989361488562,0,,false,2,0,1.8477000000000008,0.8775,-0.02,false,1,SLOW_STRAIGHT,0.17000000178813934,0.17000000178813934,0.10108252939114819,-0.04396239420625448,-0.009007290041712147,-0.01,0.0,0.0,0.0,0.0,0.0,0.038112845143181556,25.846440040544255,false,true,timeout
409,2454,1.4904730294828614,0.662619526425017,-1.7238489311682743,0.14599997246985336,-0.1449730294828615,0.15305260437337748,0.14599997246985336,0,,false,2,0,1.8477000000000008,0.8775,-0.02,false,1,FAST_STRAIGHT,0.4099999964237213,0.4099999964237213,0.14429327604743986,-0.04203435855487726,-0.011712549852736804,-0.01,0.0,0.0,0.0,0.0,0.0,0.0805463676398258,25.92698640818408,false,true,timeout
410,2460,1.4844836730637596,0.7002608716185725,-1.7318299757441433,0.21251019371589064,-0.1389836730637597,0.16103364894924665,0.21251019371589064,0,,false,2,0,1.8477000000000008,0.8775,-0.02,false,1,FAST_STRAIGHT,0.4099999964237213,0.4099999964237213,0.2097607531751217,-0.038632922756588084,-0.012965918046954603,-0.01,0.0,0.0,0.0,0.0,0.0,0.148161912371579,26.07514832055566,false,true,timeout
411,2466,1.4771028309580716,0.7451456910299419,-1.735211965563684,0.23478433119432693,-0.13160283095807168,0.1644156387687872,0.23478433119432693,0,,false,2,0,1.8477000000000008,0.8775,-0.02,false,1,FAST_STRAIGHT,0.4099999964237213,0.4099999964237213,0.23161806952681968,-0.03463861023235758,-0.01351625113587416,-0.01,0.0,0.0,0.0,0.0,0.0,0.17346320815858793,26.248611528714246,false,true,timeout
412,2472,1.469214761151021,0.7924492512512251,-1.7366450931487696,0.24224389399699128,-0.12371476115102098,0.1658487663538733,0.24224389399699128,0,,false,2,0,1.8477000000000008,0.8775,-0.02,false,1,FAST_STRAIGHT,0.4099999964237213,0.4099999964237213,0.23891996577166377,-0.03061068425330834,-0.013752906650550829,-0.01,0.0,0.0,0.0,0.0,0.0,0.1845563748678046,26.43316790358205,false,true,timeout
413,2478,1.4611444566827703,0.8405607164249398,-1.7372523849458255,0.24474208631296412,-0.11564445668277035,0.1664560581509288,0.24474208631296412,0,,false,2,0,1.8477000000000008,0.8775,-0.02,false,1,FAST_STRAIGHT,0.4099999964237213,0.4099999964237213,0.24135929762097996,-0.026747280722906296,-0.013853809647572693,-0.01,0.0,0.0,0.0,0.0,0.0,0.19075820725050097,26.62392611083255,false,true,timeout
414,2484,1.453008605395561,0.8889419775142317,-1.7375097265325827,0.24557872583166454,-0.10750860539556117,0.1667133997376859,0.24557872583166454,2,,false,0,0,1.8477000000000008,0.8775,-0.02,false,1,FAST_STRAIGHT,0.4099999964237213,0.4099999964237213,0.2421738940987651,-0.02311620046819697,-0.013896678826048723,-0.01,0.0,0.0,0.0,0.0,0.0,0.19516101480451942,26.81908712563707,false,true,timeout
415,2490,1.4448489910764704,0.9374132858612357,-1.7376187757451618,0.24585891470758925,-0.09934899107647044,0.1668224489502651,0.24585891470758925,2,,false,0,0,1.8477000000000008,0.8775,-0.02,false,1,FAST_STRAIGHT,0.4099999964237213,0.4099999964237213,0.24244574781767167,-0.019740444055825205,-0.013914864736881903,-0.01,0.0,0.0,0.0,0.0,0.0,0.19879043902496454,27.017877564662033,false,true,timeout
416,2496,1.4370571378865697,0.9836794400002044,-1.737664985652056,0.2019527503776462,-0.09155713788656983,0.16686865885715954,0.2019527503776462,2,,false,0,0,1.8477000000000008,0.8775,-0.02,false,1,SLOW_STRAIGHT,0.17000000178813934,0.17000000178813934,0.19914756643687404,-0.01676541899596072,-0.013922574654393545,-0.01,0.0,0.0,0.0,0.0,0.0,0.15845957278651976,27.176337137448552,false,true,timeout
417,2502,1.4318281639339454,1.014721917333272,-1.7376845672285268,0.13547397457874286,-0.08632816393394549,0.16688824043363049,0.13547397457874286,2,,false,0,0,1.8477000000000008,0.8775,-0.02,false,1,SLOW_STRAIGHT,0.17000000178813934,0.17000000178813934,0.1335917600206759,-0.014905103776412333,-0.013925842397516628,-0.01,0.0,0.0,0.0,0.0,0.0,0.09476081384674696,27.2710979512953,false,true,timeout
418,2508,1.4278229306915569,1.038497518476316,-1.7376928649759764,0.11321036707144931,-0.08232293069155694,0.16689653818107994,0.11321036707144931,2,,false,0,0,1.8477000000000008,0.8775,-0.02,false,1,SLOW_STRAIGHT,0.17000000178813934,0.17000000178813934,0.11163731702650968,-0.013554129835293775,-0.013927227228414336,-0.01,0.0,0.0,0.0,0.0,0.0,0.07415595996280157,27.3452539112581,false,true,timeout
419,2514,1.424227546625914,1.059839461004036,-1.737696381169519,0.10575432996365158,-0.07872754662591408,0.16690005437462213,0.10575432996365158,2,,false,0,0,1.8477000000000008,0.8775,-0.02,false,1,SLOW_STRAIGHT,0.17000000178813934,0.17000000178813934,0.10428481925322075,-0.01239605319547095,-0.013927814075125913,-0.01,0.0,0.0,0.0,0.0,0.0,0.06796095198262389,27.413214863240725,false,true,timeout
420,2520,1.420769416554154,1.0803663755677302,-1.7376978711663045,0.10325731822219539,-0.07526941655415409,0.16690154437140775,0.10325731822219539,2,,false,0,0,1.8477000000000008,0.8775,-0.02,false,1,SLOW_STRAIGHT,0.17000000178813934,0.17000000178813934,0.10182247921275704,-0.011330970136805531,-0.013928062756780496,-0.01,0.0,0.0,0.0,0.0,0.0,0.06656344631917102,27.479778309559897,false,true,timeout
421,2526,1.417357249233985,1.1006203383537547,-1.7376985025565834,0.10242107404223186,-0.07185724923398507,0.16690217576168664,0.10242107404223186,2,,false,0,0,1.8477000000000008,0.8775,-0.02,false,1,SLOW_STRAIGHT,0.17000000178813934,0.17000000178813934,0.10099784453889189,-0.010326928534950094,-0.01392816813699247,-0.01,0.0,0.0,0.0,0.0,0.0,0.06674274786694932,27.546521057426848,false,true,timeout
422,2532,1.4139604730937696,1.120782889863296,-1.7376987701099689,0.10214101755835277,-0.06846047309376968,0.16690244331507256,0.10214101755835277,2,,false,0,0,1.8477000000000008,0.8775,-0.02,false,1,SLOW_STRAIGHT,0.17000000178813934,0.17000000178813934,0.10072167514234949,-0.009373672752445524,-0.013928212792270505,-0.01,0.0,0.0,0.0,0.0,0.0,0.06741978959763346,27.61394084702448,false,true,timeout
423,2538,1.4105688506764822,1.1409148277945909,-1.7376988834864593,0.10204722720854827,-0.06506885067648227,0.16690255669156254,0.10204722720854827,2,,false,0,0,1.8477000000000008,0.8775,-0.02,false,1,SLOW_STRAIGHT,0.17000000178813934,0.17000000178813934,0.10062918617276258,-0.008467910656716695,-0.013928231715090124,-0.01,0.0,0.0,0.0,0.0,0.0,0.06823304380095577,27.682173890825435,false,true,timeout
424,2544,1.4071789542431312,1.161036513302587,-1.7376988946028926,0.10201581701016396,-0.0616789542431313,0.16690256780799628,0.10201581701016396,2,,false,0,0,1.8477000000000008,0.8775,-0.02,false,1,SLOW_STRAIGHT,0.17000000178813934,0.17000000178813934,0.10059821225986988,-0.0076085867930525694,-0.013928233570451398,-0.01,0.0,0.0,0.0,0.0,0.0,0.06906139189636593,27.7512352827218,false,true,timeout
425,2550,1.4037896362382747,1.1811547653621466,-1.7376988946028926,0.10200529779827978,-0.05844450762201991,0.13673064024729326,0.10200529779827978,2,,false,0,0,1.8477000000000008,0.8775,-0.02,false,1,SLOW_STRAIGHT,0.17000000178813934,0.17000000178813934,0.10105327419146627,-0.006831520942360686,-0.009347633991217364,-0.01,0.0,0.0,0.0,0.0,0.0,0.07487411925788823,27.82610940197969,false,true,timeout
426,2556,1.4004005119492189,1.2012718675669856,-1.7376988946028926,0.1020017749355088,-0.05618685619863439,0.08007261209149565,0.1020017749355088,2,,false,0,0,1.8477000000000008,0.8775,-0.02,false,1,SLOW_STRAIGHT,0.17000000178813934,0.17000000178813934,0.10167495114041576,-0.006313925618972039,-0.0032058116035775675,-0.01,0.0,0.0,0.0,0.0,0.0,0.08215521391786616,27.908264615897554,false,true,timeout
427,2562,1.3970114525351927,1.2213885846878048,-1.7376988946028926,0.10200059513588883,-0.05516902982495572,0.017463230076872876,0.10200059513588883,2,,false,0,0,1.8477000000000008,0.8775,-0.02,false,1,SLOW_STRAIGHT,0.17000000178813934,0.17000000178813934,0.10198504225576285,-0.006087243703653708,-0.00015248220235889872,-0.01,0.0,0.0,0.0,0.0,0.0,0.08574531634975024,27.994009932247305,false,true,timeout
428,2568,1.3932458563325507,1.243740342017956,-1.7376988946028926,0.14600019903990274,-0.055709479554984204,-0.06836766248475944,0.14600019903990274,2,,false,0,0,1.8477000000000008,0.8775,-0.02,false,1,FAST_STRAIGHT,0.4099999964237213,0.4099999964237213,0.14565911943921883,-0.006207092224574406,-0.0023370686368149912,-0.01,0.0,0.0,0.0,0.0,0.0,0.12711495857782942,28.121124890825136,false,true,timeout
429,2574,1.3872904191140194,1.2790905177511296,-1.7376988946028926,0.16851026854634588,-0.06069492792673084,-0.21596340851176957,0.16851026854634588,2,,false,0,0,1.8477000000000008,0.8775,-0.02,false,1,SLOW_STRAIGHT,0.17000000178813934,0.17000000178813934,0.16459584243184955,-0.007367748552062103,-0.02332009690801073,-0.01,0.0,0.0,0.0,0.0,0.0,0.12390799697177672,28.245032887796913,false,true,timeout
430,2580,1.3826510535840624,1.306472916520001,-1.7450088945339814,0.1242740377551657,-0.06831373001191882,-0.3334019324794906,0.1242740377551657,2,,false,0,0,1.8477000000000008,0.8775,-0.02,false,1,SLOW_RIGHT,0.24650000035762787,0.09350000321865082,0.11743082558183404,-0.009333531416282676,-0.055578424290529414,-0.01,0.0,0.0,0.0,0.0,0.0,0.042518869875021945,28.287551757671935,false,true,timeout
431,2586,1.3780990198943532,1.3288806990260835,-1.8059532498833668,0.10945879491755117,-0.07637737334813993,-0.3762376393736107,0.10945879491755117,2,,false,0,0,1.8477000000000008,0.8775,-0.02,false,1,SLOW_RIGHT,0.24650000035762787,0.09350000321865082,0.10180254583472911,-0.011667006319122313,-0.07077738064071357,-0.01,0.0,0.0,0.0,0.0,0.0,0.009358158874893227,28.296909916546827,false,true,timeout
432,2592,1.3722501373169143,1.3492780576441494,-1.897902957192245,0.10449700372621225,-0.08426734044787258,-0.3842086104510664,0.10449700372621225,2,,false,0,0,1.8477000000000008,0.8775,-0.02,false,1,SLOW_RIGHT,0.24650000035762787,0.09350000321865082,0.09687868686967847,-0.014201969332315325,-0.07380812817236965,-0.01,0.0,0.0,0.0,0.0,0.0,-0.0011314106350064964,28.29577850591182,false,true,timeout
433,2598,1.3646059748186454,1.368479823051583,-2.002991268562467,0.10283524816976132,-0.09182504740979125,-0.36492143523227166,0.10283524816976132,0,,false,0,0,1.8477000000000008,0.8775,-0.02,false,1,SLOW_RIGHT,0.24650000035762787,0.09350000321865082,0.09606373237868858,-0.01686367866362082,-0.06658382694599052,-0.01,0.0,0.0,0.0,0.0,0.0,0.0026162267690772404,28.298394732680897,false,true,timeout
434,2604,1.3550171597849399,1.386578949133314,-2.1136470999178294,0.10227870604410316,-0.09894250366245494,-0.3398949637617388,0.10227870604410316,0,,false,0,0,1.8477000000000008,0.8775,-0.02,false,1,SLOW_RIGHT,0.24650000035762787,0.09350000321865082,0.09642730941737655,-0.01957923806198982,-0.057764293195296856,-0.01,0.0,0.0,0.0,0.0,0.0,0.009083778160089881,28.307478510840987,false,true,timeout
435,2610,1.3435001354865608,1.4034413944276083,-2.2266621833398643,0.10209231169771595,-0.10553158159697486,-0.3111040180125121,0.10209231169771595,0,,false,0,0,1.8477000000000008,0.8775,-0.02,false,1,SLOW_RIGHT,0.24650000035762787,0.09350000321865082,0.09719149271867772,-0.022273829428717924,-0.04839285501176472,-0.01,0.0,0.0,0.0,0.0,0.0,0.01652480827819508,28.324003319119182,false,true,timeout
436,2616,1.3301596150478783,1.4188739530629269,-2.340677006381867,0.10202988467031587,-0.11150546018626804,-0.27879236676576097,0.10202988467031587,0,,false,0,0,1.8477000000000008,0.8775,-0.02,false,1,SLOW_RIGHT,0.24650000035762787,0.09350000321865082,0.09809035509542535,-0.024866935302702814,-0.03886259188342729,-0.01,0.0,0.0,0.0,0.0,0.0,0.024360827909295245,28.348364147028477,false,true,timeout
437,2622,1.3151517534728765,1.4326801863539544,-2.455115471866257,0.1020089763354018,-0.11677734305430733,-0.24261744362262963,0.1020089763354018,0,,false,0,0,1.8477000000000008,0.8775,-0.02,false,1,SLOW_RIGHT,0.24650000035762787,0.09350000321865082,0.09902138589249784,-0.02727389570164676,-0.029431611974989932,-0.01,0.0,0.0,0.0,0.0,0.0,0.03231587821586115,28.380680025244338,false,true,timeout
438,2628,1.2986662008550782,1.4446792987090287,-2.5697334570129735,0.10200197348099618,-0.12125910076214072,-0.20214545530310082,0.10200197348099618,0,,false,0,0,1.8477000000000008,0.8775,-0.02,false,1,SLOW_RIGHT,0.24650000035762787,0.09350000321865082,0.09992501810863176,-0.029407539035285993,-0.020431392549848968,-0.01,0.0,0.0,0.0,0.0,0.0,0.0400860865234968,28.420766111767836,false,true,timeout
439,2634,1.2809167625928357,1.4547131096662194,-2.684427514115513,0.10199962794528987,-0.1247900672205657,-0.13228470484410237,0.10199962794528987,0,,false,0,0,1.8477000000000008,0.8775,-0.02,false,1,SLOW_RIGHT,0.24650000035762787,0.09350000321865082,0.1011084704869729,-0.03114512175382661,-0.008749621567845641,-0.01,0.0,0.0,0.0,0.0,0.0,0.05121372716530064,28.471979838933137,false,true,timeout
440,2640,1.2621357423318131,1.4626492519923742,-2.7991538069207484,0.10199884230570527,-0.1274901747262633,-0.10147162334319858,0.10199884230570527,0,,false,0,0,1.8477000000000008,0.8775,-0.02,false,1,SLOW_RIGHT,0.24650000035762787,0.09350000321865082,0.10147417767381357,-0.032507489303466294,-0.005148245171951981,-0.01,0.0,0.0,0.0,0.0,0.0,0.0538184431983953,28.525798282131532,false,true,timeout
441,2646,1.2425697386241998,1.4683830920550744,-2.9138937596945884,0.10199857914390444,-0.1290524495923533,-0.04723576198967027,0.10199857914390444,0,,false,0,0,1.8477000000000008,0.8775,-0.02,false,1,SLOW_RIGHT,0.24650000035762787,0.09350000321865082,0.10188480980731103,-0.03330906949157377,-0.0011156086053723893,-0.01,0.0,0.0,0.0,0.0,0.0,0.05746013171036487,28.583258413841897,false,true,timeout
442,2652,1.2224759498717053,1.4718390786313653,-3.028639500918088,0.10199849098922546,-0.1294535090264595,0.011672331454617444,0.10199849098922546,0,,false,0,0,1.8477000000000008,0.8775,-0.02,false,1,SLOW_RIGHT,0.24650000035762787,0.09350000321865082,0.10199154276150887,-0.03351642199852726,-6.812166079322589e-5,-0.01,0.0,0.0,0.0,0.0,0.0,0.05840699910218839,28.641665412944086,false,true,timeout
443,2658,1.2021188732262023,1.4729927837540224,-3.136077695149911,0.10199913894661511,-0.12862344136818976,0.06772904496438666,0.10199913894661511,0,,false,0,0,1.8477000000000008,0.8775,-0.02,false,1,SLOW_STRAIGHT,0.17000000178813934,0.17000000178813934,0.10176528193812155,-0.033087979338792296,-0.0022936117658939547,-0.01,0.0,0.0,0.0,0.0,0.0,0.056383690833435286,28.69804910377752,false,true,timeout
444,2664,1.181727727187632,1.4724811841823509,3.0933027337548853,0.10199984856998368,-0.12712749238397023,0.07433613248259832,0.10199984856998368,0,,false,0,0,1.8477000000000008,0.8775,-0.02,false,1,SLOW_STRAIGHT,0.17000000178813934,0.17000000178813934,0.10171815984838914,-0.032322798639672815,-0.0027629302962352046,-0.01,0.0,0.0,0.0,0.0,0.0,0.05663243091248112,28.75468153469,false,true,timeout
445,2670,1.1613664253776441,1.4712323644760976,3.070502767054141,0.10199997446086516,-0.12573236447609748,0.07108988653565271,0.10199997446086516,0,,false,0,0,1.8477000000000008,0.8775,-0.02,false,1,SLOW_STRAIGHT,0.17000000178813934,0.17000000178813934,0.10174234068433521,-0.031617254953500436,-0.002526885983825988,-0.01,0.0,0.0,0.0,0.0,0.0,0.0575981997470088,28.81227973443701,false,true,timeout
446,2676,1.1410262989088604,1.4696715753269278,3.0608412178001845,0.10199999655292787,-0.12417157532692791,0.08075143578960851,0.10199999655292787,0,,false,0,0,1.8477000000000008,0.8775,-0.02,false,1,SLOW_STRAIGHT,0.17000000178813934,0.17000000178813934,0.10166761672462646,-0.030837160238341862,-0.0032603971910416334,-0.01,0.0,0.0,0.0,0.0,0.0,0.057570059295242955,28.869849793732254,false,true,timeout
447,2682,1.1206966751252752,1.4679786985123506,3.0567471094529304,0.10200000034787671,-0.12247869851235071,0.08484554413686299,0.10200000034787671,0,,false,0,0,1.8477000000000008,0.8775,-0.02,false,1,SLOW_STRAIGHT,0.17000000178813934,0.17000000178813934,0.10163308345393628,-0.0300020631785586,-0.003599383179940183,-0.01,0.0,0.0,0.0,0.0,0.0,0.058031637095437495,28.927881430827693,false,true,timeout
448,2688,1.0981135662814943,1.4660342576895915,3.055012219662642,0.1459999999176087,-0.12053425768959158,0.08658043392715177,0.1459999999176087,0,,false,0,0,1.8477000000000008,0.8775,-0.02,false,1,FAST_STRAIGHT,0.4099999964237213,0.4099999964237213,0.1454531211484069,-0.029057014553561737,-0.003748085769506947,-0.01,0.0,0.0,0.0,0.0,0.0,0.10264802082533821,29.03052945165303,false,true,timeout
449,2694,1.0601428129204924,1.462721786159896,3.054277055292489,0.21251020089444667,-0.11722178615989609,0.08731559829730418,0.21251020089444667,0,,false,0,0,1.8477000000000008,0.8775,-0.02,false,1,FAST_STRAIGHT,0.4099999964237213,0.4099999964237213,0.2117006250998462,-0.027481894301032813,-0.003812006853008094,-0.01,0.0,0.0,0.0,0.0,0.0,0.17040672394580528,29.200936175598837,false,true,timeout
450,2700,1.0148291701675138,1.4587469217388247,3.0539655273475055,0.23478433262132425,-0.11324692173882478,0.08762712624228751,0.23478433262132425,0,,false,0,0,1.8477000000000008,0.8775,-0.02,false,1,FAST_STRAIGHT,0.4099999964237213,0.4099999964237213,0.2338835119514414,-0.02564973056663901,-0.0038392566267408963,-0.01,0.0,0.0,0.0,0.0,0.0,0.19439452475806146,29.395330700356897,false,true,timeout
451,2706,0.9670567478191,1.4545463856001295,3.0538335165150357,0.24224389426242454,-0.10904638560012958,0.08775913707475783,0.24224389426242454,0,,false,0,0,1.8477000000000008,0.8775,-0.02,false,1,FAST_STRAIGHT,0.4099999964237213,0.4099999964237213,0.24131165201206764,-0.023782228424904295,-0.0038508330700530668,-0.01,0.0,0.0,0.0,0.0,0.0,0.20367859051711026,29.599009290874008,false,true,timeout
452,2712,0.9184609869248747,1.4502691212483159,3.053777576557899,0.24474208636147818,-0.10476912124831594,0.08781507703189452,0.24474208636147818,0,,false,0,0,1.8477000000000008,0.8775,-0.02,false,1,FAST_STRAIGHT,0.4099999964237213,0.4099999964237213,0.24379902982501714,-0.021953137534288656,-0.003855743877058784,-0.01,0.0,0.0,0.0,0.0,0.0,0.2079901484136697,29.80699943928768,false,true,timeout
453,2718,0.8695895287242037,1.445965740349791,3.0537538718455965,0.24557872584052887,-0.10046574034979106,0.08783878174419714,0.24557872584052887,2,,false,0,0,1.8477000000000008,0.8775,-0.02,false,1,FAST_STRAIGHT,0.4099999964237213,0.4099999964237213,0.24463193489272392,-0.02018672996806327,-0.0038578257891523503,-0.01,0.0,0.0,0.0,0.0,0.0,0.21058737913550826,30.017586818423187,false,true,timeout
454,2724,0.8206257549171739,1.4416534444837343,3.0537438269078794,0.24585891470922402,-0.09615344448373442,0.08784882668191449,0.24585891470922402,2,,false,0,0,1.8477000000000008,0.8775,-0.02,false,1,FAST_STRAIGHT,0.4099999964237213,0.4099999964237213,0.24491082687294471,-0.018490969772173193,-0.0038587081746945255,-0.01,0.0,0.0,0.0,0.0,0.0,0.212561148926077,30.230147967349264,false,true,timeout
455,2730,0.7716310709760519,1.4373380929296475,3.0537395703376053,0.2459527493944263,-0.09183809292964762,0.08785308325218737,0.2459527493944263,2,,false,0,0,1.8477000000000008,0.8775,-0.02,false,1,FAST_STRAIGHT,0.4099999964237213,0.4099999964237213,0.24500420785604254,-0.016868470625909186,-0.003859082118457882,-0.01,0.0,0.0,0.0,0.0,0.0,0.21427665511167548,30.44442462246094,false,true,timeout
456,2736,0.7226260378931922,1.4330216885236005,3.0537377666041223,0.24598417444064263,-0.08752168852360054,0.0878548869856714,0.24598417444064263,2,,false,0,0,1.8477000000000008,0.8775,-0.02,false,1,FAST_STRAIGHT,0.4099999964237213,0.4099999964237213,0.24503547277860332,-0.0153200919240443,-0.0038592405836325467,-0.01,0.0,0.0,0.0,0.0,0.0,0.21585614027092648,30.660280762731865,false,true,timeout
457,2742,0.6736175400029754,1.4287049190405448,3.053737002267046,0.2459946986250382,-0.08320491904054483,0.08785565132274768,0.2459946986250382,2,,false,0,0,1.8477000000000008,0.8775,-0.02,false,1,FAST_STRAIGHT,0.4099999964237213,0.4099999964237213,0.24504593987619896,-0.01384611710508724,-0.0038593077346721085,-0.01,0.0,0.0,0.0,0.0,0.0,0.2173405150364396,30.877621277768306,false,true,timeout
458,2748,0.6246078822200244,1.4243880220236256,3.053736678377086,0.24599822315309677,-0.07888802202362566,0.0878559752127072,0.24599822315309677,2,,false,0,0,1.8477000000000008,0.8775,-0.02,false,1,FAST_STRAIGHT,0.4099999964237213,0.4099999964237213,0.2450494438197368,-0.012446640037600093,-0.003859336190287911,-0.01,0.0,0.0,0.0,0.0,0.0,0.2187434675918488,31.096364745360155,false,true,timeout
459,2754,0.5755978361885169,1.4200710800574088,3.053736541127815,0.24599940351041208,-0.07467673166160387,0.06590355173973272,0.24599940351041208,2,,false,0,0,1.8477000000000008,0.8775,-0.02,false,1,FAST_STRAIGHT,0.4099999964237213,0.4099999964237213,0.2454653749237526,-0.011153228503318378,-0.002171639065955814,-0.01,0.0,0.0,0.0,0.0,0.0,0.22214050735447838,31.318505252714633,false,true,timeout
460,2760,0.5265876601914842,1.415754122377814,3.053736505900035,0.24599979880968972,-0.07477959639837477,-0.07692311710776184,0.24599979880968972,2,,false,0,0,1.8477000000000008,0.8775,-0.02,false,1,FAST_STRAIGHT,0.4099999964237213,0.4099999964237213,0.24527234680429238,-0.01118397607500765,-0.002958582972787221,-0.01,0.0,0.0,0.0,0.0,0.0,0.2211297877564975,31.53963504047113,false,true,timeout
461,2766,0.47983536495844664,1.4116360449617165,3.053736505900035,0.2019999321780944,-0.08213630862878378,-0.24331328044092787,0.2019999321780944,2,,false,0,0,1.8477000000000008,0.8775,-0.02,false,1,SLOW_STRAIGHT,0.17000000178813934,0.17000000178813934,0.1960500381632187,-0.013492746390325642,-0.029600676219462805,-0.01,0.0,0.0,0.0,0.0,0.0,0.14295661555343026,31.68259165602456,false,true,timeout
462,2772,0.4484743202001029,1.4088452554470754,3.0464265034919333,0.13548964775679245,-0.09156034535612931,-0.3626335723490574,0.13548964775679245,2,,false,0,0,1.8477000000000008,0.8775,-0.02,false,1,SLOW_RIGHT,0.24650000035762787,0.09350000321865082,0.1266781922613124,-0.016766593683467338,-0.06575155389731953,-0.01,0.0,0.0,0.0,0.0,0.0,0.034160044680525546,31.716751700705085,false,true,timeout
463,2778,0.42454243097784783,1.4059321562927043,2.9854821438349446,0.11321485695722186,-0.10052338466783936,-0.39536844742786637,0.11321485695722186,2,,false,0,0,1.8477000000000008,0.8775,-0.02,false,1,SLOW_RIGHT,0.24650000035762787,0.09350000321865082,0.10448086513169351,-0.020209901730156802,-0.07815810461076077,-0.01,0.0,0.0,0.0,0.0,0.0,-0.0038871412092240567,31.712864559495863,false,true,timeout
464,2784,0.4033383765419998,1.4016325519571622,2.8935324347007074,0.10575489586471232,-0.10878508935665424,-0.38615661270978247,0.10575489586471232,2,,false,0,0,1.8477000000000008,0.8775,-0.02,false,1,SLOW_RIGHT,0.24650000035762787,0.09350000321865082,0.09796746874783525,-0.023668391332670492,-0.07455846476974647,-0.01,0.0,0.0,0.0,0.0,0.0,-0.010259387354581711,31.702605172141283,false,true,timeout
465,2790,0.38345942819915996,1.3954885448087513,2.7884441225569843,0.10325651279966482,-0.1164041760609047,-0.358166709815606,0.10325651279966482,2,,false,0,0,1.8477000000000008,0.8775,-0.02,false,1,SLOW_RIGHT,0.24650000035762787,0.09350000321865082,0.0967039651324271,-0.027099864408836195,-0.06414169601006826,-0.01,0.0,0.0,0.0,0.0,0.0,-0.004537595286477352,31.698067576854804,false,true,timeout
466,2796,0.3646166283296054,1.3873407374270053,2.677788290873849,0.10241978658044262,-0.1233800455659359,-0.3333120142838978,0.10241978658044262,2,,false,0,0,1.8477000000000008,0.8775,-0.02,false,1,SLOW_RIGHT,0.24650000035762787,0.09350000321865082,0.09678300317443259,-0.03044527128770484,-0.05554844943299464,-0.01,0.0,0.0,0.0,0.0,0.0,0.0007892824537331037,31.69885685930854,false,true,timeout
467,2802,0.34688376585391445,1.3771835677215454,2.564773207312919,0.10213955926413266,-0.12967063212699229,-0.2981818946054463,0.10213955926413266,0,,false,0,0,1.8477000000000008,0.8775,-0.02,false,1,SLOW_RIGHT,0.24650000035762787,0.09350000321865082,0.0976323648915529,-0.03362894567242753,-0.04445622113524674,-0.01,0.0,0.0,0.0,0.0,0.0,0.00954719808387862,31.708404057392418,false,true,timeout
468,2808,0.3304417248927964,1.365100263905615,2.450758384212059,0.10204570778188278,-0.13522933180644522,-0.2533715023353447,0.10204570778188278,0,,false,0,0,1.8477000000000008,0.8775,-0.02,false,1,SLOW_RIGHT,0.24650000035762787,0.09350000321865082,0.0987876733912139,-0.036573944361635316,-0.0320985590978348,-0.01,0.0,0.0,0.0,0.0,0.0,0.02011516993174378,31.72851922732416,false,true,timeout
469,2814,0.31549222270172533,1.351228282394002,2.3363199187027286,0.10201427546304363,-0.1400042020219994,-0.21404463472511792,0.10201427546304363,0,,false,0,0,1.8477000000000008,0.8775,-0.02,false,1,SLOW_RIGHT,0.24650000035762787,0.09350000321865082,0.09968628654443473,-0.03920235316763364,-0.022907552827304577,-0.01,0.0,0.0,0.0,0.0,0.0,0.027576380549496515,31.756095607873657,false,true,timeout
470,2820,0.30222842461677857,1.3357412638129498,2.2217019335454435,0.10200374814806482,-0.14393903823067636,-0.17194706236272841,0.10200374814806482,0,,false,0,0,1.8477000000000008,0.8775,-0.02,false,1,SLOW_RIGHT,0.24650000035762787,0.09350000321865082,0.10049954888987861,-0.04143689345354422,-0.014782896127586008,-0.01,0.0,0.0,0.0,0.0,0.0,0.03427975930874838,31.790375367182406,false,true,timeout
471,2826,0.29082426431868935,1.3188393980433573,2.1070078764384252,0.1020002222776886,-0.14697510528751687,-0.12659645165533,0.1020002222776886,0,,false,0,0,1.8477000000000008,0.8775,-0.02,false,1,SLOW_RIGHT,0.24650000035762787,0.09350000321865082,0.10118395180471322,-0.04320336314855334,-0.008013330785860154,-0.01,0.0,0.0,0.0,0.0,0.0,0.03996725787029973,31.830342625052705,false,true,timeout
472,2832,0.2814298453050856,1.300743634629995,1.9922815836312924,0.10199904134642991,-0.1490496876264846,-0.07762140396411513,0.10199904134642991,0,,false,0,0,1.8477000000000008,0.8775,-0.02,false,1,SLOW_RIGHT,0.24650000035762787,0.09350000321865082,0.10169191928383392,-0.04443161876310527,-0.0030125411766801736,-0.01,0.0,0.0,0.0,0.0,0.0,0.044247759344048475,31.874590384396754,false,true,timeout
473,2838,0.2741688891132841,1.2816914736674079,1.877541630856648,0.1019986458022376,-0.1500960198054887,-0.024789961773636116,0.1019986458022376,0,,false,0,0,1.8477000000000008,0.8775,-0.02,false,1,SLOW_RIGHT,0.24650000035762787,0.09350000321865082,0.10196730617091161,-0.04505763032289931,-0.00030727110236916996,-0.01,0.0,0.0,0.0,0.0,0.0,0.04660240474564313,31.921192789142395,false,true,timeout
474,2844,0.2691370038009049,1.2619333203885115,1.7627958896328075,0.10199851331296647,-0.1500440397328124,0.03199522666964624,0.10199851331296647,0,,false,0,0,1.8477000000000008,0.8775,-0.02,false,1,SLOW_RIGHT,0.24650000035762787,0.09350000321865082,0.10194631010648411,-0.04502642771868358,-0.0005118472648210211,-0.01,0.0,0.0,0.0,0.0,0.0,0.04640803512297951,31.967600824265375,false,true,timeout
475,2850,0.266379422213493,1.2417309084109633,1.65535769540084,0.10199914642284004,-0.14884375155400767,0.08021789619157499,0.10199914642284004,0,,false,0,0,1.8477000000000008,0.8775,-0.02,false,1,SLOW_STRAIGHT,0.17000000178813934,0.17000000178813934,0.10167114465996188,-0.04430892475334232,-0.0032174554347011507,-0.01,0.0,0.0,0.0,0.0,0.0,0.04414476447191841,32.01174558873729,false,true,timeout
476,2856,0.2652792553879424,1.221363035727531,1.6015528171259885,0.10199985107377142,-0.14707660277842816,0.08420280755233361,0.10199985107377142,0,,false,0,0,1.8477000000000008,0.8775,-0.02,false,1,SLOW_STRAIGHT,0.17000000178813934,0.17000000178813934,0.10163846944436376,-0.04326305416968708,-0.0035450563998476654,-0.01,0.0,0.0,0.0,0.0,0.0,0.044830358874829015,32.05657594761212,false,true,timeout
477,2862,0.2649163633630835,1.2009667006950353,1.5787528504252186,0.10199997529937484,-0.14559264564188895,0.06082831703575047,0.10199997529937484,0,,false,0,0,1.8477000000000008,0.8775,-0.02,false,1,SLOW_STRAIGHT,0.17000000178813934,0.17000000178813934,0.10181132923120526,-0.04239443693000929,-0.0018500420767008855,-0.01,0.0,0.0,0.0,0.0,0.0,0.047566850224495076,32.104142797836616,false,true,timeout
478,2868,0.2648661387410583,1.180566840675566,1.5690913011712508,0.10199999683374433,-0.14474819697728644,0.023657586345893277,0.10199999683374433,0,,false,0,0,1.8477000000000008,0.8775,-0.02,false,1,SLOW_STRAIGHT,0.17000000178813934,0.17000000178813934,0.10197145441491197,-0.04190408105635063,-0.000279840695856698,-0.01,0.0,0.0,0.0,0.0,0.0,0.049787532662704644,32.15393033049932,false,true,timeout
479,2874,0.26494841867097174,1.1601670204220778,1.564997192823992,0.10200000044192277,-0.14455158132902823,0.005799133970903039,0.10200000044192277,0,,false,0,0,1.8477000000000008,0.8775,-0.02,false,1,SLOW_STRAIGHT,0.17000000178813934,0.17000000178813934,0.10199828531902654,-0.041790319329445325,-1.6814977406240825e-5,-0.01,0.0,0.0,0.0,0.0,0.0,0.050191151012174966,32.20412148151149,false,true,timeout
480,2880,0.2650868472019576,1.1397674923857979,1.5632623030337018,0.10200000100320537,-0.14441315279804234,0.0075340237611889425,0.10200000100320537,0,,false,0,0,1.8477000000000008,0.8775,-0.02,false,1,SLOW_STRAIGHT,0.17000000178813934,0.17000000178813934,0.10199710617965407,-0.04171031740214145,-2.838075701707979e-5,-0.01,0.0,0.0,0.0,0.0,0.0,0.05025840802049554,32.25437988953199,false,true,timeout
481,2886,0.2652490685641857,1.1193681376207296,1.5625271386635482,0.10200000107498065,-0.1442509314358143,0.008269188131349256,0.10200000107498065,0,,false,0,0,1.8477000000000008,0.8775,-0.02,false,1,SLOW_STRAIGHT,0.17000000178813934,0.17000000178813934,0.10199651374172587,-0.04161666244019999,-3.4189736175823705e-5,-0.01,0.0,0.0,0.0,0.0,0.0,0.05034566156535005,32.30472555109734,false,true,timeout
482,2892,0.2654213721372954,1.098968865157238,1.562215610718564,0.10200000107814812,-0.14407862786270448,0.00858071607633645,0.10200000107814812,0,,false,0,0,1.8477000000000008,0.8775,-0.02,false,1,SLOW_STRAIGHT,0.17000000178813934,0.17000000178813934,0.10199624603804089,-0.041517302013599364,-3.6814344191349396e-5,-0.01,0.0,0.0,0.0,0.0,0.0,0.05044212968025017,32.35516768077759,false,true,timeout
483,2898,0.26559794806205345,1.0785696291630598,1.5620835998860942,0.10200000107546454,-0.14390205193794658,0.00871272690880112,0.10200000107546454,0,,false,0,0,1.8477000000000008,0.8775,-0.02,false,1,SLOW_STRAIGHT,0.17000000178813934,0.17000000178813934,0.10199612960779504,-0.04141560110390295,-3.795580509367356e-5,-0.01,0.0,0.0,0.0,0.0,0.0,0.050542572698798416,32.405710253476386,false,true,timeout
484,2904,0.265776334405215,1.0581704089089492,1.5620276599289573,0.10200000107389637,-0.143723665594785,0.00876866686594095,0.10200000107389637,0,,false,0,0,1.8477000000000008,0.8775,-0.02,false,1,SLOW_STRAIGHT,0.17000000178813934,0.17000000178813934,0.10199607973353211,-0.04131298410400317,-3.8444759302925344e-5,-0.01,0.0,0.0,0.0,0.0,0.0,0.050644650870226016,32.45635490434661,false,true,timeout
485,2910,0.2659554879178778,1.0377711953760782,1.562003955216655,0.10200000107324282,-0.1435445120821222,0.008792371578242891,0.10200000107324282,0,,false,0,0,1.8477000000000008,0.8775,-0.02,false,1,SLOW_STRAIGHT,0.17000000178813934,0.17000000178813934,0.1019960585029036,-0.04121005389778906,-3.8652898984946694e-5,-0.01,0.0,0.0,0.0,0.0,0.0,0.05074735170612958,32.50710225605274,false,true,timeout
486,2916,0.26613496652012286,1.0173719847005547,1.561993910278938,0.10200000107301145,-0.1433650334798771,0.00880241651595569,0.10200000107301145,0,,false,0,0,1.8477000000000008,0.8775,-0.02,false,1,SLOW_STRAIGHT,0.17000000178813934,0.17000000178813934,0.10199604948912233,-0.04110706564937257,-3.874126826018476e-5,-0.01,0.0,0.0,0.0,0.0,0.0,0.050850242571489575,32.55795249862423,false,true,timeout
487,2922,0.2663145828801216,0.9969727752374915,1.561989653708664,0.10200000107293063,-0.14318541711987837,0.008806673086236979,0.10200000107293063,0,,false,0,0,1.8477000000000008,0.8775,-0.02,false,1,SLOW_STRAIGHT,0.17000000178813934,0.17000000178813934,0.10199604566642016,-0.041004127351587115,-3.877874542392537e-5,-0.01,0.0,0.0,0.0,0.0,0.0,0.05095313956940912,32.60890563819364,false,true,timeout
488,2928,0.26649425761656,0.9765735662885173,1.5619878499751807,0.10200000107289929,-0.14300574238344005,0.008808476819711388,0.10200000107289929,0,,false,0,0,1.8477000000000008,0.8775,-0.02,false,1,SLOW_STRAIGHT,0.17000000178813934,0.17000000178813934,0.10199604404598495,-0.04090128470927764,-3.879463194169642e-5,-0.01,0.0,0.0,0.0,0.0,0.0,0.05105596470476561,32.659961602898406,false,true,timeout
489,2934,0.2666739570914809,0.9561743575574542,1.5619870856381044,0.10200000107288731,-0.14282604290851908,0.008809241156793275,0.10200000107288731,0,,false,0,0,1.8477000000000008,0.8775,-0.02,false,1,SLOW_STRAIGHT,0.17000000178813934,0.17000000178813934,0.10199604335922222,-0.040798557065812265,-3.880136487927026e-5,-0.01,0.0,0.0,0.0,0.0,0.0,0.05115868492853068,32.71112028782694,false,true,timeout
490,2940,0.26685366704408364,0.9357751489186936,1.561986761748144,0.10200000107288486,-0.14264633295591633,0.008809565046752973,0.10200000107288486,0,,false,0,0,1.8477000000000008,0.8775,-0.02,false,1,SLOW_STRAIGHT,0.17000000178813934,0.17000000178813934,0.10199604306818924,-0.040695952611540284,-3.8804218156485853e-5,-0.01,0.0,0.0,0.0,0.0,0.0,0.05126128623849247,32.76238157406543,false,true,timeout
491,2946,0.26703338143722716,0.9153759403190534,1.5619866244988732,0.10200000107288527,-0.14246661856277282,0.008809702296023285,0.10200000107288527,0,,false,0,0,1.8477000000000008,0.8775,-0.02,false,1,SLOW_STRAIGHT,0.17000000178813934,0.17000000178813934,0.10199604294486145,-0.04059347480942121,-3.880542727227897e-5,-0.01,0.0,0.0,0.0,0.0,0.0,0.05136376270816796,32.8137453367736,false,true,timeout
492,2952,0.2672130975921685,0.8949767317349347,1.5619865892710934,0.10200000107288268,-0.14228690240783148,0.008809737523803518,0.10200000107288268,0,,false,0,0,1.8477000000000008,0.8775,-0.02,false,1,SLOW_STRAIGHT,0.17000000178813934,0.17000000178813934,0.10199604291320387,-0.04049112519363152,-3.8805737619155865e-5,-0.01,0.0,0.0,0.0,0.0,0.0,0.05146611198195319,32.86521144875555,false,true,timeout
493,2958,0.2673928139148487,0.874577523152294,1.5619865892710934,0.10200000107288268,-0.14210718608515127,0.008809737523803518,0.10200000107288268,2,,false,0,0,1.8477000000000008,0.8775,-0.02,false,1,SLOW_STRAIGHT,0.17000000178813934,0.17000000178813934,0.10199604291320387,-0.04038890467407962,-3.8805737619155865e-5,-0.01,0.0,0.0,0.0,0.0,0.0,0.05156833250150509,32.916779781257056,false,true,timeout
494,2964,0.2675725302375289,0.8541783145696532,1.5619865892710934,0.10200000107288268,-0.14192746976247106,0.008809737523803518,0.10200000107288268,2,,false,0,0,1.8477000000000008,0.8775,-0.02,false,1,SLOW_STRAIGHT,0.17000000178813934,0.17000000178813934,0.10199604291320387,-0.040286813346354276,-3.8805737619155865e-5,-0.01,0.0,0.0,0.0,0.0,0.0,0.051670423829230434,32.968450205086285,false,true,timeout
495,2970,0.26775224656020913,0.8337791059870124,1.5619865892710934,0.10200000107288268,-0.14174775343979085,0.008809737523803518,0.10200000107288268,2,,false,0,0,1.8477000000000008,0.8775,-0.02,false,1,SLOW_STRAIGHT,0.17000000178813934,0.17000000178813934,0.10199604291320387,-0.04018485121045547,-3.8805737619155865e-5,-0.01,0.0,0.0,0.0,0.0,0.0,0.05177238596512924,33.020222591051414,false,true,timeout
496,2976,0.26793196288288934,0.8133798974043717,1.5619865892710934,0.10200000107288268,-0.14156803711711063,0.008809737523803518,0.10200000107288268,2,,false,0,0,1.8477000000000008,0.8775,-0.02,false,1,SLOW_STRAIGHT,0.17000000178813934,0.17000000178813934,0.10199604291320387,-0.040083018266383226,-3.8805737619155865e-5,-0.01,0.0,0.0,0.0,0.0,0.0,0.051874218909201485,33.07209680996061,false,true,timeout
497,2982,0.26811167920556955,0.7929806888217309,1.5619865892710934,0.10200000107288268,-0.14138832079443042,0.008809737523803518,0.10200000107288268,2,,false,0,0,1.8477000000000008,0.8775,-0.02,false,1,SLOW_STRAIGHT,0.17000000178813934,0.17000000178813934,0.10199604291320387,-0.039981314514137535,-3.8805737619155865e-5,-0.01,0.0,0.0,0.0,0.0,0.0,0.051975922661447176,33.12407273262206,false,true,timeout
498,2988,0.26829139552824977,0.7725814802390901,1.5619865892710934,0.10200000107288268,-0.1412086044717502,0.008809737523803518,0.10200000107288268,2,,false,0,0,1.8477000000000008,0.8775,-0.02,false,1,SLOW_STRAIGHT,0.17000000178813934,0.17000000178813934,0.10199604291320387,-0.039879739953718386,-3.8805737619155865e-5,-0.01,0.0,0.0,0.0,0.0,0.0,0.052077497221866324,33.17615022984393,false,true,timeout
499,2994,0.26847111185093,0.7521822716564492,1.5619865892710934,0.102000001072886,-0.14102888814907,0.008809737523803518,0.102000001072886,2,,false,0,0,1.8477000000000008,0.8775,-0.02,false,1,SLOW_STRAIGHT,0.17000000178813934,0.17000000178813934,0.10199604291320719,-0.039778294585125794,-3.8805737619155865e-5,-0.01,0.0,0.0,0.0,0.0,0.0,0.052178942590462234,33.22832917243439,false,true,timeout
500,3000,0.2686508281736102,0.7317830630738085,1.5619865892710934,0.10200000107288268,-0.14084917182638979,0.008809737523803518,0.10200000107288268,2,,false,0,0,1.8477000000000008,0.8775,-0.02,false,1,SLOW_STRAIGHT,0.17000000178813934,0.17000000178813934,0.10199604291320387,-0.03967697840835975,-3.8805737619155865e-5,-0.01,0.0,0.0,0.0,0.0,0.0,0.05228025876722496,33.28060943120162,false,true,timeout
501,3006,0.2688305444962904,0.7113838544911677,1.5619865892710934,0.10200000107288268,-0.14066945550370957,0.008809737523803518,0.10200000107288268,2,,false,0,0,1.8477000000000008,0.8775,-0.02,false,1,SLOW_STRAIGHT,0.17000000178813934,0.17000000178813934,0.10199604291320387,-0.039575791423420256,-3.8805737619155865e-5,-0.01,0.0,0.0,0.0,0.0,0.0,0.052381445752164454,33.33299087695378,false,true,timeout
502,3012,0.2690102608189706,0.6909846459085269,1.5619865892710934,0.10200000107288268,-0.14048973918102936,0.008809737523803518,0.10200000107288268,2,,false,0,0,1.8477000000000008,0.8775,-0.02,false,1,SLOW_STRAIGHT,0.17000000178813934,0.17000000178813934,0.10199604291320387,-0.03947473363030731,-3.8805737619155865e-5,-0.01,0.0,0.0,0.0,0.0,0.0,0.052482503545277406,33.38547338049906,false,true,timeout
503,3018,0.2691899771416508,0.6705854373258862,1.5619865892710934,0.10200000107288268,-0.14031002285834915,0.008809737523803518,0.10200000107288268,2,,false,0,0,1.8477000000000008,0.8775,-0.02,false,1,SLOW_STRAIGHT,0.17000000178813934,0.17000000178813934,0.10199604291320387,-0.03937380502902092,-3.8805737619155865e-5,-0.01,0.0,0.0,0.0,0.0,0.0,0.052583432146563795,33.43805681264562,false,true,timeout
504,3024,0.26936969346433104,0.6501862287432454,1.5619865892710934,0.10200000107288268,-0.14013030653566894,0.008809737523803518,0.10200000107288268,2,,false,0,0,1.8477000000000008,0.8775,-0.02,false,1,SLOW_STRAIGHT,0.17000000178813934,0.17000000178813934,0.10199604291320387,-0.03927300561956108,-3.8805737619155865e-5,-0.01,0.0,0.0,0.0,0.0,0.0,0.052684231556023635,33.49074104420164,false,true,timeout
505,3030,0.26954940978701125,0.6297870201606046,1.5619865892710934,0.10200000107288268,-0.13995059021298872,0.008809737523803518,0.10200000107288268,2,,false,0,0,1.8477000000000008,0.8775,-0.02,false,1,SLOW_STRAIGHT,0.17000000178813934,0.17000000178813934,0.10199604291320387,-0.03917233540192779,-3.8805737619155865e-5,-0.01,0.0,0.0,0.0,0.0,0.0,0.05278490177365693,33.5435259459753,false,true,timeout
506,3036,0.26972912610969146,0.6093878115779638,1.5619865892710934,0.10200000107288268,-0.1397708738903085,0.008809737523803518,0.10200000107288268,2,,false,0,0,1.8477000000000008,0.8775,-0.02,false,1,SLOW_STRAIGHT,0.17000000178813934,0.17000000178813934,0.10199604291320387,-0.03907179437612105,-3.8805737619155865e-5,-0.01,0.0,0.0,0.0,0.0,0.0,0.05288544279946366,33.59641138877476,false,true,timeout
507,3042,0.2699088424323717,0.5889886029953231,1.5619865892710934,0.10200000107288268,-0.1395911575676283,0.008809737523803518,0.10200000107288268,2,,false,0,0,1.8477000000000008,0.8775,-0.02,false,1,SLOW_STRAIGHT,0.17000000178813934,0.17000000178813934,0.10199604291320387,-0.038971382542140866,-3.8805737619155865e-5,-0.01,0.0,0.0,0.0,0.0,0.0,0.052985854633443845,33.6493972434082,false,true,timeout
508,3048,0.2700885587550519,0.5685893944126823,1.5619865892710934,0.10200000107288268,-0.13969255609498268,-0.02552020399984488,0.10200000107288268,2,,false,0,0,1.8477000000000008,0.8775,-0.02,false,1,SLOW_STRAIGHT,0.17000000178813934,0.17000000178813934,0.10196678755378077,-0.039028020456699765,-0.00032564040609684927,-0.01,0.0,0.0,0.0,0.0,0.0,0.05261312669098416,33.70201037009919,false,true,timeout
509,3054,0.2702893707480739,0.5481904198968197,1.55467658940778,0.10199990477811645,-0.1406660885058744,-0.06614660408587876,0.10199990477811645,2,,false,0,0,1.8477000000000008,0.8775,-0.02,false,1,SLOW_RIGHT,0.24650000035762787,0.09350000321865082,0.10177684230119045,-0.039573896911084976,-0.0021876866160469963,-0.01,0.0,0.0,0.0,0.0,0.0,0.05001525877405848,33.75202562887325,false,true,timeout
510,3060,0.27116402642275145,0.5278124265857118,1.4937322341762589,0.10199927864242887,-0.14195135048503912,-0.05244969406764234,0.10199927864242887,2,,false,0,0,1.8477000000000008,0.8775,-0.02,false,1,SLOW_RIGHT,0.24650000035762787,0.09350000321865082,0.10185901230398393,-0.04030037180905283,-0.001375485203894638,-0.01,0.0,0.0,0.0,0.0,0.0,0.05018315529103646,33.802208784164286,false,true,timeout
511,3066,0.2736350968527181,0.5075699228177686,1.401782526917326,0.10199883762023049,-0.1427005824839382,-0.016754377015928745,0.10199883762023049,2,,false,0,0,1.8477000000000008,0.8775,-0.02,false,1,SLOW_RIGHT,0.24650000035762787,0.09350000321865082,0.10198452195164998,-0.040726912482510494,-0.0001403545745959407,-0.01,0.0,0.0,0.0,0.0,0.0,0.05111725489454354,33.85332603905883,false,true,timeout
512,3072,0.27810271838762346,0.4876747790829796,1.2966942155682684,0.1019986191871131,-0.14256497233436904,0.03313488790078364,0.1019986191871131,2,,false,0,0,1.8477000000000008,0.8775,-0.02,false,1,SLOW_RIGHT,0.24650000035762787,0.09350000321865082,0.1019426311073396,-0.04064954267339882,-0.0005489603980987489,-0.01,0.0,0.0,0.0,0.0,0.0,0.05074412803584203,33.90407016709467,false,true,timeout
513,3078,0.2846737380092262,0.4683720988314417,1.1933483840851815,0.10199917971810835,-0.14140944794396393,0.052567508079539124,0.10199917971810835,2,,false,0,0,1.8477000000000008,0.8775,-0.02,false,1,SLOW_STRAIGHT,0.17000000178813934,0.17000000178813934,0.10185828281330003,-0.03999326393563329,-0.0013816714528462055,-0.01,0.0,0.0,0.0,0.0,0.0,0.05048334742482054,33.954553514519496,false,true,timeout
514,3084,0.2927494370184077,0.44964111115097216,1.1412776558984563,0.10199985358485429,-0.14006148213903943,0.05980492962272157,0.10199985358485429,2,,false,0,0,1.8477000000000008,0.8775,-0.02,false,1,SLOW_STRAIGHT,0.17000000178813934,0.17000000178813934,0.10181750009735245,-0.039234437557968925,-0.0017883148035893399,-0.01,0.0,0.0,0.0,0.0,0.0,0.05079474773579419,34.00534826225529,false,true,timeout
515,3090,0.30147656056677874,0.4312025486414188,1.1192125401169923,0.10199997458897724,-0.1393137389093324,0.014642950588574658,0.10199997458897724,2,,false,0,0,1.8477000000000008,0.8775,-0.02,false,1,SLOW_STRAIGHT,0.17000000178813934,0.17000000178813934,0.10198903957099159,-0.038816635697795275,-0.00010720800096971946,-0.01,0.0,0.0,0.0,0.0,0.0,0.053065195872226585,34.05841345812752,false,true,timeout
516,3096,0.310476382037398,0.41289516715185837,1.1098623859823409,0.10199999631726189,-0.1397073293697216,-0.053920354291957295,0.10199999631726189,2,,false,0,0,1.8477000000000008,0.8775,-0.02,false,1,SLOW_STRAIGHT,0.17000000178813934,0.17000000178813934,0.10185175460943384,-0.03903627575923976,-0.0014537023034850987,-0.01,0.0,0.0,0.0,0.0,0.0,0.05136177654670899,34.109775234674224,false,true,timeout
517,3102,0.3196099710047978,0.3946541620492523,1.0985902323189993,0.1019998857879194,-0.14143747979813087,-0.11654782373120828,0.1019998857879194,2,,false,0,0,1.8477000000000008,0.8775,-0.02,false,1,SLOW_RIGHT,0.24650000035762787,0.09350000321865082,0.10130791721338749,-0.04000912138329336,-0.006791697608240398,-0.01,0.0,0.0,0.0,0.0,0.0,0.04450709822185373,34.15428233289608,false,true,timeout
518,3108,0.32938747513840594,0.37675385649684334,1.035966903403307,0.10199925743893193,-0.14394712314524566,-0.12236945877456101,0.10199925743893193,2,,false,0,0,1.8477000000000008,0.8775,-0.02,false,1,SLOW_RIGHT,0.24650000035762787,0.09350000321865082,0.10123652698371202,-0.04144154852358504,-0.0074871422203894936,-0.01,0.0,0.0,0.0,0.0,0.0,0.04230783623973749,34.19659016913582,false,true,timeout
519,3114,0.34055703946647975,0.3596921602910177,0.9433057263795875,0.10199882627277318,-0.14635662264896326,-0.10716989603667962,0.10199882627277318,2,,false,0,0,1.8477000000000008,0.8775,-0.02,false,1,SLOW_RIGHT,0.24650000035762787,0.09350000321865082,0.10141363870959409,-0.042840521986422055,-0.005742693308256359,-0.01,0.0,0.0,0.0,0.0,0.0,0.04283042341491568,34.23942059255073,false,true,timeout
520,3120,0.35337121247758474,0.3438311647150214,0.8379159277404207,0.1019986139543908,-0.14825519545612675,-0.0798547026007979,0.1019986139543908,2,,false,0,0,1.8477000000000008,0.8775,-0.02,false,1,SLOW_RIGHT,0.24650000035762787,0.09350000321865082,0.10167357570343445,-0.04395920595946869,-0.0031883867637309393,-0.01,0.0,0.0,0.0,0.0,0.0,0.044525982980234816,34.28394657553096,false,true,timeout
521,3126,0.3678262681826176,0.32945112314721614,0.7271323403169652,0.101998518666856,-0.14946667296900312,-0.03908175040673944,0.101998518666856,0,,false,0,0,1.8477000000000008,0.8775,-0.02,false,1,SLOW_RIGHT,0.24650000035762787,0.09350000321865082,0.10192063316835415,-0.04468057265684586,-0.0007636916074273392,-0.01,0.0,0.0,0.0,0.0,0.0,0.046476368904080946,34.33042294443504,false,true,timeout
522,3132,0.3837986768265652,0.31677836300521056,0.6140631199060219,0.1019984773337383,-0.1499011369313511,-0.0026685574440045074,0.1019984773337383,0,,false,0,0,1.8477000000000008,0.8775,-0.02,false,1,SLOW_RIGHT,0.24650000035762787,0.09350000321865082,0.101998114158235,-0.04494070170662334,-3.5605994159759348e-6,-0.01,0.0,0.0,0.0,0.0,0.0,0.047053851852195676,34.37747679628724,false,true,timeout
523,3138,0.401104724875784,0.30599829592375527,0.500025356164515,0.10199845964727351,-0.149503263816112,0.044073980302074836,0.10199845964727351,0,,false,0,0,1.8477000000000008,0.8775,-0.02,false,1,SLOW_RIGHT,0.24650000035762787,0.09350000321865082,0.1018994088761611,-0.04470245178333997,-0.0009712578698338404,-0.01,0.0,0.0,0.0,0.0,0.0,0.04622569922298728,34.42370249551023,false,true,timeout
524,3144,0.419518801315378,0.2972424145724464,0.3928871693582617,0.10199912823816196,-0.14825523211085928,0.07898587105414283,0.10199912823816196,0,,false,0,0,1.8477000000000008,0.8775,-0.02,false,1,SLOW_STRAIGHT,0.17000000178813934,0.17000000178813934,0.10168111918202838,-0.04395922769648952,-0.003119383913090839,-0.01,0.0,0.0,0.0,0.0,0.0,0.04460250757244801,34.468305003082676,false,true,timeout
525,3150,0.43859181040866324,0.2900118338561233,0.3392094200638221,0.10199984434074823,-0.1467614944034201,0.06366352643372052,0.10199984434074823,0,,false,0,0,1.8477000000000008,0.8775,-0.02,false,1,SLOW_STRAIGHT,0.17000000178813934,0.17000000178813934,0.101793209187635,-0.04307787247905022,-0.0020265222989885156,-0.01,0.0,0.0,0.0,0.0,0.0,0.04668881440959626,34.514993817492275,false,true,timeout
526,3156,0.4579151600191959,0.28347345609572305,0.31646332462181215,0.10199997292904413,-0.1459024093927458,0.021033959624703127,0.10199997292904413,0,,false,0,0,1.8477000000000008,0.8775,-0.02,false,1,SLOW_STRAIGHT,0.17000000178813934,0.17000000178813934,0.10197740996659166,-0.042575026133216794,-0.00022121372874682067,-0.01,0.0,0.0,0.0,0.0,0.0,0.049181170104628046,34.5641749875969,false,true,timeout
527,3162,0.47733657131661217,0.27723121304017595,0.3068246034634602,0.10199999601919478,-0.14604632696499642,-0.030843588862365504,0.10199999601919478,0,,false,0,0,1.8477000000000008,0.8775,-0.02,false,1,SLOW_STRAIGHT,0.17000000178813934,0.17000000178813934,0.10195148219164454,-0.04265905923993328,-0.00047566348695531865,-0.01,0.0,0.0,0.0,0.0,0.0,0.04881675946475594,34.612991747061656,false,true,timeout
528,3168,0.49680433507339955,0.2711350817237723,0.2954301687218546,0.10199988517467358,-0.14728486991752168,-0.08255315002247873,0.10199988517467358,0,,false,0,0,1.8477000000000008,0.8775,-0.02,false,1,SLOW_RIGHT,0.24650000035762787,0.09350000321865082,0.10165251675863891,-0.04338566581324257,-0.0034075112893169404,-0.01,0.0,0.0,0.0,0.0,0.0,0.044859339656079404,34.657851086717734,false,true,timeout
529,3174,0.5164745820327883,0.265740483679445,0.23275502285941038,0.10199925677966235,-0.14895563030830358,-0.07312708435052337,0.10199925677966235,0,,false,0,0,1.8477000000000008,0.8775,-0.02,false,1,SLOW_RIGHT,0.24650000035762787,0.09350000321865082,0.10172665418574761,-0.044375559601088015,-0.00267378523280428,-0.01,0.0,0.0,0.0,0.0,0.0,0.044677309351855314,34.70252839606959,false,true,timeout
530,3180,0.5365081893071776,0.26193061691749575,0.140071888260498,0.10199882592168621,-0.15008564731858193,-0.03463283604253352,0.10199882592168621,0,,false,0,0,1.8477000000000008,0.8775,-0.02,false,1,SLOW_RIGHT,0.24650000035762787,0.09350000321865082,0.10193766163975727,-0.045051403062075515,-0.0005997166661745044,-0.01,0.0,0.0,0.0,0.0,0.0,0.04628654191150725,34.748814937981095,false,true,timeout
531,3186,0.5568198019732518,0.2601382625231974,0.0346727850378196,0.10199861379273982,-0.1501864135754846,0.025296629315125177,0.10199861379273982,0,,false,0,0,1.8477000000000008,0.8775,-0.02,false,1,SLOW_RIGHT,0.24650000035762787,0.09350000321865082,0.10196598008438136,-0.045111917645333004,-0.00031995972735342524,-0.01,0.0,0.0,0.0,0.0,0.0,0.04653410271169493,34.79534904069279,false,true,timeout
532,3192,0.5772064177495116,0.26053411835389895,-0.06880474536545098,0.10199917795656252,-0.14902627810397368,0.08669548044359085,0.10199917795656252,0,,false,0,0,1.8477000000000008,0.8775,-0.02,false,1,SLOW_STRAIGHT,0.17000000178813934,0.17000000178813934,0.10161609965135199,-0.04441766313104581,-0.0037580531646725216,-0.01,0.0,0.0,0.0,0.0,0.0,0.043440383355633654,34.83878942404842,false,true,timeout
533,3198,0.5975053586545579,0.2625390154213212,-0.12093128133561507,0.10199985326854152,-0.1469609845786788,0.12093128133561466,0.10199985326854152,0,,false,0,0,1.8477000000000008,0.8775,-0.02,false,1,SLOW_STRAIGHT,0.17000000178813934,0.17000000178813934,0.10125491973953966,-0.04319506197666933,-0.007312187402736791,-0.01,0.0,0.0,0.0,0.0,0.0,0.04074767036013354,34.879537094408555,false,true,timeout
534,3204,0.6177234528805098,0.2652541402481192,-0.14302004582040953,0.10199997453217748,-0.14424585975188076,0.14302004582040992,0.10199997453217748,0,,false,0,0,1.8477000000000008,0.8775,-0.02,false,1,SLOW_STRAIGHT,0.17000000178813934,0.17000000178813934,0.10095856035492821,-0.04161373611111851,-0.010227366753236076,-0.01,0.0,0.0,0.0,0.0,0.0,0.039117457490573625,34.91865455189913,false,true,timeout
535,3210,0.6401400543157573,0.26861121524473996,-0.1523802211588204,0.1459999932677441,-0.14088878475525995,0.1523802211588201,0.1459999932677441,0,,false,0,0,1.8477000000000008,0.8775,-0.02,false,1,FAST_STRAIGHT,0.4099999964237213,0.4099999964237213,0.1443082302521208,-0.03969929933962794,-0.011609865900205463,-0.01,0.0,0.0,0.0,0.0,0.0,0.08299906501228742,35.00165361691142,false,true,timeout
536,3216,0.677799606428724,0.27448547706018855,-0.1563466214717988,0.21251019915178643,-0.13501452293981137,0.15634662147179854,0.21251019915178643,0,,false,0,0,1.8477000000000008,0.8775,-0.02,false,1,FAST_STRAIGHT,0.4099999964237213,0.4099999964237213,0.20991815773448794,-0.0364578428093297,-0.012222133022822927,-0.01,0.0,0.0,0.0,0.0,0.0,0.1512381819023353,35.152891798813755,false,true,timeout
537,3222,0.7227255451439936,0.2816118600526192,-0.15802739462764295,0.23478433227274303,-0.1278881399473808,0.1580273946276428,0.23478433227274303,0,,false,0,0,1.8477000000000008,0.8775,-0.02,false,1,FAST_STRAIGHT,0.4099999964237213,0.4099999964237213,0.23185883365245766,-0.03271075267840171,-0.012486328726400372,-0.01,0.0,0.0,0.0,0.0,0.0,0.17666175224765557,35.32955355106141,false,true,timeout
538,3228,0.7700816520180094,0.2891780935752368,-0.15873962692355179,0.2422438941967927,-0.12032190642476309,0.15873962692355173,0.2422438941967927,0,,false,0,0,1.8477000000000008,0.8775,-0.02,false,1,FAST_STRAIGHT,0.4099999964237213,0.4099999964237213,0.2391982342854197,-0.028954722331378892,-0.012599134577914195,-0.01,0.0,0.0,0.0,0.0,0.0,0.1876443773761266,35.51719792843753,false,true,timeout
539,3234,0.8182506180143413,0.2968977868829672,-0.15904143733834314,0.24474208634921246,-0.11260221311703283,0.1590414373383429,0.24474208634921246,0,,false,1,0,1.8477000000000008,0.8775,-0.02,false,1,FAST_STRAIGHT,0.4099999964237213,0.4099999964237213,0.24165333017591992,-0.025358516797707363,-0.012647089395323025,-0.01,0.0,0.0,0.0,0.0,0.0,0.1936477239828895,35.710845652420424,false,true,timeout
540,3240,0.8666914456232632,0.30467112151055664,-0.15916933034038727,0.2455787258381973,-0.10482887848944333,0.15916933034038724,0.2455787258381973,0,,false,1,0,1.8477000000000008,0.8775,-0.02,false,1,FAST_STRAIGHT,0.4099999964237213,0.4099999964237213,0.2424744348015505,-0.02197818753070895,-0.01266743786050366,-0.01,0.0,0.0,0.0,0.0,0.0,0.19782880941033787,35.90867446183076,false,true,timeout
541,3246,0.9152231739252239,0.3124633220032429,-0.1592235253554372,0.2458589147087638,-0.09703667799675708,0.15922352535543685,0.2458589147087638,2,,false,1,0,1.8477000000000008,0.8775,-0.02,false,1,FAST_STRAIGHT,0.4099999964237213,0.4099999964237213,0.24274896964706502,-0.01883223375329264,-0.01267606551330672,-0.01,0.0,0.0,0.0,0.0,0.0,0.20124067038046564,36.10991513221123,false,true,timeout
542,3252,0.9615472969940267,0.31990278550111473,-0.15924649064368065,0.20195275037781815,-0.08959721449888525,0.15924649064368032,0.20195275037781815,2,,false,1,0,1.8477000000000008,0.8775,-0.02,false,1,SLOW_STRAIGHT,0.17000000178813934,0.17000000178813934,0.19939745249889618,-0.016055321691918506,-0.012679722391163882,-0.01,0.0,0.0,0.0,0.0,0.0,0.16066240841581378,36.270577540627045,false,true,timeout
543,3258,0.9926287547772419,0.32489483414526577,-0.1592562222483978,0.1354739745787599,-0.08460516585473421,0.15925622224839764,0.1354739745787599,2,,false,1,0,1.8477000000000008,0.8775,-0.02,false,1,SLOW_STRAIGHT,0.17000000178813934,0.17000000178813934,0.13375962020146007,-0.014316068178614166,-0.012681272162415512,-0.01,0.0,0.0,0.0,0.0,0.0,0.09676227986043039,36.36733982048747,false,true,timeout
544,3264,1.0164342400651425,0.32871844150601004,-0.15926034604294229,0.11321036707145606,-0.08078155849398994,0.15926034604294237,0.11321036707145606,2,,false,1,0,1.8477000000000008,0.8775,-0.02,false,1,SLOW_STRAIGHT,0.17000000178813934,0.17000000178813934,0.11177767330859482,-0.013051320385435834,-0.012681928910858875,-0.01,0.0,0.0,0.0,0.0,0.0,0.07604442401230012,36.443384244499775,false,true,timeout
545,3270,1.0378030185553913,0.33215072984923144,-0.1592620935123412,0.10575432996365075,-0.07734927015076853,0.15926209351234108,0.10575432996365075,2,,false,1,0,1.8477000000000008,0.8775,-0.02,false,1,SLOW_STRAIGHT,0.17000000178813934,0.17000000178813934,0.10441596413392625,-0.011965819185713144,-0.012682207214966837,-0.01,0.0,0.0,0.0,0.0,0.0,0.06976793773324627,36.51315218223302,false,true,timeout
546,3276,1.058355748575655,0.3354519680733863,-0.15926283400735539,0.1032573182221935,-0.07404803192661369,0.15926283400735566,0.1032573182221935,2,,false,1,0,1.8477000000000008,0.8775,-0.02,false,1,SLOW_STRAIGHT,0.17000000178813934,0.17000000178813934,0.10195054100743499,-0.0109662220644096,-0.012682325148027262,-0.01,0.0,0.0,0.0,0.0,0.0,0.06830199379499813,36.58145417602802,false,true,timeout
547,3282,1.0786351853475205,0.3387093195395967,-0.15926314779417566,0.10242107404223265,-0.07079068046040327,0.15926314779417572,0.10242107404223265,2,,false,1,0,1.8477000000000008,0.8775,-0.02,false,1,SLOW_STRAIGHT,0.17000000178813934,0.17000000178813934,0.10112487485305785,-0.010022640880093841,-0.01268237512265473,-0.01,0.0,0.0,0.0,0.0,0.0,0.06841985885030928,36.64987403487833,false,true,timeout
548,3288,1.0988230966345958,0.3419519742216157,-0.15926328076221274,0.10214101755835207,-0.06754802577838426,0.15926328076221286,0.10214101755835207,2,,false,1,0,1.8477000000000008,0.8775,-0.02,false,1,SLOW_STRAIGHT,0.17000000178813934,0.17000000178813934,0.10084836049550275,-0.009125471573114528,-0.01268239629957172,-0.01,0.0,0.0,0.0,0.0,0.0,0.06904049262281652,36.71891452750115,false,true,timeout
549,3294,1.1189803561930471,0.3451897071605974,-0.159263305098621,0.10204722720854591,-0.0643102928394026,0.15926330509862088,0.10204722720854591,2,,false,1,0,1.8477000000000008,0.8775,-0.02,false,1,SLOW_STRAIGHT,0.17000000178813934,0.17000000178813934,0.1007557567260959,-0.008271627530179433,-0.0126824001754682,-0.01,0.0,0.0,0.0,0.0,0.0,0.06980172902044826,36.788716256521596,false,true,timeout
550,3300,1.1391273506267954,0.3484257913372011,-0.159263305098621,0.10201581701016069,-0.061074208662798946,0.15926330509862088,0.10201581701016069,2,,false,1,0,1.8477000000000008,0.8775,-0.02,false,1,SLOW_STRAIGHT,0.17000000178813934,0.17000000178813934,0.10072474404310792,-0.0074601179275742115,-0.0126824001754682,-0.01,0.0,0.0,0.0,0.0,0.0,0.07058222594006551,36.85929848246166,false,true,timeout
551,3306,1.159270907294177,0.3516613233271557,-0.159263305098621,0.10200529779827945,-0.057838676672844314,0.15926330509862088,0.10200529779827945,2,,false,1,0,1.8477000000000008,0.8775,-0.02,false,1,SLOW_STRAIGHT,0.17000000178813934,0.17000000178813934,0.10071435795832887,-0.00669062503853165,-0.0126824001754682,-0.01,0.0,0.0,0.0,0.0,0.0,0.07134133274432901,36.93063981520599,false,true,timeout
552,3312,1.1794133126605577,0.3548966703909191,-0.159263305098621,0.10200177493550448,-0.05471403712463748,0.1373107443763742,0.10200177493550448,2,,false,1,0,1.8477000000000008,0.8775,-0.02,false,1,SLOW_STRAIGHT,0.17000000178813934,0.17000000178813934,0.10104170181362546,-0.005987251716952417,-0.009427120260596989,-0.01,0.0,0.0,0.0,0.0,0.0,0.07562732983607606,37.00626714504207,false,true,timeout
553,3318,1.1995553324585628,0.3581319555232749,-0.159263305098621,0.10200059513588568,-0.05252447699631705,0.07699696362562582,0.10200059513588568,2,,false,1,0,1.8477000000000008,0.8775,-0.02,false,1,SLOW_STRAIGHT,0.17000000178813934,0.17000000178813934,0.10169838756717378,-0.005517641367473278,-0.0029642662037829724,-0.01,0.0,0.0,0.0,0.0,0.0,0.08321647999591754,37.089483625037985,false,true,timeout
554,3324,1.2196972231304988,0.3613672199149278,-0.159263305098621,0.10200020002337717,-0.05157713317637274,0.014861559426604156,0.10200020002337717,2,,false,1,0,1.8477000000000008,0.8775,-0.02,false,1,SLOW_STRAIGHT,0.17000000178813934,0.17000000178813934,0.10198893604523128,-0.005320401333386579,-0.00011043297429524343,-0.01,0.0,0.0,0.0,0.0,0.0,0.08655810173754945,37.17604172677554,false,true,timeout
555,3330,1.2420770511129517,0.3649619500096466,-0.159263305098621,0.14600006671752763,-0.0522064086073312,-0.07034946447651332,0.14600006671752763,2,,false,1,0,1.8477000000000008,0.8775,-0.02,false,1,FAST_STRAIGHT,0.4099999964237213,0.4099999964237213,0.1456389350853132,-0.005451018199351251,-0.0024745235760661043,-0.01,0.0,0.0,0.0,0.0,0.0,0.1277133933098958,37.303755120085434,false,true,timeout
556,3336,1.2774716755870585,0.37064716447546386,-0.159263305098621,0.16851022423184742,-0.05736526410691186,-0.22360267122114488,0.16851022423184742,2,,false,1,0,1.8477000000000008,0.8775,-0.02,false,1,SLOW_STRAIGHT,0.17000000178813934,0.17000000178813934,0.16431514673911002,-0.0065815470521115,-0.024999077288615706,-0.01,0.0,0.0,0.0,0.0,0.0,0.12273452239838283,37.426489642483816,false,true,timeout
557,3342,1.3048887115020344,0.37507721454759557,-0.16657330497620226,0.12427402291434607,-0.0651594061268867,-0.341041195242373,0.12427402291434607,2,,false,1,0,1.8477000000000008,0.8775,-0.02,false,1,SLOW_RIGHT,0.24650000035762787,0.09350000321865082,0.11711670033928061,-0.00849149641361712,-0.05815454842617318,-0.01,0.0,0.0,0.0,0.0,0.0,0.04047065549949031,37.466960297983306,false,true,timeout
558,3348,1.3273306123984514,0.3794579378311518,-0.22751766023253614,0.10945878994741916,-0.0733938476538333,-0.3838769022295449,0.10945878994741916,2,,false,1,0,1.8477000000000008,0.8775,-0.02,false,1,SLOW_RIGHT,0.24650000035762787,0.09350000321865082,0.10149233955875873,-0.010773313746868185,-0.07368073803267579,-0.01,0.0,0.0,0.0,0.0,0.0,0.007038287779214761,37.47399858576252,false,true,timeout
559,3354,1.3477720560267292,0.3851508303312676,-0.31946736750198357,0.10449700206174076,-0.0814654340931178,-0.3918478733464311,0.10449700206174076,2,,false,1,0,1.8477000000000008,0.8775,-0.02,false,1,SLOW_RIGHT,0.24650000035762787,0.09350000321865082,0.09657664563610054,-0.013273233903960239,-0.07677237792306037,-0.01,0.0,0.0,0.0,0.0,0.0,-0.0034689661909200666,37.4705296195716,false,true,timeout
560,3360,1.367031656171905,0.39264808380751015,-0.4245556788554969,0.10283524761232476,-0.08921403587440005,-0.3725606981443454,0.10283524761232476,0,,false,1,0,1.8477000000000008,0.8775,-0.02,false,1,SLOW_RIGHT,0.24650000035762787,0.09350000321865082,0.09578057500542186,-0.01591828839399748,-0.06940073690090102,-0.01,0.0,0.0,0.0,0.0,0.0,0.0004615497105233627,37.47099116928212,false,true,timeout
561,3366,1.3852035048503082,0.402098356383068,-0.5352115102037784,0.10227870585742235,-0.09654032407359997,-0.35526692660999937,0.10227870585742235,0,,false,1,0,1.8477000000000008,0.8775,-0.02,false,1,SLOW_RIGHT,0.24650000035762787,0.09350000321865082,0.09589177647917511,-0.018640068344471412,-0.06310729457145733,-0.01,0.0,0.0,0.0,0.0,0.0,0.004144413563246361,37.47513558284537,false,true,timeout
562,3372,1.4021534388185148,0.41348622921434286,-0.6482265936228133,0.10209231163519614,-0.10334786559989748,-0.32629041870071934,0.10209231163519614,0,,false,1,0,1.8477000000000008,0.8775,-0.02,false,1,SLOW_RIGHT,0.24650000035762787,0.09350000321865082,0.09670570641964361,-0.021361562648108946,-0.05323271866794537,-0.01,0.0,0.0,0.0,0.0,0.0,0.0121114251035893,37.48724700794896,false,true,timeout
563,3378,1.4176874578933971,0.4267084681588662,-0.7622414166635446,0.1020298846493836,-0.10954830847921668,-0.29370061502684036,0.1020298846493836,0,,false,1,0,1.8477000000000008,0.8775,-0.02,false,1,SLOW_RIGHT,0.24650000035762787,0.09350000321865082,0.0976608749446888,-0.024001663781315234,-0.04313002563357214,-0.01,0.0,0.0,0.0,0.0,0.0,0.020529185529801423,37.50777619347876,false,true,timeout
564,3384,1.431607936215746,0.4416104233971263,-0.8766798821473952,0.10200897632839061,-0.11505289027695006,-0.2571756085581755,0.10200897632839061,0,,false,1,0,1.8477000000000008,0.8775,-0.02,false,1,SLOW_RIGHT,0.24650000035762787,0.09350000321865082,0.09865412742891101,-0.026474335122159822,-0.03306964681863396,-0.01,0.0,0.0,0.0,0.0,0.0,0.029110145488117224,37.53688633896688,false,true,timeout
565,3390,1.44373263469391,0.45800383149934265,-0.9912978672938837,0.10200197347864653,-0.11977293831859287,-0.2097847182272941,0.10200197347864653,0,,false,2,0,1.8477000000000008,0.8775,-0.02,false,1,SLOW_RIGHT,0.24650000035762787,0.09350000321865082,0.09976565871865425,-0.028691113506938905,-0.022004814000852593,-0.01,0.0,0.0,0.0,0.0,0.0,0.03906973121086276,37.575956070177746,false,true,timeout
566,3396,1.4539017441809468,0.4756761016755213,-1.1059919243963268,0.10199962794450433,-0.12351271008750578,-0.13992396776839244,0.10199962794450433,0,,false,2,0,1.8477000000000008,0.8775,-0.02,false,1,SLOW_RIGHT,0.24650000035762787,0.09350000321865082,0.10100274509948698,-0.030510779106320503,-0.009789358378025064,-0.01,0.0,0.0,0.0,0.0,0.0,0.050702607615141414,37.62665867779289,false,true,timeout
567,3402,1.4619811266944431,0.4943959482364042,-1.220718217201521,0.10199884230544151,-0.1264822166003296,-0.11480787930062061,0.10199884230544151,0,,false,2,0,1.8477000000000008,0.8775,-0.02,false,1,SLOW_RIGHT,0.24650000035762787,0.09350000321865082,0.1013273646686355,-0.03199550223226538,-0.0065904245747529355,-0.01,0.0,0.0,0.0,0.0,0.0,0.052741437861617176,37.67940011565451,false,true,timeout
568,3408,1.4678642678421632,0.5139175791412689,-1.3354581699753436,0.10199857914381472,-0.12828050062156166,-0.06014143648516922,0.10199857914381472,0,,false,2,0,1.8477000000000008,0.8775,-0.02,false,1,SLOW_RIGHT,0.24650000035762787,0.09350000321865082,0.10181417069563665,-0.03291177367943696,-0.0018084961912498215,-0.01,0.0,0.0,0.0,0.0,0.0,0.057093900824949854,37.73649401647946,false,true,timeout
569,3414,1.4714736538185393,0.5339843806432154,-1.4502039111988358,0.10199849098919228,-0.1289142339357349,-0.000818364483500665,0.10199849098919228,0,,false,2,0,1.8477000000000008,0.8775,-0.02,false,1,SLOW_RIGHT,0.24650000035762787,0.09350000321865082,0.10199845683395767,-0.03323775942247476,-3.348602139276551e-7,-0.01,0.0,0.0,0.0,0.0,0.0,0.05876036255126898,37.79525437903073,false,true,timeout
570,3420,1.4727828368254934,0.5543320499179776,-1.557642105430656,0.10199913894660538,-0.12831222449009058,0.0556306193018313,0.10199913894660538,0,,false,2,0,1.8477000000000008,0.8775,-0.02,false,1,SLOW_STRAIGHT,0.17000000178813934,0.17000000178813934,0.10184134792313848,-0.0329280539071908,-0.0015473829019526427,-0.01,0.0,0.0,0.0,0.0,0.0,0.057365911113995034,37.85262029014473,false,true,timeout
571,3426,1.4724270239926096,0.5747265091683702,-1.6114469837054448,0.10199984856997754,-0.12703918687112836,0.06260321763279517,0.10199984856997754,0,,false,2,0,1.8477000000000008,0.8775,-0.02,false,1,SLOW_STRAIGHT,0.17000000178813934,0.17000000178813934,0.10180003683164517,-0.03227791000175494,-0.0019595814289895576,-0.01,0.0,0.0,0.0,0.0,0.0,0.05756254540090067,37.910182835545626,false,true,timeout
572,3432,1.4713337845508188,0.595096756824671,-1.6342469504061883,0.10199997446086034,-0.12583378455081884,0.06345062361129226,0.10199997446086034,0,,false,2,0,1.8477000000000008,0.8775,-0.02,false,1,SLOW_STRAIGHT,0.17000000178813934,0.17000000178813934,0.10179471832578416,-0.031668282668763786,-0.0020129908183309396,-0.01,0.0,0.0,0.0,0.0,0.0,0.05811344483868943,37.968296280384315,false,true,timeout
573,3438,1.4699284230066512,0.6154482129510628,-1.6439084996601447,0.10199999655292735,-0.12442842300665125,0.07311217286524756,0.10199999655292735,0,,false,2,0,1.8477000000000008,0.8775,-0.02,false,1,SLOW_STRAIGHT,0.17000000178813934,0.17000000178813934,0.10172750309569333,-0.030964864903844275,-0.0026726949105389205,-0.01,0.0,0.0,0.0,0.0,0.0,0.058089943281310126,38.026386223665625,false,true,timeout
574,3444,1.468390897419272,0.6357901757413051,-1.6480026080073988,0.10200000034787866,-0.12289089741927217,0.07720628121250193,0.10200000034787866,0,,false,2,0,1.8477000000000008,0.8775,-0.02,false,1,SLOW_STRAIGHT,0.17000000178813934,0.17000000178813934,0.10169615002187962,-0.030204345337028152,-0.0029804049293319645,-0.01,0.0,0.0,0.0,0.0,0.0,0.05851139975551951,38.08489762342114,false,true,timeout
575,3450,1.4667973871674667,0.6561278410747011,-1.649737497797687,0.10200000097170965,-0.12129738716746696,0.078941171002791,0.10200000097170965,0,,false,2,0,1.8477000000000008,0.8775,-0.02,false,1,SLOW_STRAIGHT,0.17000000178813934,0.17000000178813934,0.10168234884726957,-0.02942611226730876,-0.003115854239645945,-0.01,0.0,0.0,0.0,0.0,0.0,0.05914038234031486,38.14403800576146,false,true,timeout
576,3456,1.4649999138048526,0.67872312490813,-1.6504726621678396,0.1460000000682737,-0.1194999138048527,0.07967633537294272,0.1460000000682737,0,,false,2,0,1.8477000000000008,0.8775,-0.02,false,1,FAST_STRAIGHT,0.4099999964237213,0.4099999964237213,0.14553681793694506,-0.028560458798734447,-0.0031741592092308217,-0.01,0.0,0.0,0.0,0.0,0.0,0.1038021999289798,38.24784020569044,false,true,timeout
577,3462,1.4619592340624106,0.7167166098256774,-1.6507841901128237,0.2125102009307655,-0.11645923406241043,0.07998786331792652,0.2125102009307655,0,,false,2,0,1.8477000000000008,0.8775,-0.02,false,1,FAST_STRAIGHT,0.4099999964237213,0.4099999964237213,0.21183073699237936,-0.027125506396806595,-0.0031990291390836477,-0.01,0.0,0.0,0.0,0.0,0.0,0.1715062014564891,38.419346407146925,false,true,timeout
578,3468,1.4583212066067055,0.7620585389454311,-1.6509162009452933,0.23478433262662937,-0.11282120660670558,0.08011987415039658,0.23478433262662937,0,,false,2,0,1.8477000000000008,0.8775,-0.02,false,1,FAST_STRAIGHT,0.4099999964237213,0.4099999964237213,0.23403117252895292,-0.025457249320385896,-0.003209597116937693,-0.01,0.0,0.0,0.0,0.0,0.0,0.19536432609162932,38.61471073323855,false,true,timeout
579,3474,1.4544815013104715,0.8098613161323868,-1.6509721409024303,0.24224389426270931,-0.1089815013104718,0.08017581410753374,0.24224389426270931,0,,false,2,0,1.8477000000000008,0.8775,-0.02,false,1,FAST_STRAIGHT,0.4099999964237213,0.4099999964237213,0.24146571985214843,-0.023753935255768733,-0.0032140805839029033,-0.01,0.0,0.0,0.0,0.0,0.0,0.20449770401247677,38.81920843725103,false,true,timeout
580,3480,1.4505737663618836,0.8584881870504604,-1.6509958456147324,0.24474208636129208,-0.10507376636188392,0.08019951881983563,0.24474208636129208,0,,false,2,0,1.8477000000000008,0.8775,-0.02,false,1,FAST_STRAIGHT,0.4099999964237213,0.4099999964237213,0.24395542214665805,-0.02208099275494354,-0.0032159814094665845,-0.01,0.0,0.0,0.0,0.0,0.0,0.20865844798224792,39.02786688523327,false,true,timeout
581,3486,1.4466430701498216,0.9073910309472335,-1.6510058905524494,0.2455787258404135,-0.10114307014982171,0.08020956375755266,0.2455787258404135,2,,false,0,0,1.8477000000000008,0.8775,-0.02,false,1,FAST_STRAIGHT,0.4099999964237213,0.4099999964237213,0.24478917481226656,-0.020459841278663512,-0.0032167870590884525,-0.01,0.0,0.0,0.0,0.0,0.0,0.21111254647451458,39.23897943170779,false,true,timeout
582,3492,1.4427046127699659,0.9563862918868802,-1.6510101471227234,0.2458589147091762,-0.09720461276996595,0.08021382032782713,0.2458589147091762,2,,false,0,0,1.8477000000000008,0.8775,-0.02,false,1,FAST_STRAIGHT,0.4099999964237213,0.4099999964237213,0.24506837900340342,-0.018897473487518055,-0.0032171284857924667,-0.01,0.0,0.0,0.0,0.0,0.0,0.21295377703009288,39.451933208737884,false,true,timeout
583,3498,1.438763526470703,1.005412500717565,-1.6510119508562067,0.2459527493944109,-0.09326352647070313,0.08021562406130953,0.2459527493944109,2,,false,0,0,1.8477000000000008,0.8775,-0.02,false,1,FAST_STRAIGHT,0.4099999964237213,0.4099999964237213,0.24516187642446352,-0.017396170739503086,-0.00321727317177267,-0.01,0.0,0.0,0.0,0.0,0.0,0.21454843251318775,39.666481641251075,false,true,timeout
584,3504,1.4348215472372388,1.0544490729282323,-1.651012715193283,0.24598417444064033,-0.08932154723723884,0.08021638839838617,0.24598417444064033,2,,false,0,0,1.8477000000000008,0.8775,-0.02,false,1,FAST_STRAIGHT,0.4099999964237213,0.4099999964237213,0.24519318535630652,-0.015956677601708578,-0.003217334483840372,-0.01,0.0,0.0,0.0,0.0,0.0,0.21601917327075756,39.88250081452183,false,true,timeout
585,3510,1.4308792636843297,1.1034891153896098,-1.6510130390832434,0.24599469862503429,-0.0853792636843298,0.0802167122883462,0.24599469862503429,2,,false,0,0,1.8477000000000008,0.8775,-0.02,false,1,FAST_STRAIGHT,0.4099999964237213,0.4099999964237213,0.24520366931461296,-0.014579237334556634,-0.0032173604651756565,-0.01,0.0,0.0,0.0,0.0,0.0,0.21740707151488067,40.09990788603671,false,true,timeout
586,3516,1.4269368759749974,1.1525303198508174,-1.6510131763325142,0.24599822315309905,-0.08143687597499749,0.08021684953761793,0.24599822315309905,2,,false,0,0,1.8477000000000008,0.8775,-0.02,false,1,FAST_STRAIGHT,0.4099999964237213,0.4099999964237213,0.24520717980361814,-0.013263929537134247,-0.003217371474870417,-0.01,0.0,0.0,0.0,0.0,0.0,0.21872587879161345,40.31863376482833,false,true,timeout
587,3522,1.422994452723437,1.2015719134103229,-1.651013211560294,0.24599940351041064,-0.0787282362562343,-0.0020494567075869715,0.24599940351041064,2,,false,0,0,1.8477000000000008,0.8775,-0.02,false,1,FAST_STRAIGHT,0.4099999964237213,0.4099999964237213,0.24599888687829025,-0.012396270368034892,-2.1001363981366147e-6,-0.01,0.0,0.0,0.0,0.0,0.0,0.2236005163738572,40.542234281202184,false,true,timeout
588,3528,1.4190520185840523,1.250613637359672,-1.651013211560294,0.24599979880968478,-0.08240692263830243,-0.15505334552735725,0.24599979880968478,2,,false,0,0,1.8477000000000008,0.8775,-0.02,false,1,FAST_STRAIGHT,0.4099999964237213,0.4099999964237213,0.24304861151793816,-0.013581801797430324,-0.012020769979613018,-0.01,0.0,0.0,0.0,0.0,0.0,0.20744603974089482,40.74968032094308,false,true,timeout
589,3534,1.415248725558523,1.297392515290172,-1.6583232139683954,0.20199974147665525,-0.09355426607370602,-0.3220882108147008,0.20199974147665525,2,,false,0,0,1.8477000000000008,0.8775,-0.02,false,1,SLOW_RIGHT,0.24650000035762787,0.09350000321865082,0.1916122012335547,-0.017504801401179566,-0.05187040777290757,-0.01,0.0,0.0,0.0,0.0,0.0,0.11223699205946756,40.86191731300254,false,true,timeout
590,3540,1.4117164541069798,1.3286738165826584,-1.7192675736253842,0.1354888160412655,-0.10456882026013581,-0.3809496135539554,0.1354888160412655,2,,false,0,0,1.8477000000000008,0.8775,-0.02,false,1,SLOW_RIGHT,0.24650000035762787,0.09350000321865082,0.1257758918736673,-0.021869276341193178,-0.07256130403345398,-0.01,0.0,0.0,0.0,0.0,0.0,0.021345311499020143,40.88326262450156,false,true,timeout
591,3546,1.4071251746641142,1.3523363065073744,-1.8112172827596213,0.11321436744138684,-0.11362336071662066,-0.38616959911709264,0.11321436744138684,2,,false,0,0,1.8477000000000008,0.8775,-0.02,false,1,SLOW_RIGHT,0.24650000035762787,0.09350000321865082,0.1048770967216946,-0.02582053620107859,-0.07456347964112801,-0.01,0.0,0.0,0.0,0.0,0.0,-0.005506919120512007,40.87775570538105,false,true,timeout
592,3552,1.4009022676867886,1.3730552287730324,-1.9163055949033445,0.10575466938792596,-0.12149805629661119,-0.3580409054859238,0.10575466938792596,2,,false,0,0,1.8477000000000008,0.8775,-0.02,false,1,SLOW_RIGHT,0.24650000035762787,0.09350000321865082,0.09904825455698638,-0.029523555367709002,-0.06409664500059012,-0.01,0.0,0.0,0.0,0.0,0.0,-0.004571945811312752,40.873183759569734,false,true,timeout
593,3558,1.3927931671260692,1.3922156297339932,-2.02696142658648,0.10325641336159387,-0.12852254570452987,-0.32532683347389835,0.10325641336159387,2,,false,0,0,1.8477000000000008,0.8775,-0.02,false,1,SLOW_RIGHT,0.24650000035762787,0.09350000321865082,0.09784023398119078,-0.03303608950874594,-0.05291877428907679,-0.01,0.0,0.0,0.0,0.0,0.0,0.001885370183368049,40.8750691297531,false,true,timeout
594,3564,1.3827270956997684,1.4101067931542854,-2.1399765101474095,0.1024197437632388,-0.13478046172722194,-0.2903009025939691,0.1024197437632388,0,,false,0,0,1.8477000000000008,0.8775,-0.02,false,1,SLOW_RIGHT,0.24650000035762787,0.09350000321865082,0.09813427516928687,-0.036331545726806275,-0.04213730702343658,-0.01,0.0,0.0,0.0,0.0,0.0,0.009665422419044016,40.88473455217215,false,true,timeout
595,3570,1.3707518064879427,1.4266659941342856,-2.2539913332482695,0.10213954098693918,-0.14026225577807713,-0.2533844887426549,0.10213954098693918,0,,false,0,0,1.8477000000000008,0.8775,-0.02,false,1,SLOW_RIGHT,0.24650000035762787,0.09350000321865082,0.09887817826169859,-0.03934700079190946,-0.0321018495676883,-0.01,0.0,0.0,0.0,0.0,0.0,0.017429327902100826,40.90216388007425,false,true,timeout
596,3576,1.3569874953823515,1.4417287746914877,-2.3684297987576,0.1020457000111733,-0.14493212161169527,-0.20684720221480335,0.1020457000111733,0,,false,0,0,1.8477000000000008,0.8775,-0.02,false,1,SLOW_RIGHT,0.24650000035762787,0.09350000321865082,0.09987042087346319,-0.04201063974973446,-0.021392882532045875,-0.01,0.0,0.0,0.0,0.0,0.0,0.026466898591682858,40.928630778665934,false,true,timeout
597,3582,1.3415996492158808,1.4551128049698965,-2.483047783914885,0.1020142721653062,-0.14874483510672196,-0.16532008966885808,0.1020142721653062,0,,false,0,0,1.8477000000000008,0.8775,-0.02,false,1,SLOW_RIGHT,0.24650000035762787,0.09350000321865082,0.10062338196742987,-0.04425005194185181,-0.013665366024059638,-0.01,0.0,0.0,0.0,0.0,0.0,0.03270796400151842,40.96133874266745,false,true,timeout
598,3588,1.3247844402232685,1.4666464181273464,-2.5977418410219033,0.10200374674972644,-0.1516435518273519,-0.12064357117465282,0.10200374674972644,0,,false,0,0,1.8477000000000008,0.8775,-0.02,false,1,SLOW_RIGHT,0.24650000035762787,0.09350000321865082,0.10126232098298091,-0.04599153362162952,-0.007277435632886761,-0.01,0.0,0.0,0.0,0.0,0.0,0.037993351728464624,40.99933209439592,false,true,timeout
599,3594,1.3067606272146033,1.4761789859677577,-2.712468133829036,0.10200022168497039,-0.15357132985421634,-0.07241206475493416,0.10200022168497039,0,,false,0,0,1.8477000000000008,0.8775,-0.02,false,1,SLOW_RIGHT,0.24650000035762787,0.09350000321865082,0.10173291907143299,-0.04716830670638504,-0.0026217535610363885,-0.01,0.0,0.0,0.0,0.0,0.0,0.04194285880401156,41.04127495319993,false,true,timeout
600,3600,1.2877643686269116,1.4835853220596775,-2.8272080866036804,0.10199904109522959,-0.1544670209581659,-0.020361881241769405,0.10199904109522959,0,,false,0,0,1.8477000000000008,0.8775,-0.02,false,1,SLOW_RIGHT,0.24650000035762787,0.09350000321865082,0.10197789710797146,-0.04772012112738092,-0.0002073031038519604,-0.01,0.0,0.0,0.0,0.0,0.0,0.04405047287673858,41.08532542607667,false,true,timeout
